Mouse and Keyboard; 2024-10-17 12:30:27.815 ;
timestamp; status;interrupt;MovementLR; ; ;MovementFB; ; ;PlayerOrientation; ; ;
msec; Game Status; code;x; y; ;x; y; ;x; y; ;
349.4635 ;0 ;5 ;0 ;0 ;0 ;0 ;0 ;0 ;0 ;0 ;0 ;
349.46 ;0 ; ;0 ;0 ;0 ;0 ;0 ;0 ;0 ;0 ;0 ;
349.48 ;0 ; ;0 ;0 ;0 ;0 ;0 ;0 ;0 ;0 ;0 ;
349.5 ;0 ; ;0 ;0 ;0 ;0 ;0 ;0 ;0 ;0 ;0 ;
349.52 ;0 ; ;0 ;0 ;0 ;0 ;0 ;0 ;0 ;0 ;0 ;
349.54 ;0 ; ;0 ;0 ;0 ;0 ;0 ;0 ;0 ;0 ;0 ;
349.56 ;0 ; ;0 ;0 ;0 ;0 ;0 ;0 ;0 ;0 ;0 ;
349.58 ;0 ; ;0 ;0 ;0 ;0 ;0 ;0 ;0 ;0 ;0 ;
349.6 ;0 ; ;0 ;0 ;0 ;0 ;0 ;0 ;0 ;0 ;0 ;
349.62 ;0 ; ;0 ;0 ;0 ;0 ;0 ;0 ;0 ;0 ;0 ;
349.64 ;0 ; ;0 ;0 ;0 ;0 ;0 ;0 ;0 ;0 ;0 ;
349.66 ;0 ; ;0 ;0 ;0 ;0 ;0 ;0 ;0 ;0 ;0 ;
349.68 ;0 ; ;0 ;0 ;0 ;0 ;0 ;0 ;0 ;0 ;0 ;
349.7 ;0 ; ;0 ;0 ;0 ;0 ;0 ;0 ;0 ;0 ;0 ;
349.72 ;0 ; ;0 ;0 ;0 ;0 ;0 ;0 ;0 ;0 ;0 ;
349.74 ;0 ; ;0 ;0 ;0 ;0 ;0 ;0 ;0 ;0 ;0 ;
349.76 ;0 ; ;0 ;0 ;0 ;0 ;0 ;0 ;0 ;0 ;0 ;
349.78 ;0 ; ;0 ;0 ;0 ;0 ;0 ;0 ;0 ;0 ;0 ;
349.8 ;0 ; ;0 ;0 ;0 ;0 ;0 ;0 ;0 ;0 ;0 ;
349.82 ;0 ; ;0 ;0 ;0 ;0 ;0 ;0 ;0 ;0 ;0 ;
349.84 ;0 ; ;0 ;0 ;0 ;0 ;0 ;0 ;0 ;0 ;0 ;
349.86 ;0 ; ;0 ;0 ;0 ;0 ;0 ;0 ;0 ;0 ;0 ;
349.88 ;0 ; ;0 ;0 ;0 ;0 ;0 ;0 ;0 ;0 ;0 ;
349.9 ;0 ; ;0 ;0 ;0 ;0 ;0 ;0 ;0 ;0 ;0 ;
349.92 ;0 ; ;0 ;0 ;0 ;0 ;0 ;0 ;0 ;0 ;0 ;
349.94 ;0 ; ;0 ;0 ;0 ;0 ;0 ;0 ;0 ;0 ;0 ;
349.96 ;0 ; ;0 ;0 ;0 ;0 ;0 ;0 ;0 ;0 ;0 ;
349.98 ;0 ; ;0 ;0 ;0 ;0 ;0 ;0 ;0 ;0 ;0 ;
350 ;0 ; ;0 ;0 ;0 ;0 ;0 ;0 ;0 ;0 ;0 ;
350.02 ;0 ; ;0 ;0 ;0 ;0 ;0 ;0 ;0 ;0 ;0 ;
350.04 ;0 ; ;0 ;0 ;0 ;0 ;0 ;0 ;0 ;0 ;0 ;
350.06 ;0 ; ;0 ;0 ;0 ;0 ;0 ;0 ;0 ;0 ;0 ;
350.08 ;0 ; ;0 ;0 ;0 ;0 ;0 ;0 ;0 ;0 ;0 ;
350.1 ;0 ; ;0 ;0 ;0 ;0 ;0 ;0 ;0 ;0 ;0 ;
350.12 ;0 ; ;0 ;0 ;0 ;0 ;0 ;0 ;0 ;0 ;0 ;
350.14 ;0 ; ;0 ;0 ;0 ;0 ;0 ;0 ;0 ;0 ;0 ;
350.16 ;0 ; ;0 ;0 ;0 ;0 ;0 ;0 ;0 ;0 ;0 ;
350.18 ;0 ; ;0 ;0 ;0 ;0 ;0 ;0 ;0 ;0 ;0 ;
350.2 ;0 ; ;0 ;0 ;0 ;0 ;0 ;0 ;0 ;0 ;0 ;
350.22 ;0 ; ;0 ;0 ;0 ;0 ;0 ;0 ;0 ;0 ;0 ;
350.24 ;0 ; ;0 ;0 ;0 ;0 ;0 ;0 ;0 ;0 ;0 ;
350.26 ;0 ; ;0 ;0 ;0 ;0 ;0 ;0 ;0 ;0 ;0 ;
350.28 ;0 ; ;0 ;0 ;0 ;0 ;0 ;0 ;0 ;0 ;0 ;
350.3 ;0 ; ;0 ;0 ;0 ;0 ;0 ;0 ;0 ;0 ;0 ;
350.32 ;0 ; ;0 ;0 ;0 ;0 ;0 ;0 ;0 ;0 ;0 ;
350.34 ;0 ; ;0 ;0 ;0 ;0 ;0 ;0 ;0 ;0 ;0 ;
350.36 ;0 ; ;0 ;0 ;0 ;0 ;0 ;0 ;0 ;0 ;0 ;
350.38 ;0 ; ;0 ;0 ;0 ;0 ;0 ;0 ;0 ;0 ;0 ;
350.4 ;0 ; ;0 ;0 ;0 ;0 ;0 ;0 ;0 ;0 ;0 ;
350.42 ;0 ; ;0 ;0 ;0 ;0 ;0 ;0 ;0 ;0 ;0 ;
350.44 ;0 ; ;0 ;0 ;0 ;0 ;0 ;0 ;0 ;0 ;0 ;
350.46 ;0 ; ;0 ;0 ;0 ;0 ;0 ;0 ;0 ;0 ;0 ;
350.48 ;0 ; ;0 ;0 ;0 ;0 ;0 ;0 ;0 ;0 ;0 ;
350.5 ;0 ; ;0 ;0 ;0 ;0 ;0 ;0 ;0 ;0 ;0 ;
350.52 ;0 ; ;0 ;0 ;0 ;0 ;0 ;0 ;0 ;0 ;0 ;
350.54 ;0 ; ;0 ;0 ;0 ;0 ;0 ;0 ;0 ;0 ;0 ;
350.56 ;0 ; ;0 ;0 ;0 ;0 ;0 ;0 ;0 ;0 ;0 ;
350.58 ;0 ; ;0 ;0 ;0 ;0 ;0 ;0 ;0 ;0 ;0 ;
350.6 ;0 ; ;0 ;0 ;0 ;0 ;0 ;0 ;0 ;0 ;0 ;
350.62 ;0 ; ;0 ;0 ;0 ;0 ;0 ;0 ;0 ;0 ;0 ;
350.64 ;0 ; ;0 ;0 ;0 ;0 ;0 ;0 ;0 ;0 ;0 ;
350.66 ;0 ; ;0 ;0 ;0 ;0 ;0 ;0 ;0 ;0 ;0 ;
350.68 ;0 ; ;0 ;0 ;0 ;0 ;0 ;0 ;0 ;0 ;0 ;
350.7 ;0 ; ;0 ;0 ;0 ;0 ;0 ;0 ;0 ;0 ;0 ;
350.72 ;0 ; ;0 ;0 ;0 ;0 ;0 ;0 ;0 ;0 ;0 ;
350.74 ;0 ; ;0 ;0 ;0 ;0 ;0 ;0 ;0 ;0 ;0 ;
350.76 ;0 ; ;0 ;0 ;0 ;0 ;0 ;0 ;0 ;0 ;0 ;
350.78 ;0 ; ;0 ;0 ;0 ;0 ;0 ;0 ;0 ;0 ;0 ;
350.8 ;0 ; ;0 ;0 ;0 ;0 ;0 ;0 ;0 ;0 ;0 ;
350.82 ;0 ; ;0 ;0 ;0 ;0 ;0 ;0 ;0 ;0 ;0 ;
350.84 ;0 ; ;0 ;0 ;0 ;0 ;0 ;0 ;0 ;0 ;0 ;
350.86 ;0 ; ;0 ;0 ;0 ;0 ;0 ;0 ;0 ;0 ;0 ;
350.88 ;0 ; ;0 ;0 ;0 ;0 ;0 ;0 ;0 ;0 ;0 ;
350.9 ;0 ; ;0 ;0 ;0 ;0 ;0 ;0 ;0 ;0 ;0 ;
350.92 ;0 ; ;0 ;0 ;0 ;0 ;0 ;0 ;0 ;0 ;0 ;
350.94 ;0 ; ;0 ;0 ;0 ;0 ;0 ;0 ;0 ;0 ;0 ;
350.96 ;0 ; ;0 ;0 ;0 ;0 ;0 ;0 ;0 ;0 ;0 ;
350.98 ;0 ; ;0 ;0 ;0 ;0 ;0 ;0 ;0 ;0 ;0 ;
351 ;0 ; ;0 ;0 ;0 ;0 ;0 ;0 ;0 ;0 ;0 ;
351.02 ;0 ; ;0 ;0 ;0 ;0 ;0 ;0 ;0 ;0 ;0 ;
351.04 ;0 ; ;0 ;0 ;0 ;0 ;0 ;0 ;0 ;0 ;0 ;
351.06 ;0 ; ;0 ;0 ;0 ;0 ;0 ;0 ;0 ;0 ;0 ;
351.08 ;0 ; ;0 ;0 ;0 ;0 ;0 ;0 ;0 ;0 ;0 ;
351.1 ;0 ; ;0 ;0 ;0 ;0 ;0 ;0 ;0 ;0 ;0 ;
351.12 ;0 ; ;0 ;0 ;0 ;0 ;0 ;0 ;0 ;0 ;0 ;
351.14 ;0 ; ;0 ;0 ;0 ;0 ;0 ;0 ;0 ;0 ;0 ;
351.16 ;0 ; ;0 ;0 ;0 ;0 ;0 ;0 ;0 ;0 ;0 ;
351.18 ;0 ; ;0 ;0 ;0 ;0 ;0 ;0 ;0 ;0 ;0 ;
351.2 ;0 ; ;0 ;0 ;0 ;0 ;0 ;0 ;0 ;0 ;0 ;
351.22 ;0 ; ;0 ;0 ;0 ;0 ;0 ;0 ;0 ;0 ;0 ;
351.24 ;0 ; ;0 ;0 ;0 ;0 ;0 ;0 ;0 ;0 ;0 ;
351.26 ;0 ; ;0 ;0 ;0 ;0 ;0 ;0 ;0 ;0 ;0 ;
351.28 ;0 ; ;0 ;0 ;0 ;0 ;0 ;0 ;0 ;0 ;0 ;
351.3 ;0 ; ;0 ;0 ;0 ;0 ;0 ;0 ;0 ;0 ;0 ;
351.32 ;0 ; ;0 ;0 ;0 ;0 ;0 ;0 ;0 ;0 ;0 ;
351.34 ;0 ; ;0 ;0 ;0 ;0 ;0 ;0 ;0 ;0 ;0 ;
351.36 ;0 ; ;0 ;0 ;0 ;0 ;0 ;0 ;0 ;0 ;0 ;
351.38 ;0 ; ;0 ;0 ;0 ;0 ;0 ;0 ;0 ;0 ;0 ;
351.4 ;0 ; ;0 ;0 ;0 ;0 ;0 ;0 ;0 ;0 ;0 ;
351.42 ;0 ; ;0 ;0 ;0 ;0 ;0 ;0 ;0 ;0 ;0 ;
351.44 ;0 ; ;0 ;0 ;0 ;0 ;0 ;0 ;0 ;0 ;0 ;
351.46 ;0 ; ;0 ;0 ;0 ;0 ;0 ;0 ;0 ;0 ;0 ;
351.48 ;0 ; ;0 ;0 ;0 ;0 ;0 ;0 ;0 ;0 ;0 ;
351.5 ;0 ; ;0 ;0 ;0 ;0 ;0 ;0 ;0 ;0 ;0 ;
351.52 ;0 ; ;0 ;0 ;0 ;0 ;0 ;0 ;0 ;0 ;0 ;
351.54 ;0 ; ;0 ;0 ;0 ;0 ;0 ;0 ;0 ;0 ;0 ;
351.56 ;0 ; ;0 ;0 ;0 ;0 ;0 ;0 ;0 ;0 ;0 ;
351.58 ;0 ; ;0 ;0 ;0 ;0 ;0 ;0 ;0 ;0 ;0 ;
351.6 ;0 ; ;0 ;0 ;0 ;0 ;0 ;0 ;0 ;0 ;0 ;
351.62 ;0 ; ;0 ;0 ;0 ;0 ;0 ;0 ;0 ;0 ;0 ;
351.64 ;0 ; ;0 ;0 ;0 ;0 ;0 ;0 ;0 ;0 ;0 ;
351.66 ;0 ; ;0 ;0 ;0 ;0 ;0 ;0 ;0 ;0 ;0 ;
351.68 ;0 ; ;0 ;0 ;0 ;0 ;0 ;0 ;0 ;0 ;0 ;
351.7 ;0 ; ;0 ;0 ;0 ;0 ;0 ;0 ;0 ;0 ;0 ;
351.72 ;0 ; ;0 ;0 ;0 ;0 ;0 ;0 ;0 ;0 ;0 ;
351.74 ;0 ; ;0 ;0 ;0 ;0 ;0 ;0 ;0 ;0 ;0 ;
351.76 ;0 ; ;0 ;0 ;0 ;0 ;0 ;0 ;0 ;0 ;0 ;
351.78 ;0 ; ;0 ;0 ;0 ;0 ;0 ;0 ;0 ;0 ;0 ;
351.8 ;0 ; ;0 ;0 ;0 ;0 ;0 ;0 ;0 ;0 ;0 ;
351.82 ;0 ; ;0 ;0 ;0 ;0 ;0 ;0 ;0 ;0 ;0 ;
351.84 ;0 ; ;0 ;0 ;0 ;0 ;0 ;0 ;0 ;0 ;0 ;
351.86 ;0 ; ;0 ;0 ;0 ;0 ;0 ;0 ;0 ;0 ;0 ;
351.88 ;0 ; ;0 ;0 ;0 ;0 ;0 ;0 ;0 ;0 ;0 ;
351.9 ;0 ; ;0 ;0 ;0 ;0 ;0 ;0 ;0 ;0 ;0 ;
351.92 ;0 ; ;0 ;0 ;0 ;0 ;0 ;0 ;0 ;0 ;0 ;
351.94 ;0 ; ;0 ;0 ;0 ;0 ;0 ;0 ;0 ;0 ;0 ;
351.96 ;0 ; ;0 ;0 ;0 ;0 ;0 ;0 ;0 ;0 ;0 ;
351.98 ;0 ; ;0 ;0 ;0 ;0 ;0 ;0 ;0 ;0 ;0 ;
352 ;0 ; ;0 ;0 ;0 ;0 ;0 ;0 ;0 ;0 ;0 ;
352.02 ;0 ; ;0 ;0 ;0 ;0 ;0 ;0 ;0 ;0 ;0 ;
352.04 ;0 ; ;0 ;0 ;0 ;0 ;0 ;0 ;0 ;0 ;0 ;
352.06 ;0 ; ;0 ;0 ;0 ;0 ;0 ;0 ;0 ;0 ;0 ;
352.08 ;0 ; ;0 ;0 ;0 ;0 ;0 ;0 ;0 ;0 ;0 ;
352.1 ;0 ; ;0 ;0 ;0 ;0 ;0 ;0 ;0 ;0 ;0 ;
352.12 ;0 ; ;0 ;0 ;0 ;0 ;0 ;0 ;0 ;0 ;0 ;
352.14 ;0 ; ;0 ;0 ;0 ;0 ;0 ;0 ;0 ;0 ;0 ;
352.16 ;0 ; ;0 ;0 ;0 ;0 ;0 ;0 ;0 ;0 ;0 ;
352.18 ;0 ; ;0 ;0 ;0 ;0 ;0 ;0 ;0 ;0 ;0 ;
352.2 ;0 ; ;0 ;0 ;0 ;0 ;0 ;0 ;0 ;0 ;0 ;
352.22 ;0 ; ;0 ;0 ;0 ;0 ;0 ;0 ;0 ;0 ;0 ;
352.24 ;0 ; ;0 ;0 ;0 ;0 ;0 ;0 ;0 ;0 ;0 ;
352.26 ;0 ; ;0 ;0 ;0 ;0 ;0 ;0 ;0 ;0 ;0 ;
352.28 ;0 ; ;0 ;0 ;0 ;0 ;0 ;0 ;0 ;0 ;0 ;
352.3 ;0 ; ;0 ;0 ;0 ;0 ;0 ;0 ;0 ;0 ;0 ;
352.32 ;0 ; ;0 ;0 ;0 ;0 ;0 ;0 ;0 ;0 ;0 ;
352.34 ;0 ; ;0 ;0 ;0 ;0 ;0 ;0 ;0 ;0 ;0 ;
352.36 ;0 ; ;0 ;0 ;0 ;0 ;0 ;0 ;0 ;0 ;0 ;
352.38 ;0 ; ;0 ;0 ;0 ;0 ;0 ;0 ;0 ;0 ;0 ;
352.4 ;0 ; ;0 ;0 ;0 ;0 ;0 ;0 ;0 ;0 ;0 ;
352.42 ;0 ; ;0 ;0 ;0 ;0 ;0 ;0 ;0 ;0 ;0 ;
352.44 ;0 ; ;0 ;0 ;0 ;0 ;0 ;0 ;0 ;0 ;0 ;
352.46 ;0 ; ;0 ;0 ;0 ;0 ;0 ;0 ;0 ;0 ;0 ;
352.48 ;0 ; ;0 ;0 ;0 ;0 ;0 ;0 ;0 ;0 ;0 ;
352.5 ;0 ; ;0 ;0 ;0 ;0 ;0 ;0 ;0 ;0 ;0 ;
352.52 ;0 ; ;0 ;0 ;0 ;0 ;0 ;0 ;0 ;0 ;0 ;
352.54 ;0 ; ;0 ;0 ;0 ;0 ;0 ;0 ;0 ;0 ;0 ;
352.56 ;0 ; ;0 ;0 ;0 ;0 ;0 ;0 ;0 ;0 ;0 ;
352.58 ;0 ; ;0 ;0 ;0 ;0 ;0 ;0 ;0 ;0 ;0 ;
352.6 ;0 ; ;0 ;0 ;0 ;0 ;0 ;0 ;0 ;0 ;0 ;
352.62 ;0 ; ;0 ;0 ;0 ;0 ;0 ;0 ;0 ;0 ;0 ;
352.64 ;0 ; ;0 ;0 ;0 ;0 ;0 ;0 ;0 ;0 ;0 ;
352.66 ;0 ; ;0 ;0 ;0 ;0 ;0 ;0 ;0 ;0 ;0 ;
352.68 ;0 ; ;0 ;0 ;0 ;0 ;0 ;0 ;0 ;0 ;0 ;
352.7 ;0 ; ;0 ;0 ;0 ;0 ;0 ;0 ;0 ;0 ;0 ;
352.72 ;0 ; ;0 ;0 ;0 ;0 ;0 ;0 ;0 ;0 ;0 ;
352.74 ;0 ; ;0 ;0 ;0 ;0 ;0 ;0 ;0 ;0 ;0 ;
352.76 ;0 ; ;0 ;0 ;0 ;0 ;0 ;0 ;0 ;0 ;0 ;
352.78 ;0 ; ;0 ;0 ;0 ;0 ;0 ;0 ;0 ;0 ;0 ;
352.8 ;0 ; ;0 ;0 ;0 ;0 ;0 ;0 ;0 ;0 ;0 ;
352.82 ;0 ; ;0 ;0 ;0 ;0 ;0 ;0 ;0 ;0 ;0 ;
352.84 ;0 ; ;0 ;0 ;0 ;0 ;0 ;0 ;0 ;0 ;0 ;
352.86 ;0 ; ;0 ;0 ;0 ;0 ;0 ;0 ;0 ;0 ;0 ;
352.88 ;0 ; ;0 ;0 ;0 ;0 ;0 ;0 ;0 ;0 ;0 ;
352.9 ;0 ; ;0 ;0 ;0 ;0 ;0 ;0 ;0 ;0 ;0 ;
352.92 ;0 ; ;0 ;0 ;0 ;0 ;0 ;0 ;0 ;0 ;0 ;
352.94 ;0 ; ;0 ;0 ;0 ;0 ;0 ;0 ;0 ;0 ;0 ;
352.96 ;0 ; ;0 ;0 ;0 ;0 ;0 ;0 ;0 ;0 ;0 ;
352.98 ;0 ; ;0 ;0 ;0 ;0 ;0 ;0 ;0 ;0 ;0 ;
353 ;0 ; ;0 ;0 ;0 ;0 ;0 ;0 ;0 ;0 ;0 ;
353.02 ;0 ; ;0 ;0 ;0 ;0 ;0 ;0 ;0 ;0 ;0 ;
353.04 ;0 ; ;0 ;0 ;0 ;0 ;0 ;0 ;0 ;0 ;0 ;
353.06 ;0 ; ;0 ;0 ;0 ;0 ;0 ;0 ;0 ;0 ;0 ;
353.08 ;0 ; ;0 ;0 ;0 ;0 ;0 ;0 ;0 ;0 ;0 ;
353.1 ;0 ; ;0 ;0 ;0 ;0 ;0 ;0 ;0 ;0 ;0 ;
353.12 ;0 ; ;0 ;0 ;0 ;0 ;0 ;0 ;0 ;0 ;0 ;
353.14 ;0 ; ;0 ;0 ;0 ;0 ;0 ;0 ;0 ;0 ;0 ;
353.16 ;0 ; ;0 ;0 ;0 ;0 ;0 ;0 ;0 ;0 ;0 ;
353.18 ;0 ; ;0 ;0 ;0 ;0 ;0 ;0 ;0 ;0 ;0 ;
353.2 ;0 ; ;0 ;0 ;0 ;0 ;0 ;0 ;0 ;0 ;0 ;
353.22 ;0 ; ;0 ;0 ;0 ;0 ;0 ;0 ;0 ;0 ;0 ;
353.24 ;0 ; ;0 ;0 ;0 ;0 ;0 ;0 ;0 ;0 ;0 ;
353.26 ;0 ; ;0 ;0 ;0 ;0 ;0 ;0 ;0 ;0 ;0 ;
353.28 ;0 ; ;0 ;0 ;0 ;0 ;0 ;0 ;0 ;0 ;0 ;
353.3 ;0 ; ;0 ;0 ;0 ;0 ;0 ;0 ;0 ;0 ;0 ;
353.32 ;0 ; ;0 ;0 ;0 ;0 ;0 ;0 ;0 ;0 ;0 ;
353.34 ;0 ; ;0 ;0 ;0 ;0 ;0 ;0 ;0 ;0 ;0 ;
353.36 ;0 ; ;0 ;0 ;0 ;0 ;0 ;0 ;0 ;0 ;0 ;
353.38 ;0 ; ;0 ;0 ;0 ;0 ;0 ;0 ;0 ;0 ;0 ;
353.4 ;0 ; ;0 ;0 ;0 ;0 ;0 ;0 ;0 ;0 ;0 ;
353.42 ;0 ; ;0 ;0 ;0 ;0 ;0 ;0 ;0 ;0 ;0 ;
353.44 ;0 ; ;0 ;0 ;0 ;0 ;0 ;0 ;0 ;0 ;0 ;
353.46 ;0 ; ;0 ;0 ;0 ;0 ;0 ;0 ;0 ;0 ;0 ;
353.48 ;0 ; ;0 ;0 ;0 ;0 ;0 ;0 ;0 ;0 ;0 ;
353.5 ;0 ; ;0 ;0 ;0 ;0 ;0 ;0 ;0 ;0 ;0 ;
353.52 ;0 ; ;0 ;0 ;0 ;0 ;0 ;0 ;0 ;0 ;0 ;
353.54 ;0 ; ;0 ;0 ;0 ;0 ;0 ;0 ;0 ;0 ;0 ;
353.56 ;0 ; ;0 ;0 ;0 ;0 ;0 ;0 ;0 ;0 ;0 ;
353.58 ;0 ; ;0 ;0 ;0 ;0 ;0 ;0 ;0 ;0 ;0 ;
353.6 ;0 ; ;0 ;0 ;0 ;0 ;0 ;0 ;0 ;0 ;0 ;
353.62 ;0 ; ;0 ;0 ;0 ;0 ;0 ;0 ;0 ;0 ;0 ;
353.64 ;0 ; ;0 ;0 ;0 ;0 ;0 ;0 ;0 ;0 ;0 ;
353.66 ;0 ; ;0 ;0 ;0 ;0 ;0 ;0 ;0 ;0 ;0 ;
353.68 ;0 ; ;0 ;0 ;0 ;0 ;0 ;0 ;0 ;0 ;0 ;
353.7 ;0 ; ;0 ;0 ;0 ;0 ;0 ;0 ;0 ;0 ;0 ;
353.72 ;0 ; ;0 ;0 ;0 ;0 ;0 ;0 ;0 ;0 ;0 ;
353.74 ;0 ; ;0 ;0 ;0 ;0 ;0 ;0 ;0 ;0 ;0 ;
353.76 ;0 ; ;0 ;0 ;0 ;0 ;0 ;0 ;0 ;0 ;0 ;
353.78 ;0 ; ;0 ;0 ;0 ;0 ;0 ;0 ;0 ;0 ;0 ;
353.8 ;0 ; ;0 ;0 ;0 ;0 ;0 ;0 ;0 ;0 ;0 ;
353.82 ;0 ; ;0 ;0 ;0 ;0 ;0 ;0 ;0 ;0 ;0 ;
353.84 ;0 ; ;0 ;0 ;0 ;0 ;0 ;0 ;0 ;0 ;0 ;
353.86 ;0 ; ;0 ;0 ;0 ;0 ;0 ;0 ;0 ;0 ;0 ;
353.88 ;0 ; ;0 ;0 ;0 ;0 ;0 ;0 ;0 ;0 ;0 ;
353.9 ;0 ; ;0 ;0 ;0 ;0 ;0 ;0 ;0 ;0 ;0 ;
353.92 ;0 ; ;0 ;0 ;0 ;0 ;0 ;0 ;0 ;0 ;0 ;
353.94 ;0 ; ;0 ;0 ;0 ;0 ;0 ;0 ;0 ;0 ;0 ;
353.96 ;0 ; ;0 ;0 ;0 ;0 ;0 ;0 ;0 ;0 ;0 ;
353.98 ;0 ; ;0 ;0 ;0 ;0 ;0 ;0 ;0 ;0 ;0 ;
354 ;0 ; ;0 ;0 ;0 ;0 ;0 ;0 ;0 ;0 ;0 ;
354.02 ;0 ; ;0 ;0 ;0 ;0 ;0 ;0 ;0 ;0 ;0 ;
354.04 ;0 ; ;0 ;0 ;0 ;0 ;0 ;0 ;0 ;0 ;0 ;
354.06 ;0 ; ;0 ;0 ;0 ;0 ;0 ;0 ;0 ;0 ;0 ;
354.08 ;0 ; ;0 ;0 ;0 ;0 ;0 ;0 ;0 ;0 ;0 ;
354.1 ;0 ; ;0 ;0 ;0 ;0 ;0 ;0 ;0 ;0 ;0 ;
354.12 ;0 ; ;0 ;0 ;0 ;0 ;0 ;0 ;0 ;0 ;0 ;
354.14 ;0 ; ;0 ;0 ;0 ;0 ;0 ;0 ;0 ;0 ;0 ;
354.16 ;0 ; ;0 ;0 ;0 ;0 ;0 ;0 ;0 ;0 ;0 ;
354.18 ;0 ; ;0 ;0 ;0 ;0 ;0 ;0 ;0 ;0 ;0 ;
354.2 ;0 ; ;0 ;0 ;0 ;0 ;0 ;0 ;0 ;0 ;0 ;
354.22 ;0 ; ;0 ;0 ;0 ;0 ;0 ;0 ;0 ;0 ;0 ;
354.24 ;0 ; ;0 ;0 ;0 ;0 ;0 ;0 ;0 ;0 ;0 ;
354.26 ;0 ; ;0 ;0 ;0 ;0 ;0 ;0 ;0 ;0 ;0 ;
354.28 ;0 ; ;0 ;0 ;0 ;0 ;0 ;0 ;0 ;0 ;0 ;
354.3 ;0 ; ;0 ;0 ;0 ;0 ;0 ;0 ;0 ;0 ;0 ;
354.32 ;0 ; ;0 ;0 ;0 ;0 ;0 ;0 ;0 ;0 ;0 ;
354.34 ;0 ; ;0 ;0 ;0 ;0 ;0 ;0 ;0 ;0 ;0 ;
354.36 ;0 ; ;0 ;0 ;0 ;0 ;0 ;0 ;0 ;0 ;0 ;
354.38 ;0 ; ;0 ;0 ;0 ;0 ;0 ;0 ;0 ;0 ;0 ;
354.4 ;0 ; ;0 ;0 ;0 ;0 ;0 ;0 ;0 ;0 ;0 ;
354.42 ;0 ; ;0 ;0 ;0 ;0 ;0 ;0 ;0 ;0 ;0 ;
354.44 ;0 ; ;0 ;0 ;0 ;0 ;0 ;0 ;0 ;0 ;0 ;
354.46 ;0 ; ;0 ;0 ;0 ;0 ;0 ;0 ;0 ;0 ;0 ;
354.48 ;0 ; ;0 ;0 ;0 ;0 ;0 ;0 ;0 ;0 ;0 ;
354.5 ;0 ; ;0 ;0 ;0 ;0 ;0 ;0 ;0 ;0 ;0 ;
354.52 ;0 ; ;0 ;0 ;0 ;0 ;0 ;0 ;0 ;0 ;0 ;
354.54 ;0 ; ;0 ;0 ;0 ;0 ;0 ;0 ;0 ;0 ;0 ;
354.56 ;0 ; ;0 ;0 ;0 ;0 ;0 ;0 ;0 ;0 ;0 ;
354.58 ;0 ; ;0 ;0 ;0 ;0 ;0 ;0 ;0 ;0 ;0 ;
354.6 ;0 ; ;0 ;0 ;0 ;0 ;0 ;0 ;0 ;0 ;0 ;
354.62 ;0 ; ;0 ;0 ;0 ;0 ;0 ;0 ;0 ;0 ;0 ;
354.64 ;0 ; ;0 ;0 ;0 ;0 ;0 ;0 ;0 ;0 ;0 ;
354.66 ;0 ; ;0 ;0 ;0 ;0 ;0 ;0 ;0 ;0 ;0 ;
354.68 ;0 ; ;0 ;0 ;0 ;0 ;0 ;0 ;0 ;0 ;0 ;
354.7 ;0 ; ;0 ;0 ;0 ;0 ;0 ;0 ;0 ;0 ;0 ;
354.72 ;0 ; ;0 ;0 ;0 ;0 ;0 ;0 ;0 ;0 ;0 ;
354.74 ;0 ; ;0 ;0 ;0 ;0 ;0 ;0 ;0 ;0 ;0 ;
354.76 ;0 ; ;0 ;0 ;0 ;0 ;0 ;0 ;0 ;0 ;0 ;
354.78 ;0 ; ;0 ;0 ;0 ;0 ;0 ;0 ;0 ;0 ;0 ;
354.8 ;0 ; ;0 ;0 ;0 ;0 ;0 ;0 ;0 ;0 ;0 ;
354.82 ;0 ; ;0 ;0 ;0 ;0 ;0 ;0 ;0 ;0 ;0 ;
354.84 ;0 ; ;0 ;0 ;0 ;0 ;0 ;0 ;0 ;0 ;0 ;
354.86 ;0 ; ;0 ;0 ;0 ;0 ;0 ;0 ;0 ;0 ;0 ;
354.88 ;0 ; ;0 ;0 ;0 ;0 ;0 ;0 ;0 ;0 ;0 ;
354.9 ;0 ; ;0 ;0 ;0 ;0 ;0 ;0 ;0 ;0 ;0 ;
354.92 ;0 ; ;0 ;0 ;0 ;0 ;0 ;0 ;0 ;0 ;0 ;
354.94 ;0 ; ;0 ;0 ;0 ;0 ;0 ;0 ;0 ;0 ;0 ;
354.96 ;0 ; ;0 ;0 ;0 ;0 ;0 ;0 ;0 ;0 ;0 ;
354.98 ;0 ; ;0 ;0 ;0 ;0 ;0 ;0 ;0 ;0 ;0 ;
355 ;0 ; ;0 ;0 ;0 ;0 ;0 ;0 ;0 ;0 ;0 ;
355.02 ;0 ; ;0 ;0 ;0 ;0 ;0 ;0 ;0 ;0 ;0 ;
355.04 ;0 ; ;0 ;0 ;0 ;0 ;0 ;0 ;0 ;0 ;0 ;
355.06 ;0 ; ;0 ;0 ;0 ;0 ;0 ;0 ;0 ;0 ;0 ;
355.08 ;0 ; ;0 ;0 ;0 ;0 ;0 ;0 ;0 ;0 ;0 ;
355.1 ;0 ; ;0 ;0 ;0 ;0 ;0 ;0 ;0 ;0 ;0 ;
355.12 ;0 ; ;0 ;0 ;0 ;0 ;0 ;0 ;0 ;0 ;0 ;
355.14 ;0 ; ;0 ;0 ;0 ;0 ;0 ;0 ;0 ;0 ;0 ;
355.16 ;0 ; ;0 ;0 ;0 ;0 ;0 ;0 ;0 ;0 ;0 ;
355.18 ;0 ; ;0 ;0 ;0 ;0 ;0 ;0 ;0 ;0 ;0 ;
355.2 ;0 ; ;0 ;0 ;0 ;0 ;0 ;0 ;0 ;0 ;0 ;
355.22 ;0 ; ;0 ;0 ;0 ;0 ;0 ;0 ;0 ;0 ;0 ;
355.24 ;0 ; ;0 ;0 ;0 ;0 ;0 ;0 ;0 ;0 ;0 ;
355.26 ;0 ; ;0 ;0 ;0 ;0 ;0 ;0 ;0 ;0 ;0 ;
355.28 ;0 ; ;0 ;0 ;0 ;0 ;0 ;0 ;0 ;0 ;0 ;
355.3 ;0 ; ;0 ;0 ;0 ;0 ;0 ;0 ;0 ;0 ;0 ;
355.32 ;0 ; ;0 ;0 ;0 ;0 ;0 ;0 ;0 ;0 ;0 ;
355.34 ;0 ; ;0 ;0 ;0 ;0 ;0 ;0 ;0 ;0 ;0 ;
355.36 ;0 ; ;0 ;0 ;0 ;0 ;0 ;0 ;0 ;0 ;0 ;
355.38 ;0 ; ;0 ;0 ;0 ;0 ;0 ;0 ;0 ;0 ;0 ;
355.4 ;0 ; ;0 ;0 ;0 ;0 ;0 ;0 ;0 ;0 ;0 ;
355.42 ;0 ; ;0 ;0 ;0 ;0 ;0 ;0 ;0 ;0 ;0 ;
355.44 ;0 ; ;0 ;0 ;0 ;0 ;0 ;0 ;0 ;0 ;0 ;
355.46 ;0 ; ;0 ;0 ;0 ;0 ;0 ;0 ;0 ;0 ;0 ;
355.48 ;0 ; ;0 ;0 ;0 ;0 ;0 ;0 ;0 ;0 ;0 ;
355.5 ;0 ; ;0 ;0 ;0 ;0 ;0 ;0 ;0 ;0 ;0 ;
355.52 ;0 ; ;0 ;0 ;0 ;0 ;0 ;0 ;0 ;0 ;0 ;
355.54 ;0 ; ;0 ;0 ;0 ;0 ;0 ;0 ;0 ;0 ;0 ;
355.56 ;0 ; ;0 ;0 ;0 ;0 ;0 ;0 ;0 ;0 ;0 ;
355.58 ;0 ; ;0 ;0 ;0 ;0 ;0 ;0 ;0 ;0 ;0 ;
355.6 ;0 ; ;0 ;0 ;0 ;0 ;0 ;0 ;0 ;0 ;0 ;
355.62 ;0 ; ;0 ;0 ;0 ;0 ;0 ;0 ;0 ;0 ;0 ;
355.64 ;0 ; ;0 ;0 ;0 ;0 ;0 ;0 ;0 ;0 ;0 ;
355.66 ;0 ; ;0 ;0 ;0 ;0 ;0 ;0 ;0 ;0 ;0 ;
355.68 ;0 ; ;0 ;0 ;0 ;0 ;0 ;0 ;0 ;0 ;0 ;
355.7 ;0 ; ;0 ;0 ;0 ;0 ;0 ;0 ;0 ;0 ;0 ;
355.72 ;0 ; ;0 ;0 ;0 ;0 ;0 ;0 ;0 ;0 ;0 ;
355.74 ;0 ; ;0 ;0 ;0 ;0 ;0 ;0 ;0 ;0 ;0 ;
355.76 ;0 ; ;0 ;0 ;0 ;0 ;0 ;0 ;0 ;0 ;0 ;
355.78 ;0 ; ;0 ;0 ;0 ;0 ;0 ;0 ;0 ;0 ;0 ;
355.8 ;0 ; ;0 ;0 ;0 ;0 ;0 ;0 ;0 ;0 ;0 ;
355.82 ;0 ; ;0 ;0 ;0 ;0 ;0 ;0 ;0 ;0 ;0 ;
355.84 ;0 ; ;0 ;0 ;0 ;0 ;0 ;0 ;0 ;0 ;0 ;
355.86 ;0 ; ;0 ;0 ;0 ;0 ;0 ;0 ;0 ;0 ;0 ;
355.88 ;0 ; ;0 ;0 ;0 ;0 ;0 ;0 ;0 ;0 ;0 ;
355.9 ;0 ; ;0 ;0 ;0 ;0 ;0 ;0 ;0 ;0 ;0 ;
355.92 ;0 ; ;0 ;0 ;0 ;0 ;0 ;0 ;0 ;0 ;0 ;
355.94 ;0 ; ;0 ;0 ;0 ;0 ;0 ;0 ;0 ;0 ;0 ;
355.96 ;0 ; ;0 ;0 ;0 ;0 ;0 ;0 ;0 ;0 ;0 ;
355.98 ;0 ; ;0 ;0 ;0 ;0 ;0 ;0 ;0 ;0 ;0 ;
356 ;0 ; ;0 ;0 ;0 ;0 ;0 ;0 ;0 ;0 ;0 ;
356.02 ;0 ; ;0 ;0 ;0 ;0 ;0 ;0 ;0 ;0 ;0 ;
356.04 ;0 ; ;0 ;0 ;0 ;0 ;0 ;0 ;0 ;0 ;0 ;
356.06 ;0 ; ;0 ;0 ;0 ;0 ;0 ;0 ;0 ;0 ;0 ;
356.08 ;0 ; ;0 ;0 ;0 ;0 ;0 ;0 ;0 ;0 ;0 ;
356.1 ;0 ; ;0 ;0 ;0 ;0 ;0 ;0 ;0 ;0 ;0 ;
356.12 ;0 ; ;0 ;0 ;0 ;0 ;0 ;0 ;0 ;0 ;0 ;
356.14 ;0 ; ;0 ;0 ;0 ;0 ;0 ;0 ;0 ;0 ;0 ;
356.16 ;0 ; ;0 ;0 ;0 ;0 ;0 ;0 ;0 ;0 ;0 ;
356.18 ;0 ; ;0 ;0 ;0 ;0 ;0 ;0 ;0 ;0 ;0 ;
356.2 ;0 ; ;0 ;0 ;0 ;0 ;0 ;0 ;0 ;0 ;0 ;
356.22 ;0 ; ;0 ;0 ;0 ;0 ;0 ;0 ;0 ;0 ;0 ;
356.24 ;0 ; ;0 ;0 ;0 ;0 ;0 ;0 ;0 ;0 ;0 ;
356.26 ;0 ; ;0 ;0 ;0 ;0 ;0 ;0 ;0 ;0 ;0 ;
356.28 ;0 ; ;0 ;0 ;0 ;0 ;0 ;0 ;0 ;0 ;0 ;
356.3 ;0 ; ;0 ;0 ;0 ;0 ;0 ;0 ;0 ;0 ;0 ;
356.32 ;0 ; ;0 ;0 ;0 ;0 ;0 ;0 ;0 ;0 ;0 ;
356.34 ;0 ; ;0 ;0 ;0 ;0 ;0 ;0 ;0 ;0 ;0 ;
356.36 ;0 ; ;0 ;0 ;0 ;0 ;0 ;0 ;0 ;0 ;0 ;
356.38 ;0 ; ;0 ;0 ;0 ;0 ;0 ;0 ;0 ;0 ;0 ;
356.4 ;0 ; ;0 ;0 ;0 ;0 ;0 ;0 ;0 ;0 ;0 ;
356.42 ;0 ; ;0 ;0 ;0 ;0 ;0 ;0 ;0 ;0 ;0 ;
356.44 ;0 ; ;0 ;0 ;0 ;0 ;0 ;0 ;0 ;0 ;0 ;
356.46 ;0 ; ;0 ;0 ;0 ;0 ;0 ;0 ;0 ;0 ;0 ;
356.48 ;0 ; ;0 ;0 ;0 ;0 ;0 ;0 ;0 ;0 ;0 ;
356.5 ;0 ; ;0 ;0 ;0 ;0 ;0 ;0 ;0 ;0 ;0 ;
356.52 ;0 ; ;0 ;0 ;0 ;0 ;0 ;0 ;0 ;0 ;0 ;
356.54 ;0 ; ;0 ;0 ;0 ;0 ;0 ;0 ;0 ;0 ;0 ;
356.56 ;0 ; ;0 ;0 ;0 ;0 ;0 ;0 ;0 ;0 ;0 ;
356.58 ;0 ; ;0 ;0 ;0 ;0 ;0 ;0 ;0 ;0 ;0 ;
356.6 ;0 ; ;0 ;0 ;0 ;0 ;0 ;0 ;0 ;0 ;0 ;
356.62 ;0 ; ;0 ;0 ;0 ;0 ;0 ;0 ;0 ;0 ;0 ;
356.64 ;0 ; ;0 ;0 ;0 ;0 ;0 ;0 ;0 ;0 ;0 ;
356.66 ;0 ; ;0 ;0 ;0 ;0 ;0 ;0 ;0 ;0 ;0 ;
356.68 ;0 ; ;0 ;0 ;0 ;0 ;0 ;0 ;0 ;0 ;0 ;
356.7 ;0 ; ;0 ;0 ;0 ;0 ;0 ;0 ;0 ;0 ;0 ;
356.72 ;0 ; ;0 ;0 ;0 ;0 ;0 ;0 ;0 ;0 ;0 ;
356.74 ;0 ; ;0 ;0 ;0 ;0 ;0 ;0 ;0 ;0 ;0 ;
356.76 ;0 ; ;0 ;0 ;0 ;0 ;0 ;0 ;0 ;0 ;0 ;
356.78 ;0 ; ;0 ;0 ;0 ;0 ;0 ;0 ;0 ;0 ;0 ;
356.8 ;0 ; ;0 ;0 ;0 ;0 ;0 ;0 ;0 ;0 ;0 ;
356.82 ;0 ; ;0 ;0 ;0 ;0 ;0 ;0 ;0 ;0 ;0 ;
356.84 ;0 ; ;0 ;0 ;0 ;0 ;0 ;0 ;0 ;0 ;0 ;
356.86 ;0 ; ;0 ;0 ;0 ;0 ;0 ;0 ;0 ;0 ;0 ;
356.88 ;0 ; ;0 ;0 ;0 ;0 ;0 ;0 ;0 ;0 ;0 ;
356.9 ;0 ; ;0 ;0 ;0 ;0 ;0 ;0 ;0 ;0 ;0 ;
356.92 ;0 ; ;0 ;0 ;0 ;0 ;0 ;0 ;0 ;0 ;0 ;
356.94 ;0 ; ;0 ;0 ;0 ;0 ;0 ;0 ;0 ;0 ;0 ;
356.96 ;0 ; ;0 ;0 ;0 ;0 ;0 ;0 ;0 ;0 ;0 ;
356.98 ;0 ; ;0 ;0 ;0 ;0 ;0 ;0 ;0 ;0 ;0 ;
357 ;0 ; ;0 ;0 ;0 ;0 ;0 ;0 ;0 ;0 ;0 ;
357.02 ;0 ; ;0 ;0 ;0 ;0 ;0 ;0 ;0 ;0 ;0 ;
357.04 ;0 ; ;0 ;0 ;0 ;0 ;0 ;0 ;0 ;0 ;0 ;
357.06 ;0 ; ;0 ;0 ;0 ;0 ;0 ;0 ;0 ;0 ;0 ;
357.08 ;0 ; ;0 ;0 ;0 ;0 ;0 ;0 ;0 ;0 ;0 ;
357.1 ;0 ; ;0 ;0 ;0 ;0 ;0 ;0 ;0 ;0 ;0 ;
357.12 ;0 ; ;0 ;0 ;0 ;0 ;0 ;0 ;0 ;0 ;0 ;
357.14 ;0 ; ;0 ;0 ;0 ;0 ;0 ;0 ;0 ;0 ;0 ;
357.16 ;0 ; ;0 ;0 ;0 ;0 ;0 ;0 ;0 ;0 ;0 ;
357.18 ;0 ; ;0 ;0 ;0 ;0 ;0 ;0 ;0 ;0 ;0 ;
357.2 ;0 ; ;0 ;0 ;0 ;0 ;0 ;0 ;0 ;0 ;0 ;
357.22 ;0 ; ;0 ;0 ;0 ;0 ;0 ;0 ;0 ;0 ;0 ;
357.24 ;0 ; ;0 ;0 ;0 ;0 ;0 ;0 ;0 ;0 ;0 ;
357.26 ;0 ; ;0 ;0 ;0 ;0 ;0 ;0 ;0 ;0 ;0 ;
357.28 ;0 ; ;0 ;0 ;0 ;0 ;0 ;0 ;0 ;0 ;0 ;
357.3 ;0 ; ;0 ;0 ;0 ;0 ;0 ;0 ;0 ;0 ;0 ;
357.32 ;0 ; ;0 ;0 ;0 ;0 ;0 ;0 ;0 ;0 ;0 ;
357.34 ;0 ; ;0 ;0 ;0 ;0 ;0 ;0 ;0 ;0 ;0 ;
357.36 ;0 ; ;0 ;0 ;0 ;0 ;0 ;0 ;0 ;0 ;0 ;
357.38 ;0 ; ;0 ;0 ;0 ;0 ;0 ;0 ;0 ;0 ;0 ;
357.4 ;0 ; ;0 ;0 ;0 ;0 ;0 ;0 ;0 ;0 ;0 ;
357.42 ;0 ; ;0 ;0 ;0 ;0 ;0 ;0 ;0 ;0 ;0 ;
357.44 ;0 ; ;0 ;0 ;0 ;0 ;0 ;0 ;0 ;0 ;0 ;
357.46 ;0 ; ;0 ;0 ;0 ;0 ;0 ;0 ;0 ;0 ;0 ;
357.48 ;0 ; ;0 ;0 ;0 ;0 ;0 ;0 ;0 ;0 ;0 ;
357.5 ;0 ; ;0 ;0 ;0 ;0 ;0 ;0 ;0 ;0 ;0 ;
357.52 ;0 ; ;0 ;0 ;0 ;0 ;0 ;0 ;0 ;0 ;0 ;
357.54 ;0 ; ;0 ;0 ;0 ;0 ;0 ;0 ;0 ;0 ;0 ;
357.56 ;0 ; ;0 ;0 ;0 ;0 ;0 ;0 ;0 ;0 ;0 ;
357.58 ;0 ; ;0 ;0 ;0 ;0 ;0 ;0 ;0 ;0 ;0 ;
357.6 ;0 ; ;0 ;0 ;0 ;0 ;0 ;0 ;0 ;0 ;0 ;
357.62 ;0 ; ;0 ;0 ;0 ;0 ;0 ;0 ;0 ;0 ;0 ;
357.64 ;0 ; ;0 ;0 ;0 ;0 ;0 ;0 ;0 ;0 ;0 ;
357.66 ;0 ; ;0 ;0 ;0 ;0 ;0 ;0 ;0 ;0 ;0 ;
357.68 ;0 ; ;0 ;0 ;0 ;0 ;0 ;0 ;0 ;0 ;0 ;
357.7 ;0 ; ;0 ;0 ;0 ;0 ;0 ;0 ;0 ;0 ;0 ;
357.72 ;0 ; ;0 ;0 ;0 ;0 ;0 ;0 ;0 ;0 ;0 ;
357.74 ;0 ; ;0 ;0 ;0 ;0 ;0 ;0 ;0 ;0 ;0 ;
357.76 ;0 ; ;0 ;0 ;0 ;0 ;0 ;0 ;0 ;0 ;0 ;
357.78 ;0 ; ;0 ;0 ;0 ;0 ;0 ;0 ;0 ;0 ;0 ;
357.8 ;0 ; ;0 ;0 ;0 ;0 ;0 ;0 ;0 ;0 ;0 ;
357.82 ;0 ; ;0 ;0 ;0 ;0 ;0 ;0 ;0 ;0 ;0 ;
357.84 ;0 ; ;0 ;0 ;0 ;0 ;0 ;0 ;0 ;0 ;0 ;
357.86 ;0 ; ;0 ;0 ;0 ;0 ;0 ;0 ;0 ;0 ;0 ;
357.88 ;0 ; ;0 ;0 ;0 ;0 ;0 ;0 ;0 ;0 ;0 ;
357.9 ;0 ; ;0 ;0 ;0 ;0 ;0 ;0 ;0 ;0 ;0 ;
357.92 ;0 ; ;0 ;0 ;0 ;0 ;0 ;0 ;0 ;0 ;0 ;
357.94 ;0 ; ;0 ;0 ;0 ;0 ;0 ;0 ;0 ;0 ;0 ;
357.96 ;0 ; ;0 ;0 ;0 ;0 ;0 ;0 ;0 ;0 ;0 ;
357.98 ;0 ; ;0 ;0 ;0 ;0 ;0 ;0 ;0 ;0 ;0 ;
358 ;0 ; ;0 ;0 ;0 ;0 ;0 ;0 ;0 ;0 ;0 ;
358.02 ;0 ; ;0 ;0 ;0 ;0 ;0 ;0 ;0 ;0 ;0 ;
358.04 ;0 ; ;0 ;0 ;0 ;0 ;0 ;0 ;0 ;0 ;0 ;
358.06 ;0 ; ;0 ;0 ;0 ;0 ;0 ;0 ;0 ;0 ;0 ;
358.08 ;0 ; ;0 ;0 ;0 ;0 ;0 ;0 ;0 ;0 ;0 ;
358.1 ;0 ; ;0 ;0 ;0 ;0 ;0 ;0 ;0 ;0 ;0 ;
358.12 ;0 ; ;0 ;0 ;0 ;0 ;0 ;0 ;0 ;0 ;0 ;
358.14 ;0 ; ;0 ;0 ;0 ;0 ;0 ;0 ;0 ;0 ;0 ;
358.16 ;0 ; ;0 ;0 ;0 ;0 ;0 ;0 ;0 ;0 ;0 ;
358.18 ;0 ; ;0 ;0 ;0 ;0 ;0 ;0 ;0 ;0 ;0 ;
358.2 ;0 ; ;0 ;0 ;0 ;0 ;0 ;0 ;0 ;0 ;0 ;
358.22 ;0 ; ;0 ;0 ;0 ;0 ;0 ;0 ;0 ;0 ;0 ;
358.24 ;0 ; ;0 ;0 ;0 ;0 ;0 ;0 ;0 ;0 ;0 ;
358.26 ;0 ; ;0 ;0 ;0 ;0 ;0 ;0 ;0 ;0 ;0 ;
358.28 ;0 ; ;0 ;0 ;0 ;0 ;0 ;0 ;0 ;0 ;0 ;
358.3 ;0 ; ;0 ;0 ;0 ;0 ;0 ;0 ;0 ;0 ;0 ;
358.32 ;0 ; ;0 ;0 ;0 ;0 ;0 ;0 ;0 ;0 ;0 ;
358.34 ;0 ; ;0 ;0 ;0 ;0 ;0 ;0 ;0 ;0 ;0 ;
358.36 ;0 ; ;0 ;0 ;0 ;0 ;0 ;0 ;0 ;0 ;0 ;
358.38 ;0 ; ;0 ;0 ;0 ;0 ;0 ;0 ;0 ;0 ;0 ;
358.4 ;0 ; ;0 ;0 ;0 ;0 ;0 ;0 ;0 ;0 ;0 ;
358.42 ;0 ; ;0 ;0 ;0 ;0 ;0 ;0 ;0 ;0 ;0 ;
358.44 ;0 ; ;0 ;0 ;0 ;0 ;0 ;0 ;0 ;0 ;0 ;
358.46 ;0 ; ;0 ;0 ;0 ;0 ;0 ;0 ;0 ;0 ;0 ;
358.48 ;0 ; ;0 ;0 ;0 ;0 ;0 ;0 ;0 ;0 ;0 ;
358.5 ;0 ; ;0 ;0 ;0 ;0 ;0 ;0 ;0 ;0 ;0 ;
358.52 ;0 ; ;0 ;0 ;0 ;0 ;0 ;0 ;0 ;0 ;0 ;
358.54 ;0 ; ;0 ;0 ;0 ;0 ;0 ;0 ;0 ;0 ;0 ;
358.56 ;0 ; ;0 ;0 ;0 ;0 ;0 ;0 ;0 ;0 ;0 ;
358.58 ;0 ; ;0 ;0 ;0 ;0 ;0 ;0 ;0 ;0 ;0 ;
358.6 ;0 ; ;0 ;0 ;0 ;0 ;0 ;0 ;0 ;0 ;0 ;
358.62 ;0 ; ;0 ;0 ;0 ;0 ;0 ;0 ;0 ;0 ;0 ;
358.64 ;0 ; ;0 ;0 ;0 ;0 ;0 ;0 ;0 ;0 ;0 ;
358.66 ;0 ; ;0 ;0 ;0 ;0 ;0 ;0 ;0 ;0 ;0 ;
358.68 ;0 ; ;0 ;0 ;0 ;0 ;0 ;0 ;0 ;0 ;0 ;
358.7 ;0 ; ;0 ;0 ;0 ;0 ;0 ;0 ;0 ;0 ;0 ;
358.72 ;0 ; ;0 ;0 ;0 ;0 ;0 ;0 ;0 ;0 ;0 ;
358.74 ;0 ; ;0 ;0 ;0 ;0 ;0 ;0 ;0 ;0 ;0 ;
358.76 ;0 ; ;0 ;0 ;0 ;0 ;0 ;0 ;0 ;0 ;0 ;
358.78 ;0 ; ;0 ;0 ;0 ;0 ;0 ;0 ;0 ;0 ;0 ;
358.8 ;0 ; ;0 ;0 ;0 ;0 ;0 ;0 ;0 ;0 ;0 ;
358.82 ;0 ; ;0 ;0 ;0 ;0 ;0 ;0 ;0 ;0 ;0 ;
358.84 ;0 ; ;0 ;0 ;0 ;0 ;0 ;0 ;0 ;0 ;0 ;
358.86 ;0 ; ;0 ;0 ;0 ;0 ;0 ;0 ;0 ;0 ;0 ;
358.88 ;0 ; ;0 ;0 ;0 ;0 ;0 ;0 ;0 ;0 ;0 ;
358.9 ;0 ; ;0 ;0 ;0 ;0 ;0 ;0 ;0 ;0 ;0 ;
358.92 ;0 ; ;0 ;0 ;0 ;0 ;0 ;0 ;0 ;0 ;0 ;
358.94 ;0 ; ;0 ;0 ;0 ;0 ;0 ;0 ;0 ;0 ;0 ;
358.96 ;0 ; ;0 ;0 ;0 ;0 ;0 ;0 ;0 ;0 ;0 ;
358.98 ;0 ; ;0 ;0 ;0 ;0 ;0 ;0 ;0 ;0 ;0 ;
359 ;0 ; ;0 ;0 ;0 ;0 ;0 ;0 ;0 ;0 ;0 ;
359.02 ;0 ; ;0 ;0 ;0 ;0 ;0 ;0 ;0 ;0 ;0 ;
359.04 ;0 ; ;0 ;0 ;0 ;0 ;0 ;0 ;0 ;0 ;0 ;
359.06 ;0 ; ;0 ;0 ;0 ;0 ;0 ;0 ;0 ;0 ;0 ;
359.08 ;0 ; ;0 ;0 ;0 ;0 ;0 ;0 ;0 ;0 ;0 ;
359.1 ;0 ; ;0 ;0 ;0 ;0 ;0 ;0 ;0 ;0 ;0 ;
359.12 ;0 ; ;0 ;0 ;0 ;0 ;0 ;0 ;0 ;0 ;0 ;
359.14 ;0 ; ;0 ;0 ;0 ;0 ;0 ;0 ;0 ;0 ;0 ;
359.16 ;0 ; ;0 ;0 ;0 ;0 ;0 ;0 ;0 ;0 ;0 ;
359.18 ;0 ; ;0 ;0 ;0 ;0 ;0 ;0 ;0 ;0 ;0 ;
359.2 ;0 ; ;0 ;0 ;0 ;0 ;0 ;0 ;0 ;0 ;0 ;
359.22 ;0 ; ;0 ;0 ;0 ;0 ;0 ;0 ;0 ;0 ;0 ;
359.24 ;0 ; ;0 ;0 ;0 ;0 ;0 ;0 ;0 ;0 ;0 ;
359.26 ;0 ; ;0 ;0 ;0 ;0 ;0 ;0 ;0 ;0 ;0 ;
359.28 ;0 ; ;0 ;0 ;0 ;0 ;0 ;0 ;0 ;0 ;0 ;
359.3 ;0 ; ;0 ;0 ;0 ;0 ;0 ;0 ;0 ;0 ;0 ;
359.32 ;0 ; ;0 ;0 ;0 ;0 ;0 ;0 ;0 ;0 ;0 ;
359.34 ;0 ; ;0 ;0 ;0 ;0 ;0 ;0 ;0 ;0 ;0 ;
359.36 ;0 ; ;0 ;0 ;0 ;0 ;0 ;0 ;0 ;0 ;0 ;
359.38 ;0 ; ;0 ;0 ;0 ;0 ;0 ;0 ;0 ;0 ;0 ;
359.4 ;0 ; ;0 ;0 ;0 ;0 ;0 ;0 ;0 ;0 ;0 ;
359.42 ;0 ; ;0 ;0 ;0 ;0 ;0 ;0 ;0 ;0 ;0 ;
359.44 ;0 ; ;0 ;0 ;0 ;0 ;0 ;0 ;0 ;0 ;0 ;
359.46 ;0 ; ;0 ;0 ;0 ;0 ;0 ;0 ;0 ;0 ;0 ;
359.48 ;0 ; ;0 ;0 ;0 ;0 ;0 ;0 ;0 ;0 ;0 ;
359.5 ;0 ; ;0 ;0 ;0 ;0 ;0 ;0 ;0 ;0 ;0 ;
359.52 ;0 ; ;0 ;0 ;0 ;0 ;0 ;0 ;0 ;0 ;0 ;
359.54 ;0 ; ;0 ;0 ;0 ;0 ;0 ;0 ;0 ;0 ;0 ;
359.56 ;0 ; ;0 ;0 ;0 ;0 ;0 ;0 ;0 ;0 ;0 ;
359.58 ;0 ; ;0 ;0 ;0 ;0 ;0 ;0 ;0 ;0 ;0 ;
359.6 ;0 ; ;0 ;0 ;0 ;0 ;0 ;0 ;0 ;0 ;0 ;
359.62 ;0 ; ;0 ;0 ;0 ;0 ;0 ;0 ;0 ;0 ;0 ;
359.64 ;0 ; ;0 ;0 ;0 ;0 ;0 ;0 ;0 ;0 ;0 ;
359.66 ;0 ; ;0 ;0 ;0 ;0 ;0 ;0 ;0 ;0 ;0 ;
359.68 ;0 ; ;0 ;0 ;0 ;0 ;0 ;0 ;0 ;0 ;0 ;
359.7 ;0 ; ;0 ;0 ;0 ;0 ;0 ;0 ;0 ;0 ;0 ;
359.72 ;0 ; ;0 ;0 ;0 ;0 ;0 ;0 ;0 ;0 ;0 ;
359.74 ;0 ; ;0 ;0 ;0 ;0 ;0 ;0 ;0 ;0 ;0 ;
359.76 ;0 ; ;0 ;0 ;0 ;0 ;0 ;0 ;0 ;0 ;0 ;
359.78 ;0 ; ;0 ;0 ;0 ;0 ;0 ;0 ;0 ;0 ;0 ;
359.8 ;0 ; ;0 ;0 ;0 ;0 ;0 ;0 ;0 ;0 ;0 ;
359.82 ;0 ; ;0 ;0 ;0 ;0 ;0 ;0 ;0 ;0 ;0 ;
359.84 ;0 ; ;0 ;0 ;0 ;0 ;0 ;0 ;0 ;0 ;0 ;
359.86 ;0 ; ;0 ;0 ;0 ;0 ;0 ;0 ;0 ;0 ;0 ;
359.88 ;0 ; ;0 ;0 ;0 ;0 ;0 ;0 ;0 ;0 ;0 ;
359.9 ;0 ; ;0 ;0 ;0 ;0 ;0 ;0 ;0 ;0 ;0 ;
359.92 ;0 ; ;0 ;0 ;0 ;0 ;0 ;0 ;0 ;0 ;0 ;
359.94 ;0 ; ;0 ;0 ;0 ;0 ;0 ;0 ;0 ;0 ;0 ;
359.96 ;0 ; ;0 ;0 ;0 ;0 ;0 ;0 ;0 ;0 ;0 ;
359.98 ;0 ; ;0 ;0 ;0 ;0 ;0 ;0 ;0 ;0 ;0 ;
360 ;0 ; ;0 ;0 ;0 ;0 ;0 ;0 ;0 ;0 ;0 ;
360.02 ;0 ; ;0 ;0 ;0 ;0 ;0 ;0 ;0 ;0 ;0 ;
360.04 ;0 ; ;0 ;0 ;0 ;0 ;0 ;0 ;0 ;0 ;0 ;
360.06 ;0 ; ;0 ;0 ;0 ;0 ;0 ;0 ;0 ;0 ;0 ;
360.08 ;0 ; ;0 ;0 ;0 ;0 ;0 ;0 ;0 ;0 ;0 ;
360.1 ;0 ; ;0 ;0 ;0 ;0 ;0 ;0 ;0 ;0 ;0 ;
360.12 ;0 ; ;0 ;0 ;0 ;0 ;0 ;0 ;0 ;0 ;0 ;
360.14 ;0 ; ;0 ;0 ;0 ;0 ;0 ;0 ;0 ;0 ;0 ;
360.16 ;0 ; ;0 ;0 ;0 ;0 ;0 ;0 ;0 ;0 ;0 ;
360.18 ;0 ; ;0 ;0 ;0 ;0 ;0 ;0 ;0 ;0 ;0 ;
360.2 ;0 ; ;0 ;0 ;0 ;0 ;0 ;0 ;0 ;0 ;0 ;
360.22 ;0 ; ;0 ;0 ;0 ;0 ;0 ;0 ;0 ;0 ;0 ;
360.24 ;0 ; ;0 ;0 ;0 ;0 ;0 ;0 ;0 ;0 ;0 ;
360.26 ;0 ; ;0 ;0 ;0 ;0 ;0 ;0 ;0 ;0 ;0 ;
360.28 ;0 ; ;0 ;0 ;0 ;0 ;0 ;0 ;0 ;0 ;0 ;
360.3 ;0 ; ;0 ;0 ;0 ;0 ;0 ;0 ;0 ;0 ;0 ;
360.32 ;0 ; ;0 ;0 ;0 ;0 ;0 ;0 ;0 ;0 ;0 ;
360.34 ;0 ; ;0 ;0 ;0 ;0 ;0 ;0 ;0 ;0 ;0 ;
360.36 ;0 ; ;0 ;0 ;0 ;0 ;0 ;0 ;0 ;0 ;0 ;
360.38 ;0 ; ;0 ;0 ;0 ;0 ;0 ;0 ;0 ;0 ;0 ;
360.4 ;0 ; ;0 ;0 ;0 ;0 ;0 ;0 ;0 ;0 ;0 ;
360.42 ;0 ; ;0 ;0 ;0 ;0 ;0 ;0 ;0 ;0 ;0 ;
360.44 ;0 ; ;0 ;0 ;0 ;0 ;0 ;0 ;0 ;0 ;0 ;
360.46 ;0 ; ;0 ;0 ;0 ;0 ;0 ;0 ;0 ;0 ;0 ;
360.48 ;0 ; ;0 ;0 ;0 ;0 ;0 ;0 ;0 ;0 ;0 ;
360.5 ;0 ; ;0 ;0 ;0 ;0 ;0 ;0 ;0 ;0 ;0 ;
360.52 ;0 ; ;0 ;0 ;0 ;0 ;0 ;0 ;0 ;0 ;0 ;
360.54 ;0 ; ;0 ;0 ;0 ;0 ;0 ;0 ;0 ;0 ;0 ;
360.56 ;0 ; ;0 ;0 ;0 ;0 ;0 ;0 ;0 ;0 ;0 ;
360.58 ;0 ; ;0 ;0 ;0 ;0 ;0 ;0 ;0 ;0 ;0 ;
360.6 ;0 ; ;0 ;0 ;0 ;0 ;0 ;0 ;0 ;0 ;0 ;
360.62 ;0 ; ;0 ;0 ;0 ;0 ;0 ;0 ;0 ;0 ;0 ;
360.64 ;0 ; ;0 ;0 ;0 ;0 ;0 ;0 ;0 ;0 ;0 ;
360.66 ;0 ; ;0 ;0 ;0 ;0 ;0 ;0 ;0 ;0 ;0 ;
360.68 ;0 ; ;0 ;0 ;0 ;0 ;0 ;0 ;0 ;0 ;0 ;
360.7 ;0 ; ;0 ;0 ;0 ;0 ;0 ;0 ;0 ;0 ;0 ;
360.72 ;0 ; ;0 ;0 ;0 ;0 ;0 ;0 ;0 ;0 ;0 ;
360.74 ;0 ; ;0 ;0 ;0 ;0 ;0 ;0 ;0 ;0 ;0 ;
360.76 ;0 ; ;0 ;0 ;0 ;0 ;0 ;0 ;0 ;0 ;0 ;
360.78 ;0 ; ;0 ;0 ;0 ;0 ;0 ;0 ;0 ;0 ;0 ;
360.8 ;0 ; ;0 ;0 ;0 ;0 ;0 ;0 ;0 ;0 ;0 ;
360.82 ;0 ; ;0 ;0 ;0 ;0 ;0 ;0 ;0 ;0 ;0 ;
360.84 ;0 ; ;0 ;0 ;0 ;0 ;0 ;0 ;0 ;0 ;0 ;
360.86 ;0 ; ;0 ;0 ;0 ;0 ;0 ;0 ;0 ;0 ;0 ;
360.88 ;0 ; ;0 ;0 ;0 ;0 ;0 ;0 ;0 ;0 ;0 ;
360.9 ;0 ; ;0 ;0 ;0 ;0 ;0 ;0 ;0 ;0 ;0 ;
360.92 ;0 ; ;0 ;0 ;0 ;0 ;0 ;0 ;0 ;0 ;0 ;
360.94 ;0 ; ;0 ;0 ;0 ;0 ;0 ;0 ;0 ;0 ;0 ;
360.96 ;0 ; ;0 ;0 ;0 ;0 ;0 ;0 ;0 ;0 ;0 ;
360.98 ;0 ; ;0 ;0 ;0 ;0 ;0 ;0 ;0 ;0 ;0 ;
361 ;0 ; ;0 ;0 ;0 ;0 ;0 ;0 ;0 ;0 ;0 ;
361.02 ;0 ; ;0 ;0 ;0 ;0 ;0 ;0 ;0 ;0 ;0 ;
361.04 ;0 ; ;0 ;0 ;0 ;0 ;0 ;0 ;0 ;0 ;0 ;
361.06 ;0 ; ;0 ;0 ;0 ;0 ;0 ;0 ;0 ;0 ;0 ;
361.08 ;0 ; ;0 ;0 ;0 ;0 ;0 ;0 ;0 ;0 ;0 ;
361.1 ;0 ; ;0 ;0 ;0 ;0 ;0 ;0 ;0 ;0 ;0 ;
361.12 ;0 ; ;0 ;0 ;0 ;0 ;0 ;0 ;0 ;0 ;0 ;
361.14 ;0 ; ;0 ;0 ;0 ;0 ;0 ;0 ;0 ;0 ;0 ;
361.16 ;0 ; ;0 ;0 ;0 ;0 ;0 ;0 ;0 ;0 ;0 ;
361.18 ;0 ; ;0 ;0 ;0 ;0 ;0 ;0 ;0 ;0 ;0 ;
361.2 ;0 ; ;0 ;0 ;0 ;0 ;0 ;0 ;0 ;0 ;0 ;
361.22 ;0 ; ;0 ;0 ;0 ;0 ;0 ;0 ;0 ;0 ;0 ;
361.24 ;0 ; ;0 ;0 ;0 ;0 ;0 ;0 ;0 ;0 ;0 ;
361.26 ;0 ; ;0 ;0 ;0 ;0 ;0 ;0 ;0 ;0 ;0 ;
361.28 ;0 ; ;0 ;0 ;0 ;0 ;0 ;0 ;0 ;0 ;0 ;
361.3 ;0 ; ;0 ;0 ;0 ;0 ;0 ;0 ;0 ;0 ;0 ;
361.32 ;0 ; ;0 ;0 ;0 ;0 ;0 ;0 ;0 ;0 ;0 ;
361.34 ;0 ; ;0 ;0 ;0 ;0 ;0 ;0 ;0 ;0 ;0 ;
361.36 ;0 ; ;0 ;0 ;0 ;0 ;0 ;0 ;0 ;0 ;0 ;
361.38 ;0 ; ;0 ;0 ;0 ;0 ;0 ;0 ;0 ;0 ;0 ;
361.4 ;0 ; ;0 ;0 ;0 ;0 ;0 ;0 ;0 ;0 ;0 ;
361.42 ;0 ; ;0 ;0 ;0 ;0 ;0 ;0 ;0 ;0 ;0 ;
361.44 ;0 ; ;0 ;0 ;0 ;0 ;0 ;0 ;0 ;0 ;0 ;
361.46 ;0 ; ;0 ;0 ;0 ;0 ;0 ;0 ;0 ;0 ;0 ;
361.48 ;0 ; ;0 ;0 ;0 ;0 ;0 ;0 ;0 ;0 ;0 ;
361.5 ;0 ; ;0 ;0 ;0 ;0 ;0 ;0 ;0 ;0 ;0 ;
361.52 ;0 ; ;0 ;0 ;0 ;0 ;0 ;0 ;0 ;0 ;0 ;
361.54 ;0 ; ;0 ;0 ;0 ;0 ;0 ;0 ;0 ;0 ;0 ;
361.56 ;0 ; ;0 ;0 ;0 ;0 ;0 ;0 ;0 ;0 ;0 ;
361.58 ;0 ; ;0 ;0 ;0 ;0 ;0 ;0 ;0 ;0 ;0 ;
361.6 ;0 ; ;0 ;0 ;0 ;0 ;0 ;0 ;0 ;0 ;0 ;
361.62 ;0 ; ;0 ;0 ;0 ;0 ;0 ;0 ;0 ;0 ;0 ;
361.64 ;0 ; ;0 ;0 ;0 ;0 ;0 ;0 ;0 ;0 ;0 ;
361.66 ;0 ; ;0 ;0 ;0 ;0 ;0 ;0 ;0 ;0 ;0 ;
361.68 ;0 ; ;0 ;0 ;0 ;0 ;0 ;0 ;0 ;0 ;0 ;
361.7 ;0 ; ;0 ;0 ;0 ;0 ;0 ;0 ;0 ;0 ;0 ;
361.72 ;0 ; ;0 ;0 ;0 ;0 ;0 ;0 ;0 ;0 ;0 ;
361.74 ;0 ; ;0 ;0 ;0 ;0 ;0 ;0 ;0 ;0 ;0 ;
361.76 ;0 ; ;0 ;0 ;0 ;0 ;0 ;0 ;0 ;0 ;0 ;
361.78 ;0 ; ;0 ;0 ;0 ;0 ;0 ;0 ;0 ;0 ;0 ;
361.8 ;0 ; ;0 ;0 ;0 ;0 ;0 ;0 ;0 ;0 ;0 ;
361.82 ;0 ; ;0 ;0 ;0 ;0 ;0 ;0 ;0 ;0 ;0 ;
361.84 ;0 ; ;0 ;0 ;0 ;0 ;0 ;0 ;0 ;0 ;0 ;
361.86 ;0 ; ;0 ;0 ;0 ;0 ;0 ;0 ;0 ;0 ;0 ;
361.88 ;0 ; ;0 ;0 ;0 ;0 ;0 ;0 ;0 ;0 ;0 ;
361.9 ;0 ; ;0 ;0 ;0 ;0 ;0 ;0 ;0 ;0 ;0 ;
361.92 ;0 ; ;0 ;0 ;0 ;0 ;0 ;0 ;0 ;0 ;0 ;
361.94 ;0 ; ;0 ;0 ;0 ;0 ;0 ;0 ;0 ;0 ;0 ;
361.96 ;0 ; ;0 ;0 ;0 ;0 ;0 ;0 ;0 ;0 ;0 ;
361.98 ;0 ; ;0 ;0 ;0 ;0 ;0 ;0 ;0 ;0 ;0 ;
362 ;0 ; ;0 ;0 ;0 ;0 ;0 ;0 ;0 ;0 ;0 ;
362.02 ;0 ; ;0 ;0 ;0 ;0 ;0 ;0 ;0 ;0 ;0 ;
362.04 ;0 ; ;0 ;0 ;0 ;0 ;0 ;0 ;0 ;0 ;0 ;
362.06 ;0 ; ;0 ;0 ;0 ;0 ;0 ;0 ;0 ;0 ;0 ;
362.08 ;0 ; ;0 ;0 ;0 ;0 ;0 ;0 ;0 ;0 ;0 ;
362.1 ;0 ; ;0 ;0 ;0 ;0 ;0 ;0 ;0 ;0 ;0 ;
362.12 ;0 ; ;0 ;0 ;0 ;0 ;0 ;0 ;0 ;0 ;0 ;
362.14 ;0 ; ;0 ;0 ;0 ;0 ;0 ;0 ;0 ;0 ;0 ;
362.16 ;0 ; ;0 ;0 ;0 ;0 ;0 ;0 ;0 ;0 ;0 ;
362.18 ;0 ; ;0 ;0 ;0 ;0 ;0 ;0 ;0 ;0 ;0 ;
362.2 ;0 ; ;0 ;0 ;0 ;0 ;0 ;0 ;0 ;0 ;0 ;
362.22 ;0 ; ;0 ;0 ;0 ;0 ;0 ;0 ;0 ;0 ;0 ;
362.24 ;0 ; ;0 ;0 ;0 ;0 ;0 ;0 ;0 ;0 ;0 ;
362.26 ;0 ; ;0 ;0 ;0 ;0 ;0 ;0 ;0 ;0 ;0 ;
362.28 ;0 ; ;0 ;0 ;0 ;0 ;0 ;0 ;0 ;0 ;0 ;
362.3 ;0 ; ;0 ;0 ;0 ;0 ;0 ;0 ;0 ;0 ;0 ;
362.32 ;0 ; ;0 ;0 ;0 ;0 ;0 ;0 ;0 ;0 ;0 ;
362.34 ;0 ; ;0 ;0 ;0 ;0 ;0 ;0 ;0 ;0 ;0 ;
362.36 ;0 ; ;0 ;0 ;0 ;0 ;0 ;0 ;0 ;0 ;0 ;
362.38 ;0 ; ;0 ;0 ;0 ;0 ;0 ;0 ;0 ;0 ;0 ;
362.4 ;0 ; ;0 ;0 ;0 ;0 ;0 ;0 ;0 ;0 ;0 ;
362.42 ;0 ; ;0 ;0 ;0 ;0 ;0 ;0 ;0 ;0 ;0 ;
362.44 ;0 ; ;0 ;0 ;0 ;0 ;0 ;0 ;0 ;0 ;0 ;
362.46 ;0 ; ;0 ;0 ;0 ;0 ;0 ;0 ;0 ;0 ;0 ;
362.48 ;0 ; ;0 ;0 ;0 ;0 ;0 ;0 ;0 ;0 ;0 ;
362.5 ;0 ; ;0 ;0 ;0 ;0 ;0 ;0 ;0 ;0 ;0 ;
362.52 ;0 ; ;0 ;0 ;0 ;0 ;0 ;0 ;0 ;0 ;0 ;
362.54 ;0 ; ;0 ;0 ;0 ;0 ;0 ;0 ;0 ;0 ;0 ;
362.56 ;0 ; ;0 ;0 ;0 ;0 ;0 ;0 ;0 ;0 ;0 ;
362.58 ;0 ; ;0 ;0 ;0 ;0 ;0 ;0 ;0 ;0 ;0 ;
362.6 ;0 ; ;0 ;0 ;0 ;0 ;0 ;0 ;0 ;0 ;0 ;
362.62 ;0 ; ;0 ;0 ;0 ;0 ;0 ;0 ;0 ;0 ;0 ;
362.64 ;0 ; ;0 ;0 ;0 ;0 ;0 ;0 ;0 ;0 ;0 ;
362.66 ;0 ; ;0 ;0 ;0 ;0 ;0 ;0 ;0 ;0 ;0 ;
362.68 ;0 ; ;0 ;0 ;0 ;0 ;0 ;0 ;0 ;0 ;0 ;
362.7 ;0 ; ;0 ;0 ;0 ;0 ;0 ;0 ;0 ;0 ;0 ;
362.72 ;0 ; ;0 ;0 ;0 ;0 ;0 ;0 ;0 ;0 ;0 ;
362.74 ;0 ; ;0 ;0 ;0 ;0 ;0 ;0 ;0 ;0 ;0 ;
362.76 ;0 ; ;0 ;0 ;0 ;0 ;0 ;0 ;0 ;0 ;0 ;
362.78 ;0 ; ;0 ;0 ;0 ;0 ;0 ;0 ;0 ;0 ;0 ;
362.8 ;0 ; ;0 ;0 ;0 ;0 ;0 ;0 ;0 ;0 ;0 ;
362.82 ;0 ; ;0 ;0 ;0 ;0 ;0 ;0 ;0 ;0 ;0 ;
362.84 ;0 ; ;0 ;0 ;0 ;0 ;0 ;0 ;0 ;0 ;0 ;
362.86 ;0 ; ;0 ;0 ;0 ;0 ;0 ;0 ;0 ;0 ;0 ;
362.88 ;0 ; ;0 ;0 ;0 ;0 ;0 ;0 ;0 ;0 ;0 ;
362.9 ;0 ; ;0 ;0 ;0 ;0 ;0 ;0 ;0 ;0 ;0 ;
362.92 ;0 ; ;0 ;0 ;0 ;0 ;0 ;0 ;0 ;0 ;0 ;
362.94 ;0 ; ;0 ;0 ;0 ;0 ;0 ;0 ;0 ;0 ;0 ;
362.96 ;0 ; ;0 ;0 ;0 ;0 ;0 ;0 ;0 ;0 ;0 ;
362.98 ;0 ; ;0 ;0 ;0 ;0 ;0 ;0 ;0 ;0 ;0 ;
363 ;0 ; ;0 ;0 ;0 ;0 ;0 ;0 ;0 ;0 ;0 ;
363.02 ;0 ; ;0 ;0 ;0 ;0 ;0 ;0 ;0 ;0 ;0 ;
363.04 ;0 ; ;0 ;0 ;0 ;0 ;0 ;0 ;0 ;0 ;0 ;
363.06 ;0 ; ;0 ;0 ;0 ;0 ;0 ;0 ;0 ;0 ;0 ;
363.08 ;0 ; ;0 ;0 ;0 ;0 ;0 ;0 ;0 ;0 ;0 ;
363.1 ;0 ; ;0 ;0 ;0 ;0 ;0 ;0 ;0 ;0 ;0 ;
363.12 ;0 ; ;0 ;0 ;0 ;0 ;0 ;0 ;0 ;0 ;0 ;
363.14 ;0 ; ;0 ;0 ;0 ;0 ;0 ;0 ;0 ;0 ;0 ;
363.16 ;0 ; ;0 ;0 ;0 ;0 ;0 ;0 ;0 ;0 ;0 ;
363.18 ;0 ; ;0 ;0 ;0 ;0 ;0 ;0 ;0 ;0 ;0 ;
363.2 ;0 ; ;0 ;0 ;0 ;0 ;0 ;0 ;0 ;0 ;0 ;
363.22 ;0 ; ;0 ;0 ;0 ;0 ;0 ;0 ;0 ;0 ;0 ;
363.24 ;0 ; ;0 ;0 ;0 ;0 ;0 ;0 ;0 ;0 ;0 ;
363.26 ;0 ; ;0 ;0 ;0 ;0 ;0 ;0 ;0 ;0 ;0 ;
363.28 ;0 ; ;0 ;0 ;0 ;0 ;0 ;0 ;0 ;0 ;0 ;
363.3 ;0 ; ;0 ;0 ;0 ;0 ;0 ;0 ;0 ;0 ;0 ;
363.32 ;0 ; ;0 ;0 ;0 ;0 ;0 ;0 ;0 ;0 ;0 ;
363.34 ;0 ; ;0 ;0 ;0 ;0 ;0 ;0 ;0 ;0 ;0 ;
363.36 ;0 ; ;0 ;0 ;0 ;0 ;0 ;0 ;0 ;0 ;0 ;
363.38 ;0 ; ;0 ;0 ;0 ;0 ;0 ;0 ;0 ;0 ;0 ;
363.4 ;0 ; ;0 ;0 ;0 ;0 ;0 ;0 ;0 ;0 ;0 ;
363.42 ;0 ; ;0 ;0 ;0 ;0 ;0 ;0 ;0 ;0 ;0 ;
363.44 ;0 ; ;0 ;0 ;0 ;0 ;0 ;0 ;0 ;0 ;0 ;
363.46 ;0 ; ;0 ;0 ;0 ;0 ;0 ;0 ;0 ;0 ;0 ;
363.48 ;0 ; ;0 ;0 ;0 ;0 ;0 ;0 ;0 ;0 ;0 ;
363.5 ;0 ; ;0 ;0 ;0 ;0 ;0 ;0 ;0 ;0 ;0 ;
363.52 ;0 ; ;0 ;0 ;0 ;0 ;0 ;0 ;0 ;0 ;0 ;
363.54 ;0 ; ;0 ;0 ;0 ;0 ;0 ;0 ;0 ;0 ;0 ;
363.56 ;0 ; ;0 ;0 ;0 ;0 ;0 ;0 ;0 ;0 ;0 ;
363.58 ;0 ; ;0 ;0 ;0 ;0 ;0 ;0 ;0 ;0 ;0 ;
363.6 ;0 ; ;0 ;0 ;0 ;0 ;0 ;0 ;0 ;0 ;0 ;
363.62 ;0 ; ;0 ;0 ;0 ;0 ;0 ;0 ;0 ;0 ;0 ;
363.64 ;0 ; ;0 ;0 ;0 ;0 ;0 ;0 ;0 ;0 ;0 ;
363.66 ;0 ; ;0 ;0 ;0 ;0 ;0 ;0 ;0 ;0 ;0 ;
363.68 ;0 ; ;0 ;0 ;0 ;0 ;0 ;0 ;0 ;0 ;0 ;
363.7 ;0 ; ;0 ;0 ;0 ;0 ;0 ;0 ;0 ;0 ;0 ;
363.72 ;0 ; ;0 ;0 ;0 ;0 ;0 ;0 ;0 ;0 ;0 ;
363.74 ;0 ; ;0 ;0 ;0 ;0 ;0 ;0 ;0 ;0 ;0 ;
363.76 ;0 ; ;0 ;0 ;0 ;0 ;0 ;0 ;0 ;0 ;0 ;
363.78 ;0 ; ;0 ;0 ;0 ;0 ;0 ;0 ;0 ;0 ;0 ;
363.8 ;0 ; ;0 ;0 ;0 ;0 ;0 ;0 ;0 ;0 ;0 ;
363.82 ;0 ; ;0 ;0 ;0 ;0 ;0 ;0 ;0 ;0 ;0 ;
363.84 ;0 ; ;0 ;0 ;0 ;0 ;0 ;0 ;0 ;0 ;0 ;
363.86 ;0 ; ;0 ;0 ;0 ;0 ;0 ;0 ;0 ;0 ;0 ;
363.88 ;0 ; ;0 ;0 ;0 ;0 ;0 ;0 ;0 ;0 ;0 ;
363.9 ;0 ; ;0 ;0 ;0 ;0 ;0 ;0 ;0 ;0 ;0 ;
363.92 ;0 ; ;0 ;0 ;0 ;0 ;0 ;0 ;0 ;0 ;0 ;
363.94 ;0 ; ;0 ;0 ;0 ;0 ;0 ;0 ;0 ;0 ;0 ;
363.96 ;0 ; ;0 ;0 ;0 ;0 ;0 ;0 ;0 ;0 ;0 ;
363.98 ;0 ; ;0 ;0 ;0 ;0 ;0 ;0 ;0 ;0 ;0 ;
364 ;0 ; ;0 ;0 ;0 ;0 ;0 ;0 ;0 ;0 ;0 ;
364.02 ;0 ; ;0 ;0 ;0 ;0 ;0 ;0 ;0 ;0 ;0 ;
364.04 ;0 ; ;0 ;0 ;0 ;0 ;0 ;0 ;0 ;0 ;0 ;
364.06 ;0 ; ;0 ;0 ;0 ;0 ;0 ;0 ;0 ;0 ;0 ;
364.08 ;0 ; ;0 ;0 ;0 ;0 ;0 ;0 ;0 ;0 ;0 ;
364.1 ;0 ; ;0 ;0 ;0 ;0 ;0 ;0 ;0 ;0 ;0 ;
364.12 ;0 ; ;0 ;0 ;0 ;0 ;0 ;0 ;0 ;0 ;0 ;
364.14 ;0 ; ;0 ;0 ;0 ;0 ;0 ;0 ;0 ;0 ;0 ;
364.16 ;0 ; ;0 ;0 ;0 ;0 ;0 ;0 ;0 ;0 ;0 ;
364.18 ;0 ; ;0 ;0 ;0 ;0 ;0 ;0 ;0 ;0 ;0 ;
364.2 ;0 ; ;0 ;0 ;0 ;0 ;0 ;0 ;0 ;0 ;0 ;
364.22 ;0 ; ;0 ;0 ;0 ;0 ;0 ;0 ;0 ;0 ;0 ;
364.24 ;0 ; ;0 ;0 ;0 ;0 ;0 ;0 ;0 ;0 ;0 ;
364.26 ;0 ; ;0 ;0 ;0 ;0 ;0 ;0 ;0 ;0 ;0 ;
364.28 ;0 ; ;0 ;0 ;0 ;0 ;0 ;0 ;0 ;0 ;0 ;
364.3 ;0 ; ;0 ;0 ;0 ;0 ;0 ;0 ;0 ;0 ;0 ;
364.32 ;0 ; ;0 ;0 ;0 ;0 ;0 ;0 ;0 ;0 ;0 ;
364.34 ;0 ; ;0 ;0 ;0 ;0 ;0 ;0 ;0 ;0 ;0 ;
364.36 ;0 ; ;0 ;0 ;0 ;0 ;0 ;0 ;0 ;0 ;0 ;
364.38 ;0 ; ;0 ;0 ;0 ;0 ;0 ;0 ;0 ;0 ;0 ;
364.4 ;0 ; ;0 ;0 ;0 ;0 ;0 ;0 ;0 ;0 ;0 ;
364.42 ;0 ; ;0 ;0 ;0 ;0 ;0 ;0 ;0 ;0 ;0 ;
364.44 ;0 ; ;0 ;0 ;0 ;0 ;0 ;0 ;0 ;0 ;0 ;
364.46 ;0 ; ;0 ;0 ;0 ;0 ;0 ;0 ;0 ;0 ;0 ;
364.48 ;0 ; ;0 ;0 ;0 ;0 ;0 ;0 ;0 ;0 ;0 ;
364.5 ;0 ; ;0 ;0 ;0 ;0 ;0 ;0 ;0 ;0 ;0 ;
364.52 ;0 ; ;0 ;0 ;0 ;0 ;0 ;0 ;0 ;0 ;0 ;
364.54 ;0 ; ;0 ;0 ;0 ;0 ;0 ;0 ;0 ;0 ;0 ;
364.56 ;0 ; ;0 ;0 ;0 ;0 ;0 ;0 ;0 ;0 ;0 ;
364.58 ;0 ; ;0 ;0 ;0 ;0 ;0 ;0 ;0 ;0 ;0 ;
364.6 ;0 ; ;0 ;0 ;0 ;0 ;0 ;0 ;0 ;0 ;0 ;
364.62 ;0 ; ;0 ;0 ;0 ;0 ;0 ;0 ;0 ;0 ;0 ;
364.64 ;0 ; ;0 ;0 ;0 ;0 ;0 ;0 ;0 ;0 ;0 ;
364.66 ;0 ; ;0 ;0 ;0 ;0 ;0 ;0 ;0 ;0 ;0 ;
364.68 ;0 ; ;0 ;0 ;0 ;0 ;0 ;0 ;0 ;0 ;0 ;
364.7 ;0 ; ;0 ;0 ;0 ;0 ;0 ;0 ;0 ;0 ;0 ;
364.72 ;0 ; ;0 ;0 ;0 ;0 ;0 ;0 ;0 ;0 ;0 ;
364.74 ;0 ; ;0 ;0 ;0 ;0 ;0 ;0 ;0 ;0 ;0 ;
364.76 ;0 ; ;0 ;0 ;0 ;0 ;0 ;0 ;0 ;0 ;0 ;
364.78 ;0 ; ;0 ;0 ;0 ;0 ;0 ;0 ;0 ;0 ;0 ;
364.8 ;0 ; ;0 ;0 ;0 ;0 ;0 ;0 ;0 ;0 ;0 ;
364.82 ;0 ; ;0 ;0 ;0 ;0 ;0 ;0 ;0 ;0 ;0 ;
364.84 ;0 ; ;0 ;0 ;0 ;0 ;0 ;0 ;0 ;0 ;0 ;
364.86 ;0 ; ;0 ;0 ;0 ;0 ;0 ;0 ;0 ;0 ;0 ;
364.88 ;0 ; ;0 ;0 ;0 ;0 ;0 ;0 ;0 ;0 ;0 ;
364.9 ;0 ; ;0 ;0 ;0 ;0 ;0 ;0 ;0 ;0 ;0 ;
364.92 ;0 ; ;0 ;0 ;0 ;0 ;0 ;0 ;0 ;0 ;0 ;
364.94 ;0 ; ;0 ;0 ;0 ;0 ;0 ;0 ;0 ;0 ;0 ;
364.96 ;0 ; ;0 ;0 ;0 ;0 ;0 ;0 ;0 ;0 ;0 ;
364.98 ;0 ; ;0 ;0 ;0 ;0 ;0 ;0 ;0 ;0 ;0 ;
365 ;0 ; ;0 ;0 ;0 ;0 ;0 ;0 ;0 ;0 ;0 ;
365.02 ;0 ; ;0 ;0 ;0 ;0 ;0 ;0 ;0 ;0 ;0 ;
365.04 ;0 ; ;0 ;0 ;0 ;0 ;0 ;0 ;0 ;0 ;0 ;
365.06 ;0 ; ;0 ;0 ;0 ;0 ;0 ;0 ;0 ;0 ;0 ;
365.08 ;0 ; ;0 ;0 ;0 ;0 ;0 ;0 ;0 ;0 ;0 ;
365.1 ;0 ; ;0 ;0 ;0 ;0 ;0 ;0 ;0 ;0 ;0 ;
365.12 ;0 ; ;0 ;0 ;0 ;0 ;0 ;0 ;0 ;0 ;0 ;
365.14 ;0 ; ;0 ;0 ;0 ;0 ;0 ;0 ;0 ;0 ;0 ;
365.16 ;0 ; ;0 ;0 ;0 ;0 ;0 ;0 ;0 ;0 ;0 ;
365.18 ;0 ; ;0 ;0 ;0 ;0 ;0 ;0 ;0 ;0 ;0 ;
365.2 ;0 ; ;0 ;0 ;0 ;0 ;0 ;0 ;0 ;0 ;0 ;
365.22 ;0 ; ;0 ;0 ;0 ;0 ;0 ;0 ;0 ;0 ;0 ;
365.24 ;0 ; ;0 ;0 ;0 ;0 ;0 ;0 ;0 ;0 ;0 ;
365.26 ;0 ; ;0 ;0 ;0 ;0 ;0 ;0 ;0 ;0 ;0 ;
365.28 ;0 ; ;0 ;0 ;0 ;0 ;0 ;0 ;0 ;0 ;0 ;
365.3 ;0 ; ;0 ;0 ;0 ;0 ;0 ;0 ;0 ;0 ;0 ;
365.32 ;0 ; ;0 ;0 ;0 ;0 ;0 ;0 ;0 ;0 ;0 ;
365.34 ;0 ; ;0 ;0 ;0 ;0 ;0 ;0 ;0 ;0 ;0 ;
365.36 ;0 ; ;0 ;0 ;0 ;0 ;0 ;0 ;0 ;0 ;0 ;
365.38 ;0 ; ;0 ;0 ;0 ;0 ;0 ;0 ;0 ;0 ;0 ;
365.4 ;0 ; ;0 ;0 ;0 ;0 ;0 ;0 ;0 ;0 ;0 ;
365.42 ;0 ; ;0 ;0 ;0 ;0 ;0 ;0 ;0 ;0 ;0 ;
365.44 ;0 ; ;0 ;0 ;0 ;0 ;0 ;0 ;0 ;0 ;0 ;
365.46 ;0 ; ;0 ;0 ;0 ;0 ;0 ;0 ;0 ;0 ;0 ;
365.48 ;0 ; ;0 ;0 ;0 ;0 ;0 ;0 ;0 ;0 ;0 ;
365.5 ;0 ; ;0 ;0 ;0 ;0 ;0 ;0 ;0 ;0 ;0 ;
365.52 ;0 ; ;0 ;0 ;0 ;0 ;0 ;0 ;0 ;0 ;0 ;
365.54 ;0 ; ;0 ;0 ;0 ;0 ;0 ;0 ;0 ;0 ;0 ;
365.56 ;0 ; ;0 ;0 ;0 ;0 ;0 ;0 ;0 ;0 ;0 ;
365.58 ;0 ; ;0 ;0 ;0 ;0 ;0 ;0 ;0 ;0 ;0 ;
365.6 ;0 ; ;0 ;0 ;0 ;0 ;0 ;0 ;0 ;0 ;0 ;
365.62 ;0 ; ;0 ;0 ;0 ;0 ;0 ;0 ;0 ;0 ;0 ;
365.64 ;0 ; ;0 ;0 ;0 ;0 ;0 ;0 ;0 ;0 ;0 ;
365.66 ;0 ; ;0 ;0 ;0 ;0 ;0 ;0 ;0 ;0 ;0 ;
365.68 ;0 ; ;0 ;0 ;0 ;0 ;0 ;0 ;0 ;0 ;0 ;
365.7 ;0 ; ;0 ;0 ;0 ;0 ;0 ;0 ;0 ;0 ;0 ;
365.72 ;0 ; ;0 ;0 ;0 ;0 ;0 ;0 ;0 ;0 ;0 ;
365.74 ;0 ; ;0 ;0 ;0 ;0 ;0 ;0 ;0 ;0 ;0 ;
365.76 ;0 ; ;0 ;0 ;0 ;0 ;0 ;0 ;0 ;0 ;0 ;
365.78 ;0 ; ;0 ;0 ;0 ;0 ;0 ;0 ;0 ;0 ;0 ;
365.8 ;0 ; ;0 ;0 ;0 ;0 ;0 ;0 ;0 ;0 ;0 ;
365.82 ;0 ; ;0 ;0 ;0 ;0 ;0 ;0 ;0 ;0 ;0 ;
365.84 ;0 ; ;0 ;0 ;0 ;0 ;0 ;0 ;0 ;0 ;0 ;
365.86 ;0 ; ;0 ;0 ;0 ;0 ;0 ;0 ;0 ;0 ;0 ;
365.88 ;0 ; ;0 ;0 ;0 ;0 ;0 ;0 ;0 ;0 ;0 ;
365.9 ;0 ; ;0 ;0 ;0 ;0 ;0 ;0 ;0 ;0 ;0 ;
365.92 ;0 ; ;0 ;0 ;0 ;0 ;0 ;0 ;0 ;0 ;0 ;
365.94 ;0 ; ;0 ;0 ;0 ;0 ;0 ;0 ;0 ;0 ;0 ;
365.96 ;0 ; ;0 ;0 ;0 ;0 ;0 ;0 ;0 ;0 ;0 ;
365.98 ;0 ; ;0 ;0 ;0 ;0 ;0 ;0 ;0 ;0 ;0 ;
366 ;0 ; ;0 ;0 ;0 ;0 ;0 ;0 ;0 ;0 ;0 ;
366.02 ;0 ; ;0 ;0 ;0 ;0 ;0 ;0 ;0 ;0 ;0 ;
366.04 ;0 ; ;0 ;0 ;0 ;0 ;0 ;0 ;0 ;0 ;0 ;
366.06 ;0 ; ;0 ;0 ;0 ;0 ;0 ;0 ;0 ;0 ;0 ;
366.08 ;0 ; ;0 ;0 ;0 ;0 ;0 ;0 ;0 ;0 ;0 ;
366.1 ;0 ; ;0 ;0 ;0 ;0 ;0 ;0 ;0 ;0 ;0 ;
366.12 ;0 ; ;0 ;0 ;0 ;0 ;0 ;0 ;0 ;0 ;0 ;
366.14 ;0 ; ;0 ;0 ;0 ;0 ;0 ;0 ;0 ;0 ;0 ;
366.16 ;0 ; ;0 ;0 ;0 ;0 ;0 ;0 ;0 ;0 ;0 ;
366.18 ;0 ; ;0 ;0 ;0 ;0 ;0 ;0 ;0 ;0 ;0 ;
366.2 ;0 ; ;0 ;0 ;0 ;0 ;0 ;0 ;0 ;0 ;0 ;
366.22 ;0 ; ;0 ;0 ;0 ;0 ;0 ;0 ;0 ;0 ;0 ;
366.24 ;0 ; ;0 ;0 ;0 ;0 ;0 ;0 ;0 ;0 ;0 ;
366.26 ;0 ; ;0 ;0 ;0 ;0 ;0 ;0 ;0 ;0 ;0 ;
366.28 ;0 ; ;0 ;0 ;0 ;0 ;0 ;0 ;0 ;0 ;0 ;
366.3 ;0 ; ;0 ;0 ;0 ;0 ;0 ;0 ;0 ;0 ;0 ;
366.32 ;0 ; ;0 ;0 ;0 ;0 ;0 ;0 ;0 ;0 ;0 ;
366.34 ;0 ; ;0 ;0 ;0 ;0 ;0 ;0 ;0 ;0 ;0 ;
366.36 ;0 ; ;0 ;0 ;0 ;0 ;0 ;0 ;0 ;0 ;0 ;
366.38 ;0 ; ;0 ;0 ;0 ;0 ;0 ;0 ;0 ;0 ;0 ;
366.4 ;0 ; ;0 ;0 ;0 ;0 ;0 ;0 ;0 ;0 ;0 ;
366.42 ;0 ; ;0 ;0 ;0 ;0 ;0 ;0 ;0 ;0 ;0 ;
366.44 ;0 ; ;0 ;0 ;0 ;0 ;0 ;0 ;0 ;0 ;0 ;
366.46 ;0 ; ;0 ;0 ;0 ;0 ;0 ;0 ;0 ;0 ;0 ;
366.48 ;0 ; ;0 ;0 ;0 ;0 ;0 ;0 ;0 ;0 ;0 ;
366.5 ;0 ; ;0 ;0 ;0 ;0 ;0 ;0 ;0 ;0 ;0 ;
366.52 ;0 ; ;0 ;0 ;0 ;0 ;0 ;0 ;0 ;0 ;0 ;
366.54 ;0 ; ;0 ;0 ;0 ;0 ;0 ;0 ;0 ;0 ;0 ;
366.56 ;0 ; ;0 ;0 ;0 ;0 ;0 ;0 ;0 ;0 ;0 ;
366.58 ;0 ; ;0 ;0 ;0 ;0 ;0 ;0 ;0 ;0 ;0 ;
366.6 ;0 ; ;0 ;0 ;0 ;0 ;0 ;0 ;0 ;0 ;0 ;
366.62 ;0 ; ;0 ;0 ;0 ;0 ;0 ;0 ;0 ;0 ;0 ;
366.64 ;0 ; ;0 ;0 ;0 ;0 ;0 ;0 ;0 ;0 ;0 ;
366.66 ;0 ; ;0 ;0 ;0 ;0 ;0 ;0 ;0 ;0 ;0 ;
366.68 ;0 ; ;0 ;0 ;0 ;0 ;0 ;0 ;0 ;0 ;0 ;
366.7 ;0 ; ;0 ;0 ;0 ;0 ;0 ;0 ;0 ;0 ;0 ;
366.72 ;0 ; ;0 ;0 ;0 ;0 ;0 ;0 ;0 ;0 ;0 ;
366.74 ;0 ; ;0 ;0 ;0 ;0 ;0 ;0 ;0 ;0 ;0 ;
366.76 ;0 ; ;0 ;0 ;0 ;0 ;0 ;0 ;0 ;0 ;0 ;
366.78 ;0 ; ;0 ;0 ;0 ;0 ;0 ;0 ;0 ;0 ;0 ;
366.8 ;0 ; ;0 ;0 ;0 ;0 ;0 ;0 ;0 ;0 ;0 ;
366.82 ;0 ; ;0 ;0 ;0 ;0 ;0 ;0 ;0 ;0 ;0 ;
366.84 ;0 ; ;0 ;0 ;0 ;0 ;0 ;0 ;0 ;0 ;0 ;
366.86 ;0 ; ;0 ;0 ;0 ;0 ;0 ;0 ;0 ;0 ;0 ;
366.88 ;0 ; ;0 ;0 ;0 ;0 ;0 ;0 ;0 ;0 ;0 ;
366.9 ;0 ; ;0 ;0 ;0 ;0 ;0 ;0 ;0 ;0 ;0 ;
366.92 ;0 ; ;0 ;0 ;0 ;0 ;0 ;0 ;0 ;0 ;0 ;
366.94 ;0 ; ;0 ;0 ;0 ;0 ;0 ;0 ;0 ;0 ;0 ;
366.96 ;0 ; ;0 ;0 ;0 ;0 ;0 ;0 ;0 ;0 ;0 ;
366.98 ;0 ; ;0 ;0 ;0 ;0 ;0 ;0 ;0 ;0 ;0 ;
367 ;0 ; ;0 ;0 ;0 ;0 ;0 ;0 ;0 ;0 ;0 ;
367.02 ;0 ; ;0 ;0 ;0 ;0 ;0 ;0 ;0 ;0 ;0 ;
367.04 ;0 ; ;0 ;0 ;0 ;0 ;0 ;0 ;0 ;0 ;0 ;
367.06 ;0 ; ;0 ;0 ;0 ;0 ;0 ;0 ;0 ;0 ;0 ;
367.08 ;0 ; ;0 ;0 ;0 ;0 ;0 ;0 ;0 ;0 ;0 ;
367.1 ;0 ; ;0 ;0 ;0 ;0 ;0 ;0 ;0 ;0 ;0 ;
367.12 ;0 ; ;0 ;0 ;0 ;0 ;0 ;0 ;0 ;0 ;0 ;
367.14 ;0 ; ;0 ;0 ;0 ;0 ;0 ;0 ;0 ;0 ;0 ;
367.16 ;0 ; ;0 ;0 ;0 ;0 ;0 ;0 ;0 ;0 ;0 ;
367.18 ;0 ; ;0 ;0 ;0 ;0 ;0 ;0 ;0 ;0 ;0 ;
367.2 ;0 ; ;0 ;0 ;0 ;0 ;0 ;0 ;0 ;0 ;0 ;
367.22 ;0 ; ;0 ;0 ;0 ;0 ;0 ;0 ;0 ;0 ;0 ;
367.24 ;0 ; ;0 ;0 ;0 ;0 ;0 ;0 ;0 ;0 ;0 ;
367.26 ;0 ; ;0 ;0 ;0 ;0 ;0 ;0 ;0 ;0 ;0 ;
367.28 ;0 ; ;0 ;0 ;0 ;0 ;0 ;0 ;0 ;0 ;0 ;
367.3 ;0 ; ;0 ;0 ;0 ;0 ;0 ;0 ;0 ;0 ;0 ;
367.32 ;0 ; ;0 ;0 ;0 ;0 ;0 ;0 ;0 ;0 ;0 ;
367.34 ;0 ; ;0 ;0 ;0 ;0 ;0 ;0 ;0 ;0 ;0 ;
367.36 ;0 ; ;0 ;0 ;0 ;0 ;0 ;0 ;0 ;0 ;0 ;
367.38 ;0 ; ;0 ;0 ;0 ;0 ;0 ;0 ;0 ;0 ;0 ;
367.4 ;0 ; ;0 ;0 ;0 ;0 ;0 ;0 ;0 ;0 ;0 ;
367.42 ;0 ; ;0 ;0 ;0 ;0 ;0 ;0 ;0 ;0 ;0 ;
367.44 ;0 ; ;0 ;0 ;0 ;0 ;0 ;0 ;0 ;0 ;0 ;
367.46 ;0 ; ;0 ;0 ;0 ;0 ;0 ;0 ;0 ;0 ;0 ;
367.48 ;0 ; ;0 ;0 ;0 ;0 ;0 ;0 ;0 ;0 ;0 ;
367.5 ;0 ; ;0 ;0 ;0 ;0 ;0 ;0 ;0 ;0 ;0 ;
367.52 ;0 ; ;0 ;0 ;0 ;0 ;0 ;0 ;0 ;0 ;0 ;
367.54 ;0 ; ;0 ;0 ;0 ;0 ;0 ;0 ;0 ;0 ;0 ;
367.56 ;0 ; ;0 ;0 ;0 ;0 ;0 ;0 ;0 ;0 ;0 ;
367.58 ;0 ; ;0 ;0 ;0 ;0 ;0 ;0 ;0 ;0 ;0 ;
367.6 ;0 ; ;0 ;0 ;0 ;0 ;0 ;0 ;0 ;0 ;0 ;
367.62 ;0 ; ;0 ;0 ;0 ;0 ;0 ;0 ;0 ;0 ;0 ;
367.64 ;0 ; ;0 ;0 ;0 ;0 ;0 ;0 ;0 ;0 ;0 ;
367.66 ;0 ; ;0 ;0 ;0 ;0 ;0 ;0 ;0 ;0 ;0 ;
367.68 ;0 ; ;0 ;0 ;0 ;0 ;0 ;0 ;0 ;0 ;0 ;
367.7 ;0 ; ;0 ;0 ;0 ;0 ;0 ;0 ;0 ;0 ;0 ;
367.72 ;0 ; ;0 ;0 ;0 ;0 ;0 ;0 ;0 ;0 ;0 ;
367.74 ;0 ; ;0 ;0 ;0 ;0 ;0 ;0 ;0 ;0 ;0 ;
367.76 ;0 ; ;0 ;0 ;0 ;0 ;0 ;0 ;0 ;0 ;0 ;
367.78 ;0 ; ;0 ;0 ;0 ;0 ;0 ;0 ;0 ;0 ;0 ;
367.8 ;0 ; ;0 ;0 ;0 ;0 ;0 ;0 ;0 ;0 ;0 ;
367.82 ;0 ; ;0 ;0 ;0 ;0 ;0 ;0 ;0 ;0 ;0 ;
367.84 ;0 ; ;0 ;0 ;0 ;0 ;0 ;0 ;0 ;0 ;0 ;
367.86 ;0 ; ;0 ;0 ;0 ;0 ;0 ;0 ;0 ;0 ;0 ;
367.88 ;0 ; ;0 ;0 ;0 ;0 ;0 ;0 ;0 ;0 ;0 ;
367.9 ;0 ; ;0 ;0 ;0 ;0 ;0 ;0 ;0 ;0 ;0 ;
367.92 ;0 ; ;0 ;0 ;0 ;0 ;0 ;0 ;0 ;0 ;0 ;
367.94 ;0 ; ;0 ;0 ;0 ;0 ;0 ;0 ;0 ;0 ;0 ;
367.96 ;0 ; ;0 ;0 ;0 ;0 ;0 ;0 ;0 ;0 ;0 ;
367.98 ;0 ; ;0 ;0 ;0 ;0 ;0 ;0 ;0 ;0 ;0 ;
368 ;0 ; ;0 ;0 ;0 ;0 ;0 ;0 ;0 ;0 ;0 ;
368.02 ;0 ; ;0 ;0 ;0 ;0 ;0 ;0 ;0 ;0 ;0 ;
368.04 ;0 ; ;0 ;0 ;0 ;0 ;0 ;0 ;0 ;0 ;0 ;
368.06 ;0 ; ;0 ;0 ;0 ;0 ;0 ;0 ;0 ;0 ;0 ;
368.08 ;0 ; ;0 ;0 ;0 ;0 ;0 ;0 ;0 ;0 ;0 ;
368.1 ;0 ; ;0 ;0 ;0 ;0 ;0 ;0 ;0 ;0 ;0 ;
368.12 ;0 ; ;0 ;0 ;0 ;0 ;0 ;0 ;0 ;0 ;0 ;
368.14 ;0 ; ;0 ;0 ;0 ;0 ;0 ;0 ;0 ;0 ;0 ;
368.16 ;0 ; ;0 ;0 ;0 ;0 ;0 ;0 ;0 ;0 ;0 ;
368.18 ;0 ; ;0 ;0 ;0 ;0 ;0 ;0 ;0 ;0 ;0 ;
368.2 ;0 ; ;0 ;0 ;0 ;0 ;0 ;0 ;0 ;0 ;0 ;
368.22 ;0 ; ;0 ;0 ;0 ;0 ;0 ;0 ;0 ;0 ;0 ;
368.24 ;0 ; ;0 ;0 ;0 ;0 ;0 ;0 ;0 ;0 ;0 ;
368.26 ;0 ; ;0 ;0 ;0 ;0 ;0 ;0 ;0 ;0 ;0 ;
368.28 ;0 ; ;0 ;0 ;0 ;0 ;0 ;0 ;0 ;0 ;0 ;
368.3 ;0 ; ;0 ;0 ;0 ;0 ;0 ;0 ;0 ;0 ;0 ;
368.32 ;0 ; ;0 ;0 ;0 ;0 ;0 ;0 ;0 ;0 ;0 ;
368.34 ;0 ; ;0 ;0 ;0 ;0 ;0 ;0 ;0 ;0 ;0 ;
368.36 ;0 ; ;0 ;0 ;0 ;0 ;0 ;0 ;0 ;0 ;0 ;
368.38 ;0 ; ;0 ;0 ;0 ;0 ;0 ;0 ;0 ;0 ;0 ;
368.4 ;0 ; ;0 ;0 ;0 ;0 ;0 ;0 ;0 ;0 ;0 ;
368.42 ;0 ; ;0 ;0 ;0 ;0 ;0 ;0 ;0 ;0 ;0 ;
368.44 ;0 ; ;0 ;0 ;0 ;0 ;0 ;0 ;0 ;0 ;0 ;
368.46 ;0 ; ;0 ;0 ;0 ;0 ;0 ;0 ;0 ;0 ;0 ;
368.48 ;0 ; ;0 ;0 ;0 ;0 ;0 ;0 ;0 ;0 ;0 ;
368.5 ;0 ; ;0 ;0 ;0 ;0 ;0 ;0 ;0 ;0 ;0 ;
368.52 ;0 ; ;0 ;0 ;0 ;0 ;0 ;0 ;0 ;0 ;0 ;
368.54 ;0 ; ;0 ;0 ;0 ;0 ;0 ;0 ;0 ;0 ;0 ;
368.56 ;0 ; ;0 ;0 ;0 ;0 ;0 ;0 ;0 ;0 ;0 ;
368.58 ;0 ; ;0 ;0 ;0 ;0 ;0 ;0 ;0 ;0 ;0 ;
368.6 ;0 ; ;0 ;0 ;0 ;0 ;0 ;0 ;0 ;0 ;0 ;
368.62 ;0 ; ;0 ;0 ;0 ;0 ;0 ;0 ;0 ;0 ;0 ;
368.64 ;0 ; ;0 ;0 ;0 ;0 ;0 ;0 ;0 ;0 ;0 ;
368.66 ;0 ; ;0 ;0 ;0 ;0 ;0 ;0 ;0 ;0 ;0 ;
368.68 ;0 ; ;0 ;0 ;0 ;0 ;0 ;0 ;0 ;0 ;0 ;
368.7 ;0 ; ;0 ;0 ;0 ;0 ;0 ;0 ;0 ;0 ;0 ;
368.72 ;0 ; ;0 ;0 ;0 ;0 ;0 ;0 ;0 ;0 ;0 ;
368.74 ;0 ; ;0 ;0 ;0 ;0 ;0 ;0 ;0 ;0 ;0 ;
368.76 ;0 ; ;0 ;0 ;0 ;0 ;0 ;0 ;0 ;0 ;0 ;
368.78 ;0 ; ;0 ;0 ;0 ;0 ;0 ;0 ;0 ;0 ;0 ;
368.8 ;0 ; ;0 ;0 ;0 ;0 ;0 ;0 ;0 ;0 ;0 ;
368.82 ;0 ; ;0 ;0 ;0 ;0 ;0 ;0 ;0 ;0 ;0 ;
368.84 ;0 ; ;0 ;0 ;0 ;0 ;0 ;0 ;0 ;0 ;0 ;
368.86 ;0 ; ;0 ;0 ;0 ;0 ;0 ;0 ;0 ;0 ;0 ;
368.88 ;0 ; ;0 ;0 ;0 ;0 ;0 ;0 ;0 ;0 ;0 ;
368.9 ;0 ; ;0 ;0 ;0 ;0 ;0 ;0 ;0 ;0 ;0 ;
368.92 ;0 ; ;0 ;0 ;0 ;0 ;0 ;0 ;0 ;0 ;0 ;
368.94 ;0 ; ;0 ;0 ;0 ;0 ;0 ;0 ;0 ;0 ;0 ;
368.96 ;0 ; ;0 ;0 ;0 ;0 ;0 ;0 ;0 ;0 ;0 ;
368.98 ;0 ; ;0 ;0 ;0 ;0 ;0 ;0 ;0 ;0 ;0 ;
369 ;0 ; ;0 ;0 ;0 ;0 ;0 ;0 ;0 ;0 ;0 ;
369.02 ;0 ; ;0 ;0 ;0 ;0 ;0 ;0 ;0 ;0 ;0 ;
369.04 ;0 ; ;0 ;0 ;0 ;0 ;0 ;0 ;0 ;0 ;0 ;
369.06 ;0 ; ;0 ;0 ;0 ;0 ;0 ;0 ;0 ;0 ;0 ;
369.08 ;0 ; ;0 ;0 ;0 ;0 ;0 ;0 ;0 ;0 ;0 ;
369.1 ;0 ; ;0 ;0 ;0 ;0 ;0 ;0 ;0 ;0 ;0 ;
369.12 ;0 ; ;0 ;0 ;0 ;0 ;0 ;0 ;0 ;0 ;0 ;
369.14 ;0 ; ;0 ;0 ;0 ;0 ;0 ;0 ;0 ;0 ;0 ;
369.16 ;0 ; ;0 ;0 ;0 ;0 ;0 ;0 ;0 ;0 ;0 ;
369.18 ;0 ; ;0 ;0 ;0 ;0 ;0 ;0 ;0 ;0 ;0 ;
369.2 ;0 ; ;0 ;0 ;0 ;0 ;0 ;0 ;0 ;0 ;0 ;
369.22 ;0 ; ;0 ;0 ;0 ;0 ;0 ;0 ;0 ;0 ;0 ;
369.24 ;0 ; ;0 ;0 ;0 ;0 ;0 ;0 ;0 ;0 ;0 ;
369.26 ;0 ; ;0 ;0 ;0 ;0 ;0 ;0 ;0 ;0 ;0 ;
369.28 ;0 ; ;0 ;0 ;0 ;0 ;0 ;0 ;0 ;0 ;0 ;
369.3 ;0 ; ;0 ;0 ;0 ;0 ;0 ;0 ;0 ;0 ;0 ;
369.32 ;0 ; ;0 ;0 ;0 ;0 ;0 ;0 ;0 ;0 ;0 ;
369.34 ;0 ; ;0 ;0 ;0 ;0 ;0 ;0 ;0 ;0 ;0 ;
369.36 ;0 ; ;0 ;0 ;0 ;0 ;0 ;0 ;0 ;0 ;0 ;
369.38 ;0 ; ;0 ;0 ;0 ;0 ;0 ;0 ;0 ;0 ;0 ;
369.4 ;0 ; ;0 ;0 ;0 ;0 ;0 ;0 ;0 ;0 ;0 ;
369.42 ;0 ; ;0 ;0 ;0 ;0 ;0 ;0 ;0 ;0 ;0 ;
369.44 ;0 ; ;0 ;0 ;0 ;0 ;0 ;0 ;0 ;0 ;0 ;
369.46 ;0 ; ;0 ;0 ;0 ;0 ;0 ;0 ;0 ;0 ;0 ;
369.48 ;0 ; ;0 ;0 ;0 ;0 ;0 ;0 ;0 ;0 ;0 ;
369.5 ;0 ; ;0 ;0 ;0 ;0 ;0 ;0 ;0 ;0 ;0 ;
369.52 ;0 ; ;0 ;0 ;0 ;0 ;0 ;0 ;0 ;0 ;0 ;
369.54 ;0 ; ;0 ;0 ;0 ;0 ;0 ;0 ;0 ;0 ;0 ;
369.56 ;0 ; ;0 ;0 ;0 ;0 ;0 ;0 ;0 ;0 ;0 ;
369.58 ;0 ; ;0 ;0 ;0 ;0 ;0 ;0 ;0 ;0 ;0 ;
369.6 ;0 ; ;0 ;0 ;0 ;0 ;0 ;0 ;0 ;0 ;0 ;
369.62 ;0 ; ;0 ;0 ;0 ;0 ;0 ;0 ;0 ;0 ;0 ;
369.64 ;0 ; ;0 ;0 ;0 ;0 ;0 ;0 ;0 ;0 ;0 ;
369.66 ;0 ; ;0 ;0 ;0 ;0 ;0 ;0 ;0 ;0 ;0 ;
369.68 ;0 ; ;0 ;0 ;0 ;0 ;0 ;0 ;0 ;0 ;0 ;
369.7 ;0 ; ;0 ;0 ;0 ;0 ;0 ;0 ;0 ;0 ;0 ;
369.72 ;0 ; ;0 ;0 ;0 ;0 ;0 ;0 ;0 ;0 ;0 ;
369.74 ;0 ; ;0 ;0 ;0 ;0 ;0 ;0 ;0 ;0 ;0 ;
369.76 ;0 ; ;0 ;0 ;0 ;0 ;0 ;0 ;0 ;0 ;0 ;
369.78 ;0 ; ;0 ;0 ;0 ;0 ;0 ;0 ;0 ;0 ;0 ;
369.8 ;0 ; ;0 ;0 ;0 ;0 ;0 ;0 ;0 ;0 ;0 ;
369.82 ;0 ; ;0 ;0 ;0 ;0 ;0 ;0 ;0 ;0 ;0 ;
369.84 ;0 ; ;0 ;0 ;0 ;0 ;0 ;0 ;0 ;0 ;0 ;
369.86 ;0 ; ;0 ;0 ;0 ;0 ;0 ;0 ;0 ;0 ;0 ;
369.88 ;0 ; ;0 ;0 ;0 ;0 ;0 ;0 ;0 ;0 ;0 ;
369.9 ;0 ; ;0 ;0 ;0 ;0 ;0 ;0 ;0 ;0 ;0 ;
369.92 ;0 ; ;0 ;0 ;0 ;0 ;0 ;0 ;0 ;0 ;0 ;
369.94 ;0 ; ;0 ;0 ;0 ;0 ;0 ;0 ;0 ;0 ;0 ;
369.96 ;0 ; ;0 ;0 ;0 ;0 ;0 ;0 ;0 ;0 ;0 ;
369.98 ;0 ; ;0 ;0 ;0 ;0 ;0 ;0 ;0 ;0 ;0 ;
370 ;0 ; ;0 ;0 ;0 ;0 ;0 ;0 ;0 ;0 ;0 ;
370.02 ;0 ; ;0 ;0 ;0 ;0 ;0 ;0 ;0 ;0 ;0 ;
370.04 ;0 ; ;0 ;0 ;0 ;0 ;0 ;0 ;0 ;0 ;0 ;
370.06 ;0 ; ;0 ;0 ;0 ;0 ;0 ;0 ;0 ;0 ;0 ;
370.08 ;0 ; ;0 ;0 ;0 ;0 ;0 ;0 ;0 ;0 ;0 ;
370.1 ;0 ; ;0 ;0 ;0 ;0 ;0 ;0 ;0 ;0 ;0 ;
370.12 ;0 ; ;0 ;0 ;0 ;0 ;0 ;0 ;0 ;0 ;0 ;
370.14 ;0 ; ;0 ;0 ;0 ;0 ;0 ;0 ;0 ;0 ;0 ;
370.16 ;0 ; ;0 ;0 ;0 ;0 ;0 ;0 ;0 ;0 ;0 ;
370.18 ;0 ; ;0 ;0 ;0 ;0 ;0 ;0 ;0 ;0 ;0 ;
370.2 ;0 ; ;0 ;0 ;0 ;0 ;0 ;0 ;0 ;0 ;0 ;
370.22 ;0 ; ;0 ;0 ;0 ;0 ;0 ;0 ;0 ;0 ;0 ;
370.24 ;0 ; ;0 ;0 ;0 ;0 ;0 ;0 ;0 ;0 ;0 ;
370.26 ;0 ; ;0 ;0 ;0 ;0 ;0 ;0 ;0 ;0 ;0 ;
370.28 ;0 ; ;0 ;0 ;0 ;0 ;0 ;0 ;0 ;0 ;0 ;
370.3 ;0 ; ;0 ;0 ;0 ;0 ;0 ;0 ;0 ;0 ;0 ;
370.32 ;0 ; ;0 ;0 ;0 ;0 ;0 ;0 ;0 ;0 ;0 ;
370.34 ;0 ; ;0 ;0 ;0 ;0 ;0 ;0 ;0 ;0 ;0 ;
370.36 ;0 ; ;0 ;0 ;0 ;0 ;0 ;0 ;0 ;0 ;0 ;
370.38 ;0 ; ;0 ;0 ;0 ;0 ;0 ;0 ;0 ;0 ;0 ;
370.4 ;0 ; ;0 ;0 ;0 ;0 ;0 ;0 ;0 ;0 ;0 ;
370.42 ;0 ; ;0 ;0 ;0 ;0 ;0 ;0 ;0 ;0 ;0 ;
370.44 ;0 ; ;0 ;0 ;0 ;0 ;0 ;0 ;0 ;0 ;0 ;
370.46 ;0 ; ;0 ;0 ;0 ;0 ;0 ;0 ;0 ;0 ;0 ;
370.48 ;0 ; ;0 ;0 ;0 ;0 ;0 ;0 ;0 ;0 ;0 ;
370.5 ;0 ; ;0 ;0 ;0 ;0 ;0 ;0 ;0 ;0 ;0 ;
370.52 ;0 ; ;0 ;0 ;0 ;0 ;0 ;0 ;0 ;0 ;0 ;
370.54 ;0 ; ;0 ;0 ;0 ;0 ;0 ;0 ;0 ;0 ;0 ;
370.56 ;0 ; ;0 ;0 ;0 ;0 ;0 ;0 ;0 ;0 ;0 ;
370.58 ;0 ; ;0 ;0 ;0 ;0 ;0 ;0 ;0 ;0 ;0 ;
370.6 ;0 ; ;0 ;0 ;0 ;0 ;0 ;0 ;0 ;0 ;0 ;
370.62 ;0 ; ;0 ;0 ;0 ;0 ;0 ;0 ;0 ;0 ;0 ;
370.64 ;0 ; ;0 ;0 ;0 ;0 ;0 ;0 ;0 ;0 ;0 ;
370.66 ;0 ; ;0 ;0 ;0 ;0 ;0 ;0 ;0 ;0 ;0 ;
370.68 ;0 ; ;0 ;0 ;0 ;0 ;0 ;0 ;0 ;0 ;0 ;
370.7 ;0 ; ;0 ;0 ;0 ;0 ;0 ;0 ;0 ;0 ;0 ;
370.72 ;0 ; ;0 ;0 ;0 ;0 ;0 ;0 ;0 ;0 ;0 ;
370.74 ;0 ; ;0 ;0 ;0 ;0 ;0 ;0 ;0 ;0 ;0 ;
370.76 ;0 ; ;0 ;0 ;0 ;0 ;0 ;0 ;0 ;0 ;0 ;
370.78 ;0 ; ;0 ;0 ;0 ;0 ;0 ;0 ;0 ;0 ;0 ;
370.8 ;0 ; ;0 ;0 ;0 ;0 ;0 ;0 ;0 ;0 ;0 ;
370.82 ;0 ; ;0 ;0 ;0 ;0 ;0 ;0 ;0 ;0 ;0 ;
370.84 ;0 ; ;0 ;0 ;0 ;0 ;0 ;0 ;0 ;0 ;0 ;
370.86 ;0 ; ;0 ;0 ;0 ;0 ;0 ;0 ;0 ;0 ;0 ;
370.88 ;0 ; ;0 ;0 ;0 ;0 ;0 ;0 ;0 ;0 ;0 ;
370.9 ;0 ; ;0 ;0 ;0 ;0 ;0 ;0 ;0 ;0 ;0 ;
370.92 ;0 ; ;0 ;0 ;0 ;0 ;0 ;0 ;0 ;0 ;0 ;
370.94 ;0 ; ;0 ;0 ;0 ;0 ;0 ;0 ;0 ;0 ;0 ;
370.96 ;0 ; ;0 ;0 ;0 ;0 ;0 ;0 ;0 ;0 ;0 ;
370.98 ;0 ; ;0 ;0 ;0 ;0 ;0 ;0 ;0 ;0 ;0 ;
371 ;0 ; ;0 ;0 ;0 ;0 ;0 ;0 ;0 ;0 ;0 ;
371.02 ;0 ; ;0 ;0 ;0 ;0 ;0 ;0 ;0 ;0 ;0 ;
371.04 ;0 ; ;0 ;0 ;0 ;0 ;0 ;0 ;0 ;0 ;0 ;
371.06 ;0 ; ;0 ;0 ;0 ;0 ;0 ;0 ;0 ;0 ;0 ;
371.08 ;0 ; ;0 ;0 ;0 ;0 ;0 ;0 ;0 ;0 ;0 ;
371.1 ;0 ; ;0 ;0 ;0 ;0 ;0 ;0 ;0 ;0 ;0 ;
371.12 ;0 ; ;0 ;0 ;0 ;0 ;0 ;0 ;0 ;0 ;0 ;
371.14 ;0 ; ;0 ;0 ;0 ;0 ;0 ;0 ;0 ;0 ;0 ;
371.16 ;0 ; ;0 ;0 ;0 ;0 ;0 ;0 ;0 ;0 ;0 ;
371.18 ;0 ; ;0 ;0 ;0 ;0 ;0 ;0 ;0 ;0 ;0 ;
371.2 ;0 ; ;0 ;0 ;0 ;0 ;0 ;0 ;0 ;0 ;0 ;
371.22 ;0 ; ;0 ;0 ;0 ;0 ;0 ;0 ;0 ;0 ;0 ;
371.24 ;0 ; ;0 ;0 ;0 ;0 ;0 ;0 ;0 ;0 ;0 ;
371.26 ;0 ; ;0 ;0 ;0 ;0 ;0 ;0 ;0 ;0 ;0 ;
371.28 ;0 ; ;0 ;0 ;0 ;0 ;0 ;0 ;0 ;0 ;0 ;
371.3 ;0 ; ;0 ;0 ;0 ;0 ;0 ;0 ;0 ;0 ;0 ;
371.32 ;0 ; ;0 ;0 ;0 ;0 ;0 ;0 ;0 ;0 ;0 ;
371.34 ;0 ; ;0 ;0 ;0 ;0 ;0 ;0 ;0 ;0 ;0 ;
371.36 ;0 ; ;0 ;0 ;0 ;0 ;0 ;0 ;0 ;0 ;0 ;
371.38 ;0 ; ;0 ;0 ;0 ;0 ;0 ;0 ;0 ;0 ;0 ;
371.4 ;0 ; ;0 ;0 ;0 ;0 ;0 ;0 ;0 ;0 ;0 ;
371.42 ;0 ; ;0 ;0 ;0 ;0 ;0 ;0 ;0 ;0 ;0 ;
371.44 ;0 ; ;0 ;0 ;0 ;0 ;0 ;0 ;0 ;0 ;0 ;
371.46 ;0 ; ;0 ;0 ;0 ;0 ;0 ;0 ;0 ;0 ;0 ;
371.48 ;0 ; ;0 ;0 ;0 ;0 ;0 ;0 ;0 ;0 ;0 ;
371.5 ;0 ; ;0 ;0 ;0 ;0 ;0 ;0 ;0 ;0 ;0 ;
371.52 ;0 ; ;0 ;0 ;0 ;0 ;0 ;0 ;0 ;0 ;0 ;
371.54 ;0 ; ;0 ;0 ;0 ;0 ;0 ;0 ;0 ;0 ;0 ;
371.56 ;0 ; ;0 ;0 ;0 ;0 ;0 ;0 ;0 ;0 ;0 ;
371.58 ;0 ; ;0 ;0 ;0 ;0 ;0 ;0 ;0 ;0 ;0 ;
371.6 ;0 ; ;0 ;0 ;0 ;0 ;0 ;0 ;0 ;0 ;0 ;
371.62 ;0 ; ;0 ;0 ;0 ;0 ;0 ;0 ;0 ;0 ;0 ;
371.64 ;0 ; ;0 ;0 ;0 ;0 ;0 ;0 ;0 ;0 ;0 ;
371.66 ;0 ; ;0 ;0 ;0 ;0 ;0 ;0 ;0 ;0 ;0 ;
371.68 ;0 ; ;0 ;0 ;0 ;0 ;0 ;0 ;0 ;0 ;0 ;
371.7 ;0 ; ;0 ;0 ;0 ;0 ;0 ;0 ;0 ;0 ;0 ;
371.72 ;0 ; ;0 ;0 ;0 ;0 ;0 ;0 ;0 ;0 ;0 ;
371.74 ;0 ; ;0 ;0 ;0 ;0 ;0 ;0 ;0 ;0 ;0 ;
371.76 ;0 ; ;0 ;0 ;0 ;0 ;0 ;0 ;0 ;0 ;0 ;
371.78 ;0 ; ;0 ;0 ;0 ;0 ;0 ;0 ;0 ;0 ;0 ;
371.8 ;0 ; ;0 ;0 ;0 ;0 ;0 ;0 ;0 ;0 ;0 ;
371.82 ;0 ; ;0 ;0 ;0 ;0 ;0 ;0 ;0 ;0 ;0 ;
371.84 ;0 ; ;0 ;0 ;0 ;0 ;0 ;0 ;0 ;0 ;0 ;
371.86 ;0 ; ;0 ;0 ;0 ;0 ;0 ;0 ;0 ;0 ;0 ;
371.88 ;0 ; ;0 ;0 ;0 ;0 ;0 ;0 ;0 ;0 ;0 ;
371.9 ;0 ; ;0 ;0 ;0 ;0 ;0 ;0 ;0 ;0 ;0 ;
371.92 ;0 ; ;0 ;0 ;0 ;0 ;0 ;0 ;0 ;0 ;0 ;
371.94 ;0 ; ;0 ;0 ;0 ;0 ;0 ;0 ;0 ;0 ;0 ;
371.96 ;0 ; ;0 ;0 ;0 ;0 ;0 ;0 ;0 ;0 ;0 ;
371.98 ;0 ; ;0 ;0 ;0 ;0 ;0 ;0 ;0 ;0 ;0 ;
372 ;0 ; ;0 ;0 ;0 ;0 ;0 ;0 ;0 ;0 ;0 ;
372.02 ;0 ; ;0 ;0 ;0 ;0 ;0 ;0 ;0 ;0 ;0 ;
372.04 ;0 ; ;0 ;0 ;0 ;0 ;0 ;0 ;0 ;0 ;0 ;
372.06 ;0 ; ;0 ;0 ;0 ;0 ;0 ;0 ;0 ;0 ;0 ;
372.08 ;0 ; ;0 ;0 ;0 ;0 ;0 ;0 ;0 ;0 ;0 ;
372.1 ;0 ; ;0 ;0 ;0 ;0 ;0 ;0 ;0 ;0 ;0 ;
372.12 ;0 ; ;0 ;0 ;0 ;0 ;0 ;0 ;0 ;0 ;0 ;
372.14 ;0 ; ;0 ;0 ;0 ;0 ;0 ;0 ;0 ;0 ;0 ;
372.16 ;0 ; ;0 ;0 ;0 ;0 ;0 ;0 ;0 ;0 ;0 ;
372.18 ;0 ; ;0 ;0 ;0 ;0 ;0 ;0 ;0 ;0 ;0 ;
372.2 ;0 ; ;0 ;0 ;0 ;0 ;0 ;0 ;0 ;0 ;0 ;
372.22 ;0 ; ;0 ;0 ;0 ;0 ;0 ;0 ;0 ;0 ;0 ;
372.24 ;0 ; ;0 ;0 ;0 ;0 ;0 ;0 ;0 ;0 ;0 ;
372.26 ;0 ; ;0 ;0 ;0 ;0 ;0 ;0 ;0 ;0 ;0 ;
372.28 ;0 ; ;0 ;0 ;0 ;0 ;0 ;0 ;0 ;0 ;0 ;
372.3 ;0 ; ;0 ;0 ;0 ;0 ;0 ;0 ;0 ;0 ;0 ;
372.32 ;0 ; ;0 ;0 ;0 ;0 ;0 ;0 ;0 ;0 ;0 ;
372.34 ;0 ; ;0 ;0 ;0 ;0 ;0 ;0 ;0 ;0 ;0 ;
372.36 ;0 ; ;0 ;0 ;0 ;0 ;0 ;0 ;0 ;0 ;0 ;
372.38 ;0 ; ;0 ;0 ;0 ;0 ;0 ;0 ;0 ;0 ;0 ;
372.4 ;0 ; ;0 ;0 ;0 ;0 ;0 ;0 ;0 ;0 ;0 ;
372.42 ;0 ; ;0 ;0 ;0 ;0 ;0 ;0 ;0 ;0 ;0 ;
372.44 ;0 ; ;0 ;0 ;0 ;0 ;0 ;0 ;0 ;0 ;0 ;
372.46 ;0 ; ;0 ;0 ;0 ;0 ;0 ;0 ;0 ;0 ;0 ;
372.48 ;0 ; ;0 ;0 ;0 ;0 ;0 ;0 ;0 ;0 ;0 ;
372.5 ;0 ; ;0 ;0 ;0 ;0 ;0 ;0 ;0 ;0 ;0 ;
372.52 ;0 ; ;0 ;0 ;0 ;0 ;0 ;0 ;0 ;0 ;0 ;
372.54 ;0 ; ;0 ;0 ;0 ;0 ;0 ;0 ;0 ;0 ;0 ;
372.56 ;0 ; ;0 ;0 ;0 ;0 ;0 ;0 ;0 ;0 ;0 ;
372.58 ;0 ; ;0 ;0 ;0 ;0 ;0 ;0 ;0 ;0 ;0 ;
372.6 ;0 ; ;0 ;0 ;0 ;0 ;0 ;0 ;0 ;0 ;0 ;
372.62 ;0 ; ;0 ;0 ;0 ;0 ;0 ;0 ;0 ;0 ;0 ;
372.64 ;0 ; ;0 ;0 ;0 ;0 ;0 ;0 ;0 ;0 ;0 ;
372.66 ;0 ; ;0 ;0 ;0 ;0 ;0 ;0 ;0 ;0 ;0 ;
372.68 ;0 ; ;0 ;0 ;0 ;0 ;0 ;0 ;0 ;0 ;0 ;
372.7 ;0 ; ;0 ;0 ;0 ;0 ;0 ;0 ;0 ;0 ;0 ;
372.72 ;0 ; ;0 ;0 ;0 ;0 ;0 ;0 ;0 ;0 ;0 ;
372.74 ;0 ; ;0 ;0 ;0 ;0 ;0 ;0 ;0 ;0 ;0 ;
372.76 ;0 ; ;0 ;0 ;0 ;0 ;0 ;0 ;0 ;0 ;0 ;
372.78 ;0 ; ;0 ;0 ;0 ;0 ;0 ;0 ;0 ;0 ;0 ;
372.8 ;0 ; ;0 ;0 ;0 ;0 ;0 ;0 ;0 ;0 ;0 ;
372.82 ;0 ; ;0 ;0 ;0 ;0 ;0 ;0 ;0 ;0 ;0 ;
372.84 ;0 ; ;0 ;0 ;0 ;0 ;0 ;0 ;0 ;0 ;0 ;
372.86 ;0 ; ;0 ;0 ;0 ;0 ;0 ;0 ;0 ;0 ;0 ;
372.88 ;0 ; ;0 ;0 ;0 ;0 ;0 ;0 ;0 ;0 ;0 ;
372.9 ;0 ; ;0 ;0 ;0 ;0 ;0 ;0 ;0 ;0 ;0 ;
372.92 ;0 ; ;0 ;0 ;0 ;0 ;0 ;0 ;0 ;0 ;0 ;
372.94 ;0 ; ;0 ;0 ;0 ;0 ;0 ;0 ;0 ;0 ;0 ;
372.96 ;0 ; ;0 ;0 ;0 ;0 ;0 ;0 ;0 ;0 ;0 ;
372.98 ;0 ; ;0 ;0 ;0 ;0 ;0 ;0 ;0 ;0 ;0 ;
373 ;0 ; ;0 ;0 ;0 ;0 ;0 ;0 ;0 ;0 ;0 ;
373.02 ;0 ; ;0 ;0 ;0 ;0 ;0 ;0 ;0 ;0 ;0 ;
373.04 ;0 ; ;0 ;0 ;0 ;0 ;0 ;0 ;0 ;0 ;0 ;
373.06 ;0 ; ;0 ;0 ;0 ;0 ;0 ;0 ;0 ;0 ;0 ;
373.08 ;0 ; ;0 ;0 ;0 ;0 ;0 ;0 ;0 ;0 ;0 ;
373.1 ;0 ; ;0 ;0 ;0 ;0 ;0 ;0 ;0 ;0 ;0 ;
373.12 ;0 ; ;0 ;0 ;0 ;0 ;0 ;0 ;0 ;0 ;0 ;
373.14 ;0 ; ;0 ;0 ;0 ;0 ;0 ;0 ;0 ;0 ;0 ;
373.16 ;0 ; ;0 ;0 ;0 ;0 ;0 ;0 ;0 ;0 ;0 ;
373.18 ;0 ; ;0 ;0 ;0 ;0 ;0 ;0 ;0 ;0 ;0 ;
373.2 ;0 ; ;0 ;0 ;0 ;0 ;0 ;0 ;0 ;0 ;0 ;
373.22 ;0 ; ;0 ;0 ;0 ;0 ;0 ;0 ;0 ;0 ;0 ;
373.24 ;0 ; ;0 ;0 ;0 ;0 ;0 ;0 ;0 ;0 ;0 ;
373.26 ;0 ; ;0 ;0 ;0 ;0 ;0 ;0 ;0 ;0 ;0 ;
373.28 ;0 ; ;0 ;0 ;0 ;0 ;0 ;0 ;0 ;0 ;0 ;
373.3 ;0 ; ;0 ;0 ;0 ;0 ;0 ;0 ;0 ;0 ;0 ;
373.32 ;0 ; ;0 ;0 ;0 ;0 ;0 ;0 ;0 ;0 ;0 ;
373.34 ;0 ; ;0 ;0 ;0 ;0 ;0 ;0 ;0 ;0 ;0 ;
373.36 ;0 ; ;0 ;0 ;0 ;0 ;0 ;0 ;0 ;0 ;0 ;
373.38 ;0 ; ;0 ;0 ;0 ;0 ;0 ;0 ;0 ;0 ;0 ;
373.4 ;0 ; ;0 ;0 ;0 ;0 ;0 ;0 ;0 ;0 ;0 ;
373.42 ;0 ; ;0 ;0 ;0 ;0 ;0 ;0 ;0 ;0 ;0 ;
373.44 ;0 ; ;0 ;0 ;0 ;0 ;0 ;0 ;0 ;0 ;0 ;
373.46 ;0 ; ;0 ;0 ;0 ;0 ;0 ;0 ;0 ;0 ;0 ;
373.48 ;0 ; ;0 ;0 ;0 ;0 ;0 ;0 ;0 ;0 ;0 ;
373.5 ;0 ; ;0 ;0 ;0 ;0 ;0 ;0 ;0 ;0 ;0 ;
373.52 ;0 ; ;0 ;0 ;0 ;0 ;0 ;0 ;0 ;0 ;0 ;
373.54 ;0 ; ;0 ;0 ;0 ;0 ;0 ;0 ;0 ;0 ;0 ;
373.56 ;0 ; ;0 ;0 ;0 ;0 ;0 ;0 ;0 ;0 ;0 ;
373.58 ;0 ; ;0 ;0 ;0 ;0 ;0 ;0 ;0 ;0 ;0 ;
373.6 ;0 ; ;0 ;0 ;0 ;0 ;0 ;0 ;0 ;0 ;0 ;
373.62 ;0 ; ;0 ;0 ;0 ;0 ;0 ;0 ;0 ;0 ;0 ;
373.64 ;0 ; ;0 ;0 ;0 ;0 ;0 ;0 ;0 ;0 ;0 ;
373.66 ;0 ; ;0 ;0 ;0 ;0 ;0 ;0 ;0 ;0 ;0 ;
373.68 ;0 ; ;0 ;0 ;0 ;0 ;0 ;0 ;0 ;0 ;0 ;
373.7 ;0 ; ;0 ;0 ;0 ;0 ;0 ;0 ;0 ;0 ;0 ;
373.72 ;0 ; ;0 ;0 ;0 ;0 ;0 ;0 ;0 ;0 ;0 ;
373.74 ;0 ; ;0 ;0 ;0 ;0 ;0 ;0 ;0 ;0 ;0 ;
373.76 ;0 ; ;0 ;0 ;0 ;0 ;0 ;0 ;0 ;0 ;0 ;
373.78 ;0 ; ;0 ;0 ;0 ;0 ;0 ;0 ;0 ;0 ;0 ;
373.8 ;0 ; ;0 ;0 ;0 ;0 ;0 ;0 ;0 ;0 ;0 ;
373.82 ;0 ; ;0 ;0 ;0 ;0 ;0 ;0 ;0 ;0 ;0 ;
373.84 ;0 ; ;0 ;0 ;0 ;0 ;0 ;0 ;0 ;0 ;0 ;
373.86 ;0 ; ;0 ;0 ;0 ;0 ;0 ;0 ;0 ;0 ;0 ;
373.88 ;0 ; ;0 ;0 ;0 ;0 ;0 ;0 ;0 ;0 ;0 ;
373.9 ;0 ; ;0 ;0 ;0 ;0 ;0 ;0 ;0 ;0 ;0 ;
373.92 ;0 ; ;0 ;0 ;0 ;0 ;0 ;0 ;0 ;0 ;0 ;
373.94 ;0 ; ;0 ;0 ;0 ;0 ;0 ;0 ;0 ;0 ;0 ;
373.96 ;0 ; ;0 ;0 ;0 ;0 ;0 ;0 ;0 ;0 ;0 ;
373.98 ;0 ; ;0 ;0 ;0 ;0 ;0 ;0 ;0 ;0 ;0 ;
374 ;0 ; ;0 ;0 ;0 ;0 ;0 ;0 ;0 ;0 ;0 ;
374.02 ;0 ; ;0 ;0 ;0 ;0 ;0 ;0 ;0 ;0 ;0 ;
374.04 ;0 ; ;0 ;0 ;0 ;0 ;0 ;0 ;0 ;0 ;0 ;
374.06 ;0 ; ;0 ;0 ;0 ;0 ;0 ;0 ;0 ;0 ;0 ;
374.08 ;0 ; ;0 ;0 ;0 ;0 ;0 ;0 ;0 ;0 ;0 ;
374.1 ;0 ; ;0 ;0 ;0 ;0 ;0 ;0 ;0 ;0 ;0 ;
374.12 ;0 ; ;0 ;0 ;0 ;0 ;0 ;0 ;0 ;0 ;0 ;
374.14 ;0 ; ;0 ;0 ;0 ;0 ;0 ;0 ;0 ;0 ;0 ;
374.16 ;0 ; ;0 ;0 ;0 ;0 ;0 ;0 ;0 ;0 ;0 ;
374.18 ;0 ; ;0 ;0 ;0 ;0 ;0 ;0 ;0 ;0 ;0 ;
374.2 ;0 ; ;0 ;0 ;0 ;0 ;0 ;0 ;0 ;0 ;0 ;
374.22 ;0 ; ;0 ;0 ;0 ;0 ;0 ;0 ;0 ;0 ;0 ;
374.24 ;0 ; ;0 ;0 ;0 ;0 ;0 ;0 ;0 ;0 ;0 ;
374.26 ;0 ; ;0 ;0 ;0 ;0 ;0 ;0 ;0 ;0 ;0 ;
374.28 ;0 ; ;0 ;0 ;0 ;0 ;0 ;0 ;0 ;0 ;0 ;
374.3 ;0 ; ;0 ;0 ;0 ;0 ;0 ;0 ;0 ;0 ;0 ;
374.32 ;0 ; ;0 ;0 ;0 ;0 ;0 ;0 ;0 ;0 ;0 ;
374.34 ;0 ; ;0 ;0 ;0 ;0 ;0 ;0 ;0 ;0 ;0 ;
374.36 ;0 ; ;0 ;0 ;0 ;0 ;0 ;0 ;0 ;0 ;0 ;
374.38 ;0 ; ;0 ;0 ;0 ;0 ;0 ;0 ;0 ;0 ;0 ;
374.4 ;0 ; ;0 ;0 ;0 ;0 ;0 ;0 ;0 ;0 ;0 ;
374.42 ;0 ; ;0 ;0 ;0 ;0 ;0 ;0 ;0 ;0 ;0 ;
374.44 ;0 ; ;0 ;0 ;0 ;0 ;0 ;0 ;0 ;0 ;0 ;
374.46 ;0 ; ;0 ;0 ;0 ;0 ;0 ;0 ;0 ;0 ;0 ;
374.48 ;0 ; ;0 ;0 ;0 ;0 ;0 ;0 ;0 ;0 ;0 ;
374.5 ;0 ; ;0 ;0 ;0 ;0 ;0 ;0 ;0 ;0 ;0 ;
374.52 ;0 ; ;0 ;0 ;0 ;0 ;0 ;0 ;0 ;0 ;0 ;
374.54 ;0 ; ;0 ;0 ;0 ;0 ;0 ;0 ;0 ;0 ;0 ;
374.56 ;0 ; ;0 ;0 ;0 ;0 ;0 ;0 ;0 ;0 ;0 ;
374.58 ;0 ; ;0 ;0 ;0 ;0 ;0 ;0 ;0 ;0 ;0 ;
374.6 ;0 ; ;0 ;0 ;0 ;0 ;0 ;0 ;0 ;0 ;0 ;
374.62 ;0 ; ;0 ;0 ;0 ;0 ;0 ;0 ;0 ;0 ;0 ;
374.64 ;0 ; ;0 ;0 ;0 ;0 ;0 ;0 ;0 ;0 ;0 ;
374.66 ;0 ; ;0 ;0 ;0 ;0 ;0 ;0 ;0 ;0 ;0 ;
374.68 ;0 ; ;0 ;0 ;0 ;0 ;0 ;0 ;0 ;0 ;0 ;
374.7 ;0 ; ;0 ;0 ;0 ;0 ;0 ;0 ;0 ;0 ;0 ;
374.72 ;0 ; ;0 ;0 ;0 ;0 ;0 ;0 ;0 ;0 ;0 ;
374.74 ;0 ; ;0 ;0 ;0 ;0 ;0 ;0 ;0 ;0 ;0 ;
374.76 ;0 ; ;0 ;0 ;0 ;0 ;0 ;0 ;0 ;0 ;0 ;
374.78 ;0 ; ;0 ;0 ;0 ;0 ;0 ;0 ;0 ;0 ;0 ;
374.8 ;0 ; ;0 ;0 ;0 ;0 ;0 ;0 ;0 ;0 ;0 ;
374.82 ;0 ; ;0 ;0 ;0 ;0 ;0 ;0 ;0 ;0 ;0 ;
374.84 ;0 ; ;0 ;0 ;0 ;0 ;0 ;0 ;0 ;0 ;0 ;
374.86 ;0 ; ;0 ;0 ;0 ;0 ;0 ;0 ;0 ;0 ;0 ;
374.88 ;0 ; ;0 ;0 ;0 ;0 ;0 ;0 ;0 ;0 ;0 ;
374.9 ;0 ; ;0 ;0 ;0 ;0 ;0 ;0 ;0 ;0 ;0 ;
374.92 ;0 ; ;0 ;0 ;0 ;0 ;0 ;0 ;0 ;0 ;0 ;
374.94 ;0 ; ;0 ;0 ;0 ;0 ;0 ;0 ;0 ;0 ;0 ;
374.96 ;0 ; ;0 ;0 ;0 ;0 ;0 ;0 ;0 ;0 ;0 ;
374.98 ;0 ; ;0 ;0 ;0 ;0 ;0 ;0 ;0 ;0 ;0 ;
375 ;0 ; ;0 ;0 ;0 ;0 ;0 ;0 ;0 ;0 ;0 ;
375.02 ;0 ; ;0 ;0 ;0 ;0 ;0 ;0 ;0 ;0 ;0 ;
375.04 ;0 ; ;0 ;0 ;0 ;0 ;0 ;0 ;0 ;0 ;0 ;
375.06 ;0 ; ;0 ;0 ;0 ;0 ;0 ;0 ;0 ;0 ;0 ;
375.08 ;0 ; ;0 ;0 ;0 ;0 ;0 ;0 ;0 ;0 ;0 ;
375.1 ;0 ; ;0 ;0 ;0 ;0 ;0 ;0 ;0 ;0 ;0 ;
375.12 ;0 ; ;0 ;0 ;0 ;0 ;0 ;0 ;0 ;0 ;0 ;
375.14 ;0 ; ;0 ;0 ;0 ;0 ;0 ;0 ;0 ;0 ;0 ;
375.16 ;0 ; ;0 ;0 ;0 ;0 ;0 ;0 ;0 ;0 ;0 ;
375.18 ;0 ; ;0 ;0 ;0 ;0 ;0 ;0 ;0 ;0 ;0 ;
375.2 ;0 ; ;0 ;0 ;0 ;0 ;0 ;0 ;0 ;0 ;0 ;
375.22 ;0 ; ;0 ;0 ;0 ;0 ;0 ;0 ;0 ;0 ;0 ;
375.24 ;0 ; ;0 ;0 ;0 ;0 ;0 ;0 ;0 ;0 ;0 ;
375.26 ;0 ; ;0 ;0 ;0 ;0 ;0 ;0 ;0 ;0 ;0 ;
375.28 ;0 ; ;0 ;0 ;0 ;0 ;0 ;0 ;0 ;0 ;0 ;
375.3 ;0 ; ;0 ;0 ;0 ;0 ;0 ;0 ;0 ;0 ;0 ;
375.32 ;0 ; ;0 ;0 ;0 ;0 ;0 ;0 ;0 ;0 ;0 ;
375.34 ;0 ; ;0 ;0 ;0 ;0 ;0 ;0 ;0 ;0 ;0 ;
375.36 ;0 ; ;0 ;0 ;0 ;0 ;0 ;0 ;0 ;0 ;0 ;
375.38 ;0 ; ;0 ;0 ;0 ;0 ;0 ;0 ;0 ;0 ;0 ;
375.4 ;0 ; ;0 ;0 ;0 ;0 ;0 ;0 ;0 ;0 ;0 ;
375.42 ;0 ; ;0 ;0 ;0 ;0 ;0 ;0 ;0 ;0 ;0 ;
375.44 ;0 ; ;0 ;0 ;0 ;0 ;0 ;0 ;0 ;0 ;0 ;
375.46 ;0 ; ;0 ;0 ;0 ;0 ;0 ;0 ;0 ;0 ;0 ;
375.48 ;0 ; ;0 ;0 ;0 ;0 ;0 ;0 ;0 ;0 ;0 ;
375.5 ;0 ; ;0 ;0 ;0 ;0 ;0 ;0 ;0 ;0 ;0 ;
375.52 ;0 ; ;0 ;0 ;0 ;0 ;0 ;0 ;0 ;0 ;0 ;
375.54 ;0 ; ;0 ;0 ;0 ;0 ;0 ;0 ;0 ;0 ;0 ;
375.56 ;0 ; ;0 ;0 ;0 ;0 ;0 ;0 ;0 ;0 ;0 ;
375.58 ;0 ; ;0 ;0 ;0 ;0 ;0 ;0 ;0 ;0 ;0 ;
375.6 ;0 ; ;0 ;0 ;0 ;0 ;0 ;0 ;0 ;0 ;0 ;
375.62 ;0 ; ;0 ;0 ;0 ;0 ;0 ;0 ;0 ;0 ;0 ;
375.64 ;0 ; ;0 ;0 ;0 ;0 ;0 ;0 ;0 ;0 ;0 ;
375.66 ;0 ; ;0 ;0 ;0 ;0 ;0 ;0 ;0 ;0 ;0 ;
375.68 ;0 ; ;0 ;0 ;0 ;0 ;0 ;0 ;0 ;0 ;0 ;
375.7 ;0 ; ;0 ;0 ;0 ;0 ;0 ;0 ;0 ;0 ;0 ;
375.72 ;0 ; ;0 ;0 ;0 ;0 ;0 ;0 ;0 ;0 ;0 ;
375.74 ;0 ; ;0 ;0 ;0 ;0 ;0 ;0 ;0 ;0 ;0 ;
375.76 ;0 ; ;0 ;0 ;0 ;0 ;0 ;0 ;0 ;0 ;0 ;
375.78 ;0 ; ;0 ;0 ;0 ;0 ;0 ;0 ;0 ;0 ;0 ;
375.8 ;0 ; ;0 ;0 ;0 ;0 ;0 ;0 ;0 ;0 ;0 ;
375.82 ;0 ; ;0 ;0 ;0 ;0 ;0 ;0 ;0 ;0 ;0 ;
375.84 ;0 ; ;0 ;0 ;0 ;0 ;0 ;0 ;0 ;0 ;0 ;
375.86 ;0 ; ;0 ;0 ;0 ;0 ;0 ;0 ;0 ;0 ;0 ;
375.88 ;0 ; ;0 ;0 ;0 ;0 ;0 ;0 ;0 ;0 ;0 ;
375.9 ;0 ; ;0 ;0 ;0 ;0 ;0 ;0 ;0 ;0 ;0 ;
375.92 ;0 ; ;0 ;0 ;0 ;0 ;0 ;0 ;0 ;0 ;0 ;
375.94 ;0 ; ;0 ;0 ;0 ;0 ;0 ;0 ;0 ;0 ;0 ;
375.96 ;0 ; ;0 ;0 ;0 ;0 ;0 ;0 ;0 ;0 ;0 ;
375.98 ;0 ; ;0 ;0 ;0 ;0 ;0 ;0 ;0 ;0 ;0 ;
376 ;0 ; ;0 ;0 ;0 ;0 ;0 ;0 ;0 ;0 ;0 ;
376.02 ;0 ; ;0 ;0 ;0 ;0 ;0 ;0 ;0 ;0 ;0 ;
376.04 ;0 ; ;0 ;0 ;0 ;0 ;0 ;0 ;0 ;0 ;0 ;
376.06 ;0 ; ;0 ;0 ;0 ;0 ;0 ;0 ;0 ;0 ;0 ;
376.08 ;0 ; ;0 ;0 ;0 ;0 ;0 ;0 ;0 ;0 ;0 ;
376.1 ;0 ; ;0 ;0 ;0 ;0 ;0 ;0 ;0 ;0 ;0 ;
376.12 ;0 ; ;0 ;0 ;0 ;0 ;0 ;0 ;0 ;0 ;0 ;
376.14 ;0 ; ;0 ;0 ;0 ;0 ;0 ;0 ;0 ;0 ;0 ;
376.16 ;0 ; ;0 ;0 ;0 ;0 ;0 ;0 ;0 ;0 ;0 ;
376.18 ;0 ; ;0 ;0 ;0 ;0 ;0 ;0 ;0 ;0 ;0 ;
376.2 ;0 ; ;0 ;0 ;0 ;0 ;0 ;0 ;0 ;0 ;0 ;
376.22 ;0 ; ;0 ;0 ;0 ;0 ;0 ;0 ;0 ;0 ;0 ;
376.24 ;0 ; ;0 ;0 ;0 ;0 ;0 ;0 ;0 ;0 ;0 ;
376.26 ;0 ; ;0 ;0 ;0 ;0 ;0 ;0 ;0 ;0 ;0 ;
376.28 ;0 ; ;0 ;0 ;0 ;0 ;0 ;0 ;0 ;0 ;0 ;
376.3 ;0 ; ;0 ;0 ;0 ;0 ;0 ;0 ;0 ;0 ;0 ;
376.32 ;0 ; ;0 ;0 ;0 ;0 ;0 ;0 ;0 ;0 ;0 ;
376.34 ;0 ; ;0 ;0 ;0 ;0 ;0 ;0 ;0 ;0 ;0 ;
376.36 ;0 ; ;0 ;0 ;0 ;0 ;0 ;0 ;0 ;0 ;0 ;
376.38 ;0 ; ;0 ;0 ;0 ;0 ;0 ;0 ;0 ;0 ;0 ;
376.4 ;0 ; ;0 ;0 ;0 ;0 ;0 ;0 ;0 ;0 ;0 ;
376.42 ;0 ; ;0 ;0 ;0 ;0 ;0 ;0 ;0 ;0 ;0 ;
376.44 ;0 ; ;0 ;0 ;0 ;0 ;0 ;0 ;0 ;0 ;0 ;
376.46 ;0 ; ;0 ;0 ;0 ;0 ;0 ;0 ;0 ;0 ;0 ;
376.48 ;0 ; ;0 ;0 ;0 ;0 ;0 ;0 ;0 ;0 ;0 ;
376.5 ;0 ; ;0 ;0 ;0 ;0 ;0 ;0 ;0 ;0 ;0 ;
376.52 ;0 ; ;0 ;0 ;0 ;0 ;0 ;0 ;0 ;0 ;0 ;
376.54 ;0 ; ;0 ;0 ;0 ;0 ;0 ;0 ;0 ;0 ;0 ;
376.56 ;0 ; ;0 ;0 ;0 ;0 ;0 ;0 ;0 ;0 ;0 ;
376.58 ;0 ; ;0 ;0 ;0 ;0 ;0 ;0 ;0 ;0 ;0 ;
376.6 ;0 ; ;0 ;0 ;0 ;0 ;0 ;0 ;0 ;0 ;0 ;
376.62 ;0 ; ;0 ;0 ;0 ;0 ;0 ;0 ;0 ;0 ;0 ;
376.64 ;0 ; ;0 ;0 ;0 ;0 ;0 ;0 ;0 ;0 ;0 ;
376.66 ;0 ; ;0 ;0 ;0 ;0 ;0 ;0 ;0 ;0 ;0 ;
376.68 ;0 ; ;0 ;0 ;0 ;0 ;0 ;0 ;0 ;0 ;0 ;
376.7 ;0 ; ;0 ;0 ;0 ;0 ;0 ;0 ;0 ;0 ;0 ;
376.72 ;0 ; ;0 ;0 ;0 ;0 ;0 ;0 ;0 ;0 ;0 ;
376.74 ;0 ; ;0 ;0 ;0 ;0 ;0 ;0 ;0 ;0 ;0 ;
376.76 ;0 ; ;0 ;0 ;0 ;0 ;0 ;0 ;0 ;0 ;0 ;
376.78 ;0 ; ;0 ;0 ;0 ;0 ;0 ;0 ;0 ;0 ;0 ;
376.8 ;0 ; ;0 ;0 ;0 ;0 ;0 ;0 ;0 ;0 ;0 ;
376.82 ;0 ; ;0 ;0 ;0 ;0 ;0 ;0 ;0 ;0 ;0 ;
376.84 ;0 ; ;0 ;0 ;0 ;0 ;0 ;0 ;0 ;0 ;0 ;
376.86 ;0 ; ;0 ;0 ;0 ;0 ;0 ;0 ;0 ;0 ;0 ;
376.88 ;0 ; ;0 ;0 ;0 ;0 ;0 ;0 ;0 ;0 ;0 ;
376.9 ;0 ; ;0 ;0 ;0 ;0 ;0 ;0 ;0 ;0 ;0 ;
376.92 ;0 ; ;0 ;0 ;0 ;0 ;0 ;0 ;0 ;0 ;0 ;
376.94 ;0 ; ;0 ;0 ;0 ;0 ;0 ;0 ;0 ;0 ;0 ;
376.96 ;0 ; ;0 ;0 ;0 ;0 ;0 ;0 ;0 ;0 ;0 ;
376.98 ;0 ; ;0 ;0 ;0 ;0 ;0 ;0 ;0 ;0 ;0 ;
377 ;0 ; ;0 ;0 ;0 ;0 ;0 ;0 ;0 ;0 ;0 ;
377.02 ;0 ; ;0 ;0 ;0 ;0 ;0 ;0 ;0 ;0 ;0 ;
377.04 ;0 ; ;0 ;0 ;0 ;0 ;0 ;0 ;0 ;0 ;0 ;
377.06 ;0 ; ;0 ;0 ;0 ;0 ;0 ;0 ;0 ;0 ;0 ;
377.08 ;0 ; ;0 ;0 ;0 ;0 ;0 ;0 ;0 ;0 ;0 ;
377.1 ;0 ; ;0 ;0 ;0 ;0 ;0 ;0 ;0 ;0 ;0 ;
377.12 ;0 ; ;0 ;0 ;0 ;0 ;0 ;0 ;0 ;0 ;0 ;
377.14 ;0 ; ;0 ;0 ;0 ;0 ;0 ;0 ;0 ;0 ;0 ;
377.16 ;0 ; ;0 ;0 ;0 ;0 ;0 ;0 ;0 ;0 ;0 ;
377.18 ;0 ; ;0 ;0 ;0 ;0 ;0 ;0 ;0 ;0 ;0 ;
377.2 ;0 ; ;0 ;0 ;0 ;0 ;0 ;0 ;0 ;0 ;0 ;
377.22 ;0 ; ;0 ;0 ;0 ;0 ;0 ;0 ;0 ;0 ;0 ;
377.24 ;0 ; ;0 ;0 ;0 ;0 ;0 ;0 ;0 ;0 ;0 ;
377.26 ;0 ; ;0 ;0 ;0 ;0 ;0 ;0 ;0 ;0 ;0 ;
377.28 ;0 ; ;0 ;0 ;0 ;0 ;0 ;0 ;0 ;0 ;0 ;
377.3 ;0 ; ;0 ;0 ;0 ;0 ;0 ;0 ;0 ;0 ;0 ;
377.32 ;0 ; ;0 ;0 ;0 ;0 ;0 ;0 ;0 ;0 ;0 ;
377.34 ;0 ; ;0 ;0 ;0 ;0 ;0 ;0 ;0 ;0 ;0 ;
377.36 ;0 ; ;0 ;0 ;0 ;0 ;0 ;0 ;0 ;0 ;0 ;
377.38 ;0 ; ;0 ;0 ;0 ;0 ;0 ;0 ;0 ;0 ;0 ;
377.4 ;0 ; ;0 ;0 ;0 ;0 ;0 ;0 ;0 ;0 ;0 ;
377.42 ;0 ; ;0 ;0 ;0 ;0 ;0 ;0 ;0 ;0 ;0 ;
377.44 ;0 ; ;0 ;0 ;0 ;0 ;0 ;0 ;0 ;0 ;0 ;
377.46 ;0 ; ;0 ;0 ;0 ;0 ;0 ;0 ;0 ;0 ;0 ;
377.48 ;0 ; ;0 ;0 ;0 ;0 ;0 ;0 ;0 ;0 ;0 ;
377.5 ;0 ; ;0 ;0 ;0 ;0 ;0 ;0 ;0 ;0 ;0 ;
377.52 ;0 ; ;0 ;0 ;0 ;0 ;0 ;0 ;0 ;0 ;0 ;
377.54 ;0 ; ;0 ;0 ;0 ;0 ;0 ;0 ;0 ;0 ;0 ;
377.56 ;0 ; ;0 ;0 ;0 ;0 ;0 ;0 ;0 ;0 ;0 ;
377.58 ;0 ; ;0 ;0 ;0 ;0 ;0 ;0 ;0 ;0 ;0 ;
377.6 ;0 ; ;0 ;0 ;0 ;0 ;0 ;0 ;0 ;0 ;0 ;
377.62 ;0 ; ;0 ;0 ;0 ;0 ;0 ;0 ;0 ;0 ;0 ;
377.64 ;0 ; ;0 ;0 ;0 ;0 ;0 ;0 ;0 ;0 ;0 ;
377.66 ;0 ; ;0 ;0 ;0 ;0 ;0 ;0 ;0 ;0 ;0 ;
377.68 ;0 ; ;0 ;0 ;0 ;0 ;0 ;0 ;0 ;0 ;0 ;
377.7 ;0 ; ;0 ;0 ;0 ;0 ;0 ;0 ;0 ;0 ;0 ;
377.72 ;0 ; ;0 ;0 ;0 ;0 ;0 ;0 ;0 ;0 ;0 ;
377.74 ;0 ; ;0 ;0 ;0 ;0 ;0 ;0 ;0 ;0 ;0 ;
377.76 ;0 ; ;0 ;0 ;0 ;0 ;0 ;0 ;0 ;0 ;0 ;
377.78 ;0 ; ;0 ;0 ;0 ;0 ;0 ;0 ;0 ;0 ;0 ;
377.8 ;0 ; ;0 ;0 ;0 ;0 ;0 ;0 ;0 ;0 ;0 ;
377.82 ;0 ; ;0 ;0 ;0 ;0 ;0 ;0 ;0 ;0 ;0 ;
377.84 ;0 ; ;0 ;0 ;0 ;0 ;0 ;0 ;0 ;0 ;0 ;
377.86 ;0 ; ;0 ;0 ;0 ;0 ;0 ;0 ;0 ;0 ;0 ;
377.88 ;0 ; ;0 ;0 ;0 ;0 ;0 ;0 ;0 ;0 ;0 ;
377.9 ;0 ; ;0 ;0 ;0 ;0 ;0 ;0 ;0 ;0 ;0 ;
377.92 ;0 ; ;0 ;0 ;0 ;0 ;0 ;0 ;0 ;0 ;0 ;
377.94 ;0 ; ;0 ;0 ;0 ;0 ;0 ;0 ;0 ;0 ;0 ;
377.96 ;0 ; ;0 ;0 ;0 ;0 ;0 ;0 ;0 ;0 ;0 ;
377.98 ;0 ; ;0 ;0 ;0 ;0 ;0 ;0 ;0 ;0 ;0 ;
378 ;0 ; ;0 ;0 ;0 ;0 ;0 ;0 ;0 ;0 ;0 ;
378.02 ;0 ; ;0 ;0 ;0 ;0 ;0 ;0 ;0 ;0 ;0 ;
378.04 ;0 ; ;0 ;0 ;0 ;0 ;0 ;0 ;0 ;0 ;0 ;
378.06 ;0 ; ;0 ;0 ;0 ;0 ;0 ;0 ;0 ;0 ;0 ;
378.08 ;0 ; ;0 ;0 ;0 ;0 ;0 ;0 ;0 ;0 ;0 ;
378.1 ;0 ; ;0 ;0 ;0 ;0 ;0 ;0 ;0 ;0 ;0 ;
378.12 ;0 ; ;0 ;0 ;0 ;0 ;0 ;0 ;0 ;0 ;0 ;
378.14 ;0 ; ;0 ;0 ;0 ;0 ;0 ;0 ;0 ;0 ;0 ;
378.16 ;0 ; ;0 ;0 ;0 ;0 ;0 ;0 ;0 ;0 ;0 ;
378.18 ;0 ; ;0 ;0 ;0 ;0 ;0 ;0 ;0 ;0 ;0 ;
378.2 ;0 ; ;0 ;0 ;0 ;0 ;0 ;0 ;0 ;0 ;0 ;
378.22 ;0 ; ;0 ;0 ;0 ;0 ;0 ;0 ;0 ;0 ;0 ;
378.24 ;0 ; ;0 ;0 ;0 ;0 ;0 ;0 ;0 ;0 ;0 ;
378.26 ;0 ; ;0 ;0 ;0 ;0 ;0 ;0 ;0 ;0 ;0 ;
378.28 ;0 ; ;0 ;0 ;0 ;0 ;0 ;0 ;0 ;0 ;0 ;
378.3 ;0 ; ;0 ;0 ;0 ;0 ;0 ;0 ;0 ;0 ;0 ;
378.32 ;0 ; ;0 ;0 ;0 ;0 ;0 ;0 ;0 ;0 ;0 ;
378.34 ;0 ; ;0 ;0 ;0 ;0 ;0 ;0 ;0 ;0 ;0 ;
378.36 ;0 ; ;0 ;0 ;0 ;0 ;0 ;0 ;0 ;0 ;0 ;
378.38 ;0 ; ;0 ;0 ;0 ;0 ;0 ;0 ;0 ;0 ;0 ;
378.4 ;0 ; ;0 ;0 ;0 ;0 ;0 ;0 ;0 ;0 ;0 ;
378.42 ;0 ; ;0 ;0 ;0 ;0 ;0 ;0 ;0 ;0 ;0 ;
378.44 ;0 ; ;0 ;0 ;0 ;0 ;0 ;0 ;0 ;0 ;0 ;
378.46 ;0 ; ;0 ;0 ;0 ;0 ;0 ;0 ;0 ;0 ;0 ;
378.48 ;0 ; ;0 ;0 ;0 ;0 ;0 ;0 ;0 ;0 ;0 ;
378.5 ;0 ; ;0 ;0 ;0 ;0 ;0 ;0 ;0 ;0 ;0 ;
378.52 ;0 ; ;0 ;0 ;0 ;0 ;0 ;0 ;0 ;0 ;0 ;
378.54 ;0 ; ;0 ;0 ;0 ;0 ;0 ;0 ;0 ;0 ;0 ;
378.56 ;0 ; ;0 ;0 ;0 ;0 ;0 ;0 ;0 ;0 ;0 ;
378.58 ;0 ; ;0 ;0 ;0 ;0 ;0 ;0 ;0 ;0 ;0 ;
378.6 ;0 ; ;0 ;0 ;0 ;0 ;0 ;0 ;0 ;0 ;0 ;
378.62 ;0 ; ;0 ;0 ;0 ;0 ;0 ;0 ;0 ;0 ;0 ;
378.64 ;0 ; ;0 ;0 ;0 ;0 ;0 ;0 ;0 ;0 ;0 ;
378.66 ;0 ; ;0 ;0 ;0 ;0 ;0 ;0 ;0 ;0 ;0 ;
378.68 ;0 ; ;0 ;0 ;0 ;0 ;0 ;0 ;0 ;0 ;0 ;
378.7 ;0 ; ;0 ;0 ;0 ;0 ;0 ;0 ;0 ;0 ;0 ;
378.72 ;0 ; ;0 ;0 ;0 ;0 ;0 ;0 ;0 ;0 ;0 ;
378.74 ;0 ; ;0 ;0 ;0 ;0 ;0 ;0 ;0 ;0 ;0 ;
378.76 ;0 ; ;0 ;0 ;0 ;0 ;0 ;0 ;0 ;0 ;0 ;
378.78 ;0 ; ;0 ;0 ;0 ;0 ;0 ;0 ;0 ;0 ;0 ;
378.8 ;0 ; ;0 ;0 ;0 ;0 ;0 ;0 ;0 ;0 ;0 ;
378.82 ;0 ; ;0 ;0 ;0 ;0 ;0 ;0 ;0 ;0 ;0 ;
378.84 ;0 ; ;0 ;0 ;0 ;0 ;0 ;0 ;0 ;0 ;0 ;
378.86 ;0 ; ;0 ;0 ;0 ;0 ;0 ;0 ;0 ;0 ;0 ;
378.88 ;0 ; ;0 ;0 ;0 ;0 ;0 ;0 ;0 ;0 ;0 ;
378.9 ;0 ; ;0 ;0 ;0 ;0 ;0 ;0 ;0 ;0 ;0 ;
378.92 ;0 ; ;0 ;0 ;0 ;0 ;0 ;0 ;0 ;0 ;0 ;
378.94 ;0 ; ;0 ;0 ;0 ;0 ;0 ;0 ;0 ;0 ;0 ;
378.96 ;0 ; ;0 ;0 ;0 ;0 ;0 ;0 ;0 ;0 ;0 ;
378.98 ;0 ; ;0 ;0 ;0 ;0 ;0 ;0 ;0 ;0 ;0 ;
379 ;0 ; ;0 ;0 ;0 ;0 ;0 ;0 ;0 ;0 ;0 ;
379.02 ;0 ; ;0 ;0 ;0 ;0 ;0 ;0 ;0 ;0 ;0 ;
379.04 ;0 ; ;0 ;0 ;0 ;0 ;0 ;0 ;0 ;0 ;0 ;
379.06 ;0 ; ;0 ;0 ;0 ;0 ;0 ;0 ;0 ;0 ;0 ;
379.08 ;0 ; ;0 ;0 ;0 ;0 ;0 ;0 ;0 ;0 ;0 ;
379.1 ;0 ; ;0 ;0 ;0 ;0 ;0 ;0 ;0 ;0 ;0 ;
379.12 ;0 ; ;0 ;0 ;0 ;0 ;0 ;0 ;0 ;0 ;0 ;
379.14 ;0 ; ;0 ;0 ;0 ;0 ;0 ;0 ;0 ;0 ;0 ;
379.16 ;0 ; ;0 ;0 ;0 ;0 ;0 ;0 ;0 ;0 ;0 ;
379.18 ;0 ; ;0 ;0 ;0 ;0 ;0 ;0 ;0 ;0 ;0 ;
379.2 ;0 ; ;0 ;0 ;0 ;0 ;0 ;0 ;0 ;0 ;0 ;
379.22 ;0 ; ;0 ;0 ;0 ;0 ;0 ;0 ;0 ;0 ;0 ;
379.24 ;0 ; ;0 ;0 ;0 ;0 ;0 ;0 ;0 ;0 ;0 ;
379.26 ;0 ; ;0 ;0 ;0 ;0 ;0 ;0 ;0 ;0 ;0 ;
379.28 ;0 ; ;0 ;0 ;0 ;0 ;0 ;0 ;0 ;0 ;0 ;
379.3 ;0 ; ;0 ;0 ;0 ;0 ;0 ;0 ;0 ;0 ;0 ;
379.32 ;0 ; ;0 ;0 ;0 ;0 ;0 ;0 ;0 ;0 ;0 ;
379.34 ;0 ; ;0 ;0 ;0 ;0 ;0 ;0 ;0 ;0 ;0 ;
379.36 ;0 ; ;0 ;0 ;0 ;0 ;0 ;0 ;0 ;0 ;0 ;
379.38 ;0 ; ;0 ;0 ;0 ;0 ;0 ;0 ;0 ;0 ;0 ;
379.4 ;0 ; ;0 ;0 ;0 ;0 ;0 ;0 ;0 ;0 ;0 ;
379.42 ;0 ; ;0 ;0 ;0 ;0 ;0 ;0 ;0 ;0 ;0 ;
379.44 ;0 ; ;0 ;0 ;0 ;0 ;0 ;0 ;0 ;0 ;0 ;
379.46 ;0 ; ;0 ;0 ;0 ;0 ;0 ;0 ;0 ;0 ;0 ;
379.48 ;0 ; ;0 ;0 ;0 ;0 ;0 ;0 ;0 ;0 ;0 ;
379.5 ;0 ; ;0 ;0 ;0 ;0 ;0 ;0 ;0 ;0 ;0 ;
379.52 ;0 ; ;0 ;0 ;0 ;0 ;0 ;0 ;0 ;0 ;0 ;
379.54 ;0 ; ;0 ;0 ;0 ;0 ;0 ;0 ;0 ;0 ;0 ;
379.56 ;0 ; ;0 ;0 ;0 ;0 ;0 ;0 ;0 ;0 ;0 ;
379.58 ;0 ; ;0 ;0 ;0 ;0 ;0 ;0 ;0 ;0 ;0 ;
379.6 ;0 ; ;0 ;0 ;0 ;0 ;0 ;0 ;0 ;0 ;0 ;
379.62 ;0 ; ;0 ;0 ;0 ;0 ;0 ;0 ;0 ;0 ;0 ;
379.64 ;0 ; ;0 ;0 ;0 ;0 ;0 ;0 ;0 ;0 ;0 ;
379.66 ;0 ; ;0 ;0 ;0 ;0 ;0 ;0 ;0 ;0 ;0 ;
379.68 ;0 ; ;0 ;0 ;0 ;0 ;0 ;0 ;0 ;0 ;0 ;
379.7 ;0 ; ;0 ;0 ;0 ;0 ;0 ;0 ;0 ;0 ;0 ;
379.72 ;0 ; ;0 ;0 ;0 ;0 ;0 ;0 ;0 ;0 ;0 ;
379.74 ;0 ; ;0 ;0 ;0 ;0 ;0 ;0 ;0 ;0 ;0 ;
379.76 ;0 ; ;0 ;0 ;0 ;0 ;0 ;0 ;0 ;0 ;0 ;
379.78 ;0 ; ;0 ;0 ;0 ;0 ;0 ;0 ;0 ;0 ;0 ;
379.8 ;0 ; ;0 ;0 ;0 ;0 ;0 ;0 ;0 ;0 ;0 ;
379.82 ;0 ; ;0 ;0 ;0 ;0 ;0 ;0 ;0 ;0 ;0 ;
379.84 ;0 ; ;0 ;0 ;0 ;0 ;0 ;0 ;0 ;0 ;0 ;
379.86 ;0 ; ;0 ;0 ;0 ;0 ;0 ;0 ;0 ;0 ;0 ;
379.88 ;0 ; ;0 ;0 ;0 ;0 ;0 ;0 ;0 ;0 ;0 ;
379.9 ;0 ; ;0 ;0 ;0 ;0 ;0 ;0 ;0 ;0 ;0 ;
379.92 ;0 ; ;0 ;0 ;0 ;0 ;0 ;0 ;0 ;0 ;0 ;
379.94 ;0 ; ;0 ;0 ;0 ;0 ;0 ;0 ;0 ;0 ;0 ;
379.96 ;0 ; ;0 ;0 ;0 ;0 ;0 ;0 ;0 ;0 ;0 ;
379.98 ;0 ; ;0 ;0 ;0 ;0 ;0 ;0 ;0 ;0 ;0 ;
380 ;0 ; ;0 ;0 ;0 ;0 ;0 ;0 ;0 ;0 ;0 ;
380.02 ;0 ; ;0 ;0 ;0 ;0 ;0 ;0 ;0 ;0 ;0 ;
380.04 ;0 ; ;0 ;0 ;0 ;0 ;0 ;0 ;0 ;0 ;0 ;
380.06 ;0 ; ;0 ;0 ;0 ;0 ;0 ;0 ;0 ;0 ;0 ;
380.08 ;0 ; ;0 ;0 ;0 ;0 ;0 ;0 ;0 ;0 ;0 ;
380.1 ;0 ; ;0 ;0 ;0 ;0 ;0 ;0 ;0 ;0 ;0 ;
380.12 ;0 ; ;0 ;0 ;0 ;0 ;0 ;0 ;0 ;0 ;0 ;
380.14 ;0 ; ;0 ;0 ;0 ;0 ;0 ;0 ;0 ;0 ;0 ;
380.16 ;0 ; ;0 ;0 ;0 ;0 ;0 ;0 ;0 ;0 ;0 ;
380.18 ;0 ; ;0 ;0 ;0 ;0 ;0 ;0 ;0 ;0 ;0 ;
380.2 ;0 ; ;0 ;0 ;0 ;0 ;0 ;0 ;0 ;0 ;0 ;
380.22 ;0 ; ;0 ;0 ;0 ;0 ;0 ;0 ;0 ;0 ;0 ;
380.24 ;0 ; ;0 ;0 ;0 ;0 ;0 ;0 ;0 ;0 ;0 ;
380.26 ;0 ; ;0 ;0 ;0 ;0 ;0 ;0 ;0 ;0 ;0 ;
380.28 ;0 ; ;0 ;0 ;0 ;0 ;0 ;0 ;0 ;0 ;0 ;
380.3 ;0 ; ;0 ;0 ;0 ;0 ;0 ;0 ;0 ;0 ;0 ;
380.32 ;0 ; ;0 ;0 ;0 ;0 ;0 ;0 ;0 ;0 ;0 ;
380.34 ;0 ; ;0 ;0 ;0 ;0 ;0 ;0 ;0 ;0 ;0 ;
380.36 ;0 ; ;0 ;0 ;0 ;0 ;0 ;0 ;0 ;0 ;0 ;
380.38 ;0 ; ;0 ;0 ;0 ;0 ;0 ;0 ;0 ;0 ;0 ;
380.4 ;0 ; ;0 ;0 ;0 ;0 ;0 ;0 ;0 ;0 ;0 ;
380.42 ;0 ; ;0 ;0 ;0 ;0 ;0 ;0 ;0 ;0 ;0 ;
380.44 ;0 ; ;0 ;0 ;0 ;0 ;0 ;0 ;0 ;0 ;0 ;
380.46 ;0 ; ;0 ;0 ;0 ;0 ;0 ;0 ;0 ;0 ;0 ;
380.48 ;0 ; ;0 ;0 ;0 ;0 ;0 ;0 ;0 ;0 ;0 ;
380.5 ;0 ; ;0 ;0 ;0 ;0 ;0 ;0 ;0 ;0 ;0 ;
380.52 ;0 ; ;0 ;0 ;0 ;0 ;0 ;0 ;0 ;0 ;0 ;
380.54 ;0 ; ;0 ;0 ;0 ;0 ;0 ;0 ;0 ;0 ;0 ;
380.56 ;0 ; ;0 ;0 ;0 ;0 ;0 ;0 ;0 ;0 ;0 ;
380.58 ;0 ; ;0 ;0 ;0 ;0 ;0 ;0 ;0 ;0 ;0 ;
380.6 ;0 ; ;0 ;0 ;0 ;0 ;0 ;0 ;0 ;0 ;0 ;
380.62 ;0 ; ;0 ;0 ;0 ;0 ;0 ;0 ;0 ;0 ;0 ;
380.64 ;0 ; ;0 ;0 ;0 ;0 ;0 ;0 ;0 ;0 ;0 ;
380.66 ;0 ; ;0 ;0 ;0 ;0 ;0 ;0 ;0 ;0 ;0 ;
380.68 ;0 ; ;0 ;0 ;0 ;0 ;0 ;0 ;0 ;0 ;0 ;
380.7 ;0 ; ;0 ;0 ;0 ;0 ;0 ;0 ;0 ;0 ;0 ;
380.72 ;0 ; ;0 ;0 ;0 ;0 ;0 ;0 ;0 ;0 ;0 ;
380.74 ;0 ; ;0 ;0 ;0 ;0 ;0 ;0 ;0 ;0 ;0 ;
380.76 ;0 ; ;0 ;0 ;0 ;0 ;0 ;0 ;0 ;0 ;0 ;
380.78 ;0 ; ;0 ;0 ;0 ;0 ;0 ;0 ;0 ;0 ;0 ;
380.8 ;0 ; ;0 ;0 ;0 ;0 ;0 ;0 ;0 ;0 ;0 ;
380.82 ;0 ; ;0 ;0 ;0 ;0 ;0 ;0 ;0 ;0 ;0 ;
380.84 ;0 ; ;0 ;0 ;0 ;0 ;0 ;0 ;0 ;0 ;0 ;
380.86 ;0 ; ;0 ;0 ;0 ;0 ;0 ;0 ;0 ;0 ;0 ;
380.88 ;0 ; ;0 ;0 ;0 ;0 ;0 ;0 ;0 ;0 ;0 ;
380.9 ;0 ; ;0 ;0 ;0 ;0 ;0 ;0 ;0 ;0 ;0 ;
380.92 ;0 ; ;0 ;0 ;0 ;0 ;0 ;0 ;0 ;0 ;0 ;
380.94 ;0 ; ;0 ;0 ;0 ;0 ;0 ;0 ;0 ;0 ;0 ;
380.96 ;0 ; ;0 ;0 ;0 ;0 ;0 ;0 ;0 ;0 ;0 ;
380.98 ;0 ; ;0 ;0 ;0 ;0 ;0 ;0 ;0 ;0 ;0 ;
381 ;0 ; ;0 ;0 ;0 ;0 ;0 ;0 ;0 ;0 ;0 ;
381.02 ;0 ; ;0 ;0 ;0 ;0 ;0 ;0 ;0 ;0 ;0 ;
381.04 ;0 ; ;0 ;0 ;0 ;0 ;0 ;0 ;0 ;0 ;0 ;
381.06 ;0 ; ;0 ;0 ;0 ;0 ;0 ;0 ;0 ;0 ;0 ;
381.08 ;0 ; ;0 ;0 ;0 ;0 ;0 ;0 ;0 ;0 ;0 ;
381.1 ;0 ; ;0 ;0 ;0 ;0 ;0 ;0 ;0 ;0 ;0 ;
381.12 ;0 ; ;0 ;0 ;0 ;0 ;0 ;0 ;0 ;0 ;0 ;
381.14 ;0 ; ;0 ;0 ;0 ;0 ;0 ;0 ;0 ;0 ;0 ;
381.16 ;0 ; ;0 ;0 ;0 ;0 ;0 ;0 ;0 ;0 ;0 ;
381.18 ;0 ; ;0 ;0 ;0 ;0 ;0 ;0 ;0 ;0 ;0 ;
381.2 ;0 ; ;0 ;0 ;0 ;0 ;0 ;0 ;0 ;0 ;0 ;
381.22 ;0 ; ;0 ;0 ;0 ;0 ;0 ;0 ;0 ;0 ;0 ;
381.24 ;0 ; ;0 ;0 ;0 ;0 ;0 ;0 ;0 ;0 ;0 ;
381.26 ;0 ; ;0 ;0 ;0 ;0 ;0 ;0 ;0 ;0 ;0 ;
381.28 ;0 ; ;0 ;0 ;0 ;0 ;0 ;0 ;0 ;0 ;0 ;
381.3 ;0 ; ;0 ;0 ;0 ;0 ;0 ;0 ;0 ;0 ;0 ;
381.32 ;0 ; ;0 ;0 ;0 ;0 ;0 ;0 ;0 ;0 ;0 ;
381.34 ;0 ; ;0 ;0 ;0 ;0 ;0 ;0 ;0 ;0 ;0 ;
381.36 ;0 ; ;0 ;0 ;0 ;0 ;0 ;0 ;0 ;0 ;0 ;
381.38 ;0 ; ;0 ;0 ;0 ;0 ;0 ;0 ;0 ;0 ;0 ;
381.4 ;0 ; ;0 ;0 ;0 ;0 ;0 ;0 ;0 ;0 ;0 ;
381.42 ;0 ; ;0 ;0 ;0 ;0 ;0 ;0 ;0 ;0 ;0 ;
381.44 ;0 ; ;0 ;0 ;0 ;0 ;0 ;0 ;0 ;0 ;0 ;
381.46 ;0 ; ;0 ;0 ;0 ;0 ;0 ;0 ;0 ;0 ;0 ;
381.48 ;0 ; ;0 ;0 ;0 ;0 ;0 ;0 ;0 ;0 ;0 ;
381.5 ;0 ; ;0 ;0 ;0 ;0 ;0 ;0 ;0 ;0 ;0 ;
381.52 ;0 ; ;0 ;0 ;0 ;0 ;0 ;0 ;0 ;0 ;0 ;
381.54 ;0 ; ;0 ;0 ;0 ;0 ;0 ;0 ;0 ;0 ;0 ;
381.56 ;0 ; ;0 ;0 ;0 ;0 ;0 ;0 ;0 ;0 ;0 ;
381.58 ;0 ; ;0 ;0 ;0 ;0 ;0 ;0 ;0 ;0 ;0 ;
381.6 ;0 ; ;0 ;0 ;0 ;0 ;0 ;0 ;0 ;0 ;0 ;
381.62 ;0 ; ;0 ;0 ;0 ;0 ;0 ;0 ;0 ;0 ;0 ;
381.64 ;0 ; ;0 ;0 ;0 ;0 ;0 ;0 ;0 ;0 ;0 ;
381.66 ;0 ; ;0 ;0 ;0 ;0 ;0 ;0 ;0 ;0 ;0 ;
381.68 ;0 ; ;0 ;0 ;0 ;0 ;0 ;0 ;0 ;0 ;0 ;
381.7 ;0 ; ;0 ;0 ;0 ;0 ;0 ;0 ;0 ;0 ;0 ;
381.72 ;0 ; ;0 ;0 ;0 ;0 ;0 ;0 ;0 ;0 ;0 ;
381.74 ;0 ; ;0 ;0 ;0 ;0 ;0 ;0 ;0 ;0 ;0 ;
381.76 ;0 ; ;0 ;0 ;0 ;0 ;0 ;0 ;0 ;0 ;0 ;
381.78 ;0 ; ;0 ;0 ;0 ;0 ;0 ;0 ;0 ;0 ;0 ;
381.8 ;0 ; ;0 ;0 ;0 ;0 ;0 ;0 ;0 ;0 ;0 ;
381.82 ;0 ; ;0 ;0 ;0 ;0 ;0 ;0 ;0 ;0 ;0 ;
381.84 ;0 ; ;0 ;0 ;0 ;0 ;0 ;0 ;0 ;0 ;0 ;
381.86 ;0 ; ;0 ;0 ;0 ;0 ;0 ;0 ;0 ;0 ;0 ;
381.88 ;0 ; ;0 ;0 ;0 ;0 ;0 ;0 ;0 ;0 ;0 ;
381.9 ;0 ; ;0 ;0 ;0 ;0 ;0 ;0 ;0 ;0 ;0 ;
381.92 ;0 ; ;0 ;0 ;0 ;0 ;0 ;0 ;0 ;0 ;0 ;
381.94 ;0 ; ;0 ;0 ;0 ;0 ;0 ;0 ;0 ;0 ;0 ;
381.96 ;0 ; ;0 ;0 ;0 ;0 ;0 ;0 ;0 ;0 ;0 ;
381.98 ;0 ; ;0 ;0 ;0 ;0 ;0 ;0 ;0 ;0 ;0 ;
382 ;0 ; ;0 ;0 ;0 ;0 ;0 ;0 ;0 ;0 ;0 ;
382.02 ;0 ; ;0 ;0 ;0 ;0 ;0 ;0 ;0 ;0 ;0 ;
382.04 ;0 ; ;0 ;0 ;0 ;0 ;0 ;0 ;0 ;0 ;0 ;
382.06 ;0 ; ;0 ;0 ;0 ;0 ;0 ;0 ;0 ;0 ;0 ;
382.08 ;0 ; ;0 ;0 ;0 ;0 ;0 ;0 ;0 ;0 ;0 ;
382.1 ;0 ; ;0 ;0 ;0 ;0 ;0 ;0 ;0 ;0 ;0 ;
382.12 ;0 ; ;0 ;0 ;0 ;0 ;0 ;0 ;0 ;0 ;0 ;
382.14 ;0 ; ;0 ;0 ;0 ;0 ;0 ;0 ;0 ;0 ;0 ;
382.16 ;0 ; ;0 ;0 ;0 ;0 ;0 ;0 ;0 ;0 ;0 ;
382.18 ;0 ; ;0 ;0 ;0 ;0 ;0 ;0 ;0 ;0 ;0 ;
382.2 ;0 ; ;0 ;0 ;0 ;0 ;0 ;0 ;0 ;0 ;0 ;
382.22 ;0 ; ;0 ;0 ;0 ;0 ;0 ;0 ;0 ;0 ;0 ;
382.24 ;0 ; ;0 ;0 ;0 ;0 ;0 ;0 ;0 ;0 ;0 ;
382.26 ;0 ; ;0 ;0 ;0 ;0 ;0 ;0 ;0 ;0 ;0 ;
382.28 ;0 ; ;0 ;0 ;0 ;0 ;0 ;0 ;0 ;0 ;0 ;
382.3 ;0 ; ;0 ;0 ;0 ;0 ;0 ;0 ;0 ;0 ;0 ;
382.32 ;0 ; ;0 ;0 ;0 ;0 ;0 ;0 ;0 ;0 ;0 ;
382.34 ;0 ; ;0 ;0 ;0 ;0 ;0 ;0 ;0 ;0 ;0 ;
382.36 ;0 ; ;0 ;0 ;0 ;0 ;0 ;0 ;0 ;0 ;0 ;
382.38 ;0 ; ;0 ;0 ;0 ;0 ;0 ;0 ;0 ;0 ;0 ;
382.4 ;0 ; ;0 ;0 ;0 ;0 ;0 ;0 ;0 ;0 ;0 ;
382.42 ;0 ; ;0 ;0 ;0 ;0 ;0 ;0 ;0 ;0 ;0 ;
382.44 ;0 ; ;0 ;0 ;0 ;0 ;0 ;0 ;0 ;0 ;0 ;
382.46 ;0 ; ;0 ;0 ;0 ;0 ;0 ;0 ;0 ;0 ;0 ;
382.48 ;0 ; ;0 ;0 ;0 ;0 ;0 ;0 ;0 ;0 ;0 ;
382.5 ;0 ; ;0 ;0 ;0 ;0 ;0 ;0 ;0 ;0 ;0 ;
382.52 ;0 ; ;0 ;0 ;0 ;0 ;0 ;0 ;0 ;0 ;0 ;
382.54 ;0 ; ;0 ;0 ;0 ;0 ;0 ;0 ;0 ;0 ;0 ;
382.56 ;0 ; ;0 ;0 ;0 ;0 ;0 ;0 ;0 ;0 ;0 ;
382.58 ;0 ; ;0 ;0 ;0 ;0 ;0 ;0 ;0 ;0 ;0 ;
382.6 ;0 ; ;0 ;0 ;0 ;0 ;0 ;0 ;0 ;0 ;0 ;
382.62 ;0 ; ;0 ;0 ;0 ;0 ;0 ;0 ;0 ;0 ;0 ;
382.64 ;0 ; ;0 ;0 ;0 ;0 ;0 ;0 ;0 ;0 ;0 ;
382.66 ;0 ; ;0 ;0 ;0 ;0 ;0 ;0 ;0 ;0 ;0 ;
382.68 ;0 ; ;0 ;0 ;0 ;0 ;0 ;0 ;0 ;0 ;0 ;
382.7 ;0 ; ;0 ;0 ;0 ;0 ;0 ;0 ;0 ;0 ;0 ;
382.72 ;0 ; ;0 ;0 ;0 ;0 ;0 ;0 ;0 ;0 ;0 ;
382.74 ;0 ; ;0 ;0 ;0 ;0 ;0 ;0 ;0 ;0 ;0 ;
382.76 ;0 ; ;0 ;0 ;0 ;0 ;0 ;0 ;0 ;0 ;0 ;
382.78 ;0 ; ;0 ;0 ;0 ;0 ;0 ;0 ;0 ;0 ;0 ;
382.8 ;0 ; ;0 ;0 ;0 ;0 ;0 ;0 ;0 ;0 ;0 ;
382.82 ;0 ; ;0 ;0 ;0 ;0 ;0 ;0 ;0 ;0 ;0 ;
382.84 ;0 ; ;0 ;0 ;0 ;0 ;0 ;0 ;0 ;0 ;0 ;
382.86 ;0 ; ;0 ;0 ;0 ;0 ;0 ;0 ;0 ;0 ;0 ;
382.88 ;0 ; ;0 ;0 ;0 ;0 ;0 ;0 ;0 ;0 ;0 ;
382.9 ;0 ; ;0 ;0 ;0 ;0 ;0 ;0 ;0 ;0 ;0 ;
382.92 ;0 ; ;0 ;0 ;0 ;0 ;0 ;0 ;0 ;0 ;0 ;
382.94 ;0 ; ;0 ;0 ;0 ;0 ;0 ;0 ;0 ;0 ;0 ;
382.96 ;0 ; ;0 ;0 ;0 ;0 ;0 ;0 ;0 ;0 ;0 ;
382.98 ;0 ; ;0 ;0 ;0 ;0 ;0 ;0 ;0 ;0 ;0 ;
383 ;0 ; ;0 ;0 ;0 ;0 ;0 ;0 ;0 ;0 ;0 ;
383.02 ;0 ; ;0 ;0 ;0 ;0 ;0 ;0 ;0 ;0 ;0 ;
383.04 ;0 ; ;0 ;0 ;0 ;0 ;0 ;0 ;0 ;0 ;0 ;
383.06 ;0 ; ;0 ;0 ;0 ;0 ;0 ;0 ;0 ;0 ;0 ;
383.08 ;0 ; ;0 ;0 ;0 ;0 ;0 ;0 ;0 ;0 ;0 ;
383.1 ;0 ; ;0 ;0 ;0 ;0 ;0 ;0 ;0 ;0 ;0 ;
383.12 ;0 ; ;0 ;0 ;0 ;0 ;0 ;0 ;0 ;0 ;0 ;
383.14 ;0 ; ;0 ;0 ;0 ;0 ;0 ;0 ;0 ;0 ;0 ;
383.16 ;0 ; ;0 ;0 ;0 ;0 ;0 ;0 ;0 ;0 ;0 ;
383.18 ;0 ; ;0 ;0 ;0 ;0 ;0 ;0 ;0 ;0 ;0 ;
383.2 ;0 ; ;0 ;0 ;0 ;0 ;0 ;0 ;0 ;0 ;0 ;
383.22 ;0 ; ;0 ;0 ;0 ;0 ;0 ;0 ;0 ;0 ;0 ;
383.24 ;0 ; ;0 ;0 ;0 ;0 ;0 ;0 ;0 ;0 ;0 ;
383.26 ;0 ; ;0 ;0 ;0 ;0 ;0 ;0 ;0 ;0 ;0 ;
383.28 ;0 ; ;0 ;0 ;0 ;0 ;0 ;0 ;0 ;0 ;0 ;
383.3 ;0 ; ;0 ;0 ;0 ;0 ;0 ;0 ;0 ;0 ;0 ;
383.32 ;0 ; ;0 ;0 ;0 ;0 ;0 ;0 ;0 ;0 ;0 ;
383.34 ;0 ; ;0 ;0 ;0 ;0 ;0 ;0 ;0 ;0 ;0 ;
383.36 ;0 ; ;0 ;0 ;0 ;0 ;0 ;0 ;0 ;0 ;0 ;
383.38 ;0 ; ;0 ;0 ;0 ;0 ;0 ;0 ;0 ;0 ;0 ;
383.4 ;0 ; ;0 ;0 ;0 ;0 ;0 ;0 ;0 ;0 ;0 ;
383.42 ;0 ; ;0 ;0 ;0 ;0 ;0 ;0 ;0 ;0 ;0 ;
383.44 ;0 ; ;0 ;0 ;0 ;0 ;0 ;0 ;0 ;0 ;0 ;
383.46 ;0 ; ;0 ;0 ;0 ;0 ;0 ;0 ;0 ;0 ;0 ;
383.48 ;0 ; ;0 ;0 ;0 ;0 ;0 ;0 ;0 ;0 ;0 ;
383.5 ;0 ; ;0 ;0 ;0 ;0 ;0 ;0 ;0 ;0 ;0 ;
383.52 ;0 ; ;0 ;0 ;0 ;0 ;0 ;0 ;0 ;0 ;0 ;
383.54 ;0 ; ;0 ;0 ;0 ;0 ;0 ;0 ;0 ;0 ;0 ;
383.56 ;0 ; ;0 ;0 ;0 ;0 ;0 ;0 ;0 ;0 ;0 ;
383.58 ;0 ; ;0 ;0 ;0 ;0 ;0 ;0 ;0 ;0 ;0 ;
383.6 ;0 ; ;0 ;0 ;0 ;0 ;0 ;0 ;0 ;0 ;0 ;
383.62 ;0 ; ;0 ;0 ;0 ;0 ;0 ;0 ;0 ;0 ;0 ;
383.64 ;0 ; ;0 ;0 ;0 ;0 ;0 ;0 ;0 ;0 ;0 ;
383.66 ;0 ; ;0 ;0 ;0 ;0 ;0 ;0 ;0 ;0 ;0 ;
383.68 ;0 ; ;0 ;0 ;0 ;0 ;0 ;0 ;0 ;0 ;0 ;
383.7 ;0 ; ;0 ;0 ;0 ;0 ;0 ;0 ;0 ;0 ;0 ;
383.72 ;0 ; ;0 ;0 ;0 ;0 ;0 ;0 ;0 ;0 ;0 ;
383.74 ;0 ; ;0 ;0 ;0 ;0 ;0 ;0 ;0 ;0 ;0 ;
383.76 ;0 ; ;0 ;0 ;0 ;0 ;0 ;0 ;0 ;0 ;0 ;
383.78 ;0 ; ;0 ;0 ;0 ;0 ;0 ;0 ;0 ;0 ;0 ;
383.8 ;0 ; ;0 ;0 ;0 ;0 ;0 ;0 ;0 ;0 ;0 ;
383.82 ;0 ; ;0 ;0 ;0 ;0 ;0 ;0 ;0 ;0 ;0 ;
383.84 ;0 ; ;0 ;0 ;0 ;0 ;0 ;0 ;0 ;0 ;0 ;
383.86 ;0 ; ;0 ;0 ;0 ;0 ;0 ;0 ;0 ;0 ;0 ;
383.88 ;0 ; ;0 ;0 ;0 ;0 ;0 ;0 ;0 ;0 ;0 ;
383.9 ;0 ; ;0 ;0 ;0 ;0 ;0 ;0 ;0 ;0 ;0 ;
383.92 ;0 ; ;0 ;0 ;0 ;0 ;0 ;0 ;0 ;0 ;0 ;
383.94 ;0 ; ;0 ;0 ;0 ;0 ;0 ;0 ;0 ;0 ;0 ;
383.96 ;0 ; ;0 ;0 ;0 ;0 ;0 ;0 ;0 ;0 ;0 ;
383.98 ;0 ; ;0 ;0 ;0 ;0 ;0 ;0 ;0 ;0 ;0 ;
384 ;0 ; ;0 ;0 ;0 ;0 ;0 ;0 ;0 ;0 ;0 ;
384.02 ;0 ; ;0 ;0 ;0 ;0 ;0 ;0 ;0 ;0 ;0 ;
384.04 ;0 ; ;0 ;0 ;0 ;0 ;0 ;0 ;0 ;0 ;0 ;
384.06 ;0 ; ;0 ;0 ;0 ;0 ;0 ;0 ;0 ;0 ;0 ;
384.08 ;0 ; ;0 ;0 ;0 ;0 ;0 ;0 ;0 ;0 ;0 ;
384.1 ;0 ; ;0 ;0 ;0 ;0 ;0 ;0 ;0 ;0 ;0 ;
384.12 ;0 ; ;0 ;0 ;0 ;0 ;0 ;0 ;0 ;0 ;0 ;
384.14 ;0 ; ;0 ;0 ;0 ;0 ;0 ;0 ;0 ;0 ;0 ;
384.16 ;0 ; ;0 ;0 ;0 ;0 ;0 ;0 ;0 ;0 ;0 ;
384.18 ;0 ; ;0 ;0 ;0 ;0 ;0 ;0 ;0 ;0 ;0 ;
384.2 ;0 ; ;0 ;0 ;0 ;0 ;0 ;0 ;0 ;0 ;0 ;
384.22 ;0 ; ;0 ;0 ;0 ;0 ;0 ;0 ;0 ;0 ;0 ;
384.24 ;0 ; ;0 ;0 ;0 ;0 ;0 ;0 ;0 ;0 ;0 ;
384.26 ;0 ; ;0 ;0 ;0 ;0 ;0 ;0 ;0 ;0 ;0 ;
384.28 ;0 ; ;0 ;0 ;0 ;0 ;0 ;0 ;0 ;0 ;0 ;
384.3 ;0 ; ;0 ;0 ;0 ;0 ;0 ;0 ;0 ;0 ;0 ;
384.32 ;0 ; ;0 ;0 ;0 ;0 ;0 ;0 ;0 ;0 ;0 ;
384.34 ;0 ; ;0 ;0 ;0 ;0 ;0 ;0 ;0 ;0 ;0 ;
384.36 ;0 ; ;0 ;0 ;0 ;0 ;0 ;0 ;0 ;0 ;0 ;
384.38 ;0 ; ;0 ;0 ;0 ;0 ;0 ;0 ;0 ;0 ;0 ;
384.4 ;0 ; ;0 ;0 ;0 ;0 ;0 ;0 ;0 ;0 ;0 ;
384.42 ;0 ; ;0 ;0 ;0 ;0 ;0 ;0 ;0 ;0 ;0 ;
384.44 ;0 ; ;0 ;0 ;0 ;0 ;0 ;0 ;0 ;0 ;0 ;
384.46 ;0 ; ;0 ;0 ;0 ;0 ;0 ;0 ;0 ;0 ;0 ;
384.48 ;0 ; ;0 ;0 ;0 ;0 ;0 ;0 ;0 ;0 ;0 ;
384.5 ;0 ; ;0 ;0 ;0 ;0 ;0 ;0 ;0 ;0 ;0 ;
384.52 ;0 ; ;0 ;0 ;0 ;0 ;0 ;0 ;0 ;0 ;0 ;
384.54 ;0 ; ;0 ;0 ;0 ;0 ;0 ;0 ;0 ;0 ;0 ;
384.56 ;0 ; ;0 ;0 ;0 ;0 ;0 ;0 ;0 ;0 ;0 ;
384.58 ;0 ; ;0 ;0 ;0 ;0 ;0 ;0 ;0 ;0 ;0 ;
384.6 ;0 ; ;0 ;0 ;0 ;0 ;0 ;0 ;0 ;0 ;0 ;
384.62 ;0 ; ;0 ;0 ;0 ;0 ;0 ;0 ;0 ;0 ;0 ;
384.64 ;0 ; ;0 ;0 ;0 ;0 ;0 ;0 ;0 ;0 ;0 ;
384.66 ;0 ; ;0 ;0 ;0 ;0 ;0 ;0 ;0 ;0 ;0 ;
384.68 ;0 ; ;0 ;0 ;0 ;0 ;0 ;0 ;0 ;0 ;0 ;
384.7 ;0 ; ;0 ;0 ;0 ;0 ;0 ;0 ;0 ;0 ;0 ;
384.72 ;0 ; ;0 ;0 ;0 ;0 ;0 ;0 ;0 ;0 ;0 ;
384.74 ;0 ; ;0 ;0 ;0 ;0 ;0 ;0 ;0 ;0 ;0 ;
384.76 ;0 ; ;0 ;0 ;0 ;0 ;0 ;0 ;0 ;0 ;0 ;
384.78 ;0 ; ;0 ;0 ;0 ;0 ;0 ;0 ;0 ;0 ;0 ;
384.8 ;0 ; ;0 ;0 ;0 ;0 ;0 ;0 ;0 ;0 ;0 ;
384.82 ;0 ; ;0 ;0 ;0 ;0 ;0 ;0 ;0 ;0 ;0 ;
384.84 ;0 ; ;0 ;0 ;0 ;0 ;0 ;0 ;0 ;0 ;0 ;
384.86 ;0 ; ;0 ;0 ;0 ;0 ;0 ;0 ;0 ;0 ;0 ;
384.88 ;0 ; ;0 ;0 ;0 ;0 ;0 ;0 ;0 ;0 ;0 ;
384.9 ;0 ; ;0 ;0 ;0 ;0 ;0 ;0 ;0 ;0 ;0 ;
384.92 ;0 ; ;0 ;0 ;0 ;0 ;0 ;0 ;0 ;0 ;0 ;
384.94 ;0 ; ;0 ;0 ;0 ;0 ;0 ;0 ;0 ;0 ;0 ;
384.96 ;0 ; ;0 ;0 ;0 ;0 ;0 ;0 ;0 ;0 ;0 ;
384.98 ;0 ; ;0 ;0 ;0 ;0 ;0 ;0 ;0 ;0 ;0 ;
385 ;0 ; ;0 ;0 ;0 ;0 ;0 ;0 ;0 ;0 ;0 ;
385.02 ;0 ; ;0 ;0 ;0 ;0 ;0 ;0 ;0 ;0 ;0 ;
385.04 ;0 ; ;0 ;0 ;0 ;0 ;0 ;0 ;0 ;0 ;0 ;
385.06 ;0 ; ;0 ;0 ;0 ;0 ;0 ;0 ;0 ;0 ;0 ;
385.08 ;0 ; ;0 ;0 ;0 ;0 ;0 ;0 ;0 ;0 ;0 ;
385.1 ;0 ; ;0 ;0 ;0 ;0 ;0 ;0 ;0 ;0 ;0 ;
385.12 ;0 ; ;0 ;0 ;0 ;0 ;0 ;0 ;0 ;0 ;0 ;
385.14 ;0 ; ;0 ;0 ;0 ;0 ;0 ;0 ;0 ;0 ;0 ;
385.16 ;0 ; ;0 ;0 ;0 ;0 ;0 ;0 ;0 ;0 ;0 ;
385.18 ;0 ; ;0 ;0 ;0 ;0 ;0 ;0 ;0 ;0 ;0 ;
385.2 ;0 ; ;0 ;0 ;0 ;0 ;0 ;0 ;0 ;0 ;0 ;
385.22 ;0 ; ;0 ;0 ;0 ;0 ;0 ;0 ;0 ;0 ;0 ;
385.24 ;0 ; ;0 ;0 ;0 ;0 ;0 ;0 ;0 ;0 ;0 ;
385.26 ;0 ; ;0 ;0 ;0 ;0 ;0 ;0 ;0 ;0 ;0 ;
385.28 ;0 ; ;0 ;0 ;0 ;0 ;0 ;0 ;0 ;0 ;0 ;
385.3 ;0 ; ;0 ;0 ;0 ;0 ;0 ;0 ;0 ;0 ;0 ;
385.32 ;0 ; ;0 ;0 ;0 ;0 ;0 ;0 ;0 ;0 ;0 ;
385.34 ;0 ; ;0 ;0 ;0 ;0 ;0 ;0 ;0 ;0 ;0 ;
385.36 ;0 ; ;0 ;0 ;0 ;0 ;0 ;0 ;0 ;0 ;0 ;
385.38 ;0 ; ;0 ;0 ;0 ;0 ;0 ;0 ;0 ;0 ;0 ;
385.4 ;0 ; ;0 ;0 ;0 ;0 ;0 ;0 ;0 ;0 ;0 ;
385.42 ;0 ; ;0 ;0 ;0 ;0 ;0 ;0 ;0 ;0 ;0 ;
385.44 ;0 ; ;0 ;0 ;0 ;0 ;0 ;0 ;0 ;0 ;0 ;
385.46 ;0 ; ;0 ;0 ;0 ;0 ;0 ;0 ;0 ;0 ;0 ;
385.48 ;0 ; ;0 ;0 ;0 ;0 ;0 ;0 ;0 ;0 ;0 ;
385.5 ;0 ; ;0 ;0 ;0 ;0 ;0 ;0 ;0 ;0 ;0 ;
385.52 ;0 ; ;0 ;0 ;0 ;0 ;0 ;0 ;0 ;0 ;0 ;
385.54 ;0 ; ;0 ;0 ;0 ;0 ;0 ;0 ;0 ;0 ;0 ;
385.56 ;0 ; ;0 ;0 ;0 ;0 ;0 ;0 ;0 ;0 ;0 ;
385.58 ;0 ; ;0 ;0 ;0 ;0 ;0 ;0 ;0 ;0 ;0 ;
385.6 ;0 ; ;0 ;0 ;0 ;0 ;0 ;0 ;0 ;0 ;0 ;
385.62 ;0 ; ;0 ;0 ;0 ;0 ;0 ;0 ;0 ;0 ;0 ;
385.64 ;0 ; ;0 ;0 ;0 ;0 ;0 ;0 ;0 ;0 ;0 ;
385.66 ;0 ; ;0 ;0 ;0 ;0 ;0 ;0 ;0 ;0 ;0 ;
385.68 ;0 ; ;0 ;0 ;0 ;0 ;0 ;0 ;0 ;0 ;0 ;
385.7 ;0 ; ;0 ;0 ;0 ;0 ;0 ;0 ;0 ;0 ;0 ;
385.72 ;0 ; ;0 ;0 ;0 ;0 ;0 ;0 ;0 ;0 ;0 ;
385.74 ;0 ; ;0 ;0 ;0 ;0 ;0 ;0 ;0 ;0 ;0 ;
385.76 ;0 ; ;0 ;0 ;0 ;0 ;0 ;0 ;0 ;0 ;0 ;
385.78 ;0 ; ;0 ;0 ;0 ;0 ;0 ;0 ;0 ;0 ;0 ;
385.8 ;0 ; ;0 ;0 ;0 ;0 ;0 ;0 ;0 ;0 ;0 ;
385.82 ;0 ; ;0 ;0 ;0 ;0 ;0 ;0 ;0 ;0 ;0 ;
385.84 ;0 ; ;0 ;0 ;0 ;0 ;0 ;0 ;0 ;0 ;0 ;
385.86 ;0 ; ;0 ;0 ;0 ;0 ;0 ;0 ;0 ;0 ;0 ;
385.88 ;0 ; ;0 ;0 ;0 ;0 ;0 ;0 ;0 ;0 ;0 ;
385.9 ;0 ; ;0 ;0 ;0 ;0 ;0 ;0 ;0 ;0 ;0 ;
385.92 ;0 ; ;0 ;0 ;0 ;0 ;0 ;0 ;0 ;0 ;0 ;
385.94 ;0 ; ;0 ;0 ;0 ;0 ;0 ;0 ;0 ;0 ;0 ;
385.96 ;0 ; ;0 ;0 ;0 ;0 ;0 ;0 ;0 ;0 ;0 ;
385.98 ;0 ; ;0 ;0 ;0 ;0 ;0 ;0 ;0 ;0 ;0 ;
386 ;0 ; ;0 ;0 ;0 ;0 ;0 ;0 ;0 ;0 ;0 ;
386.02 ;0 ; ;0 ;0 ;0 ;0 ;0 ;0 ;0 ;0 ;0 ;
386.04 ;0 ; ;0 ;0 ;0 ;0 ;0 ;0 ;0 ;0 ;0 ;
386.06 ;0 ; ;0 ;0 ;0 ;0 ;0 ;0 ;0 ;0 ;0 ;
386.08 ;0 ; ;0 ;0 ;0 ;0 ;0 ;0 ;0 ;0 ;0 ;
386.1 ;0 ; ;0 ;0 ;0 ;0 ;0 ;0 ;0 ;0 ;0 ;
386.12 ;0 ; ;0 ;0 ;0 ;0 ;0 ;0 ;0 ;0 ;0 ;
386.14 ;0 ; ;0 ;0 ;0 ;0 ;0 ;0 ;0 ;0 ;0 ;
386.16 ;0 ; ;0 ;0 ;0 ;0 ;0 ;0 ;0 ;0 ;0 ;
386.18 ;0 ; ;0 ;0 ;0 ;0 ;0 ;0 ;0 ;0 ;0 ;
386.2 ;0 ; ;0 ;0 ;0 ;0 ;0 ;0 ;0 ;0 ;0 ;
386.22 ;0 ; ;0 ;0 ;0 ;0 ;0 ;0 ;0 ;0 ;0 ;
386.24 ;0 ; ;0 ;0 ;0 ;0 ;0 ;0 ;0 ;0 ;0 ;
386.26 ;0 ; ;0 ;0 ;0 ;0 ;0 ;0 ;0 ;0 ;0 ;
386.28 ;0 ; ;0 ;0 ;0 ;0 ;0 ;0 ;0 ;0 ;0 ;
386.3 ;0 ; ;0 ;0 ;0 ;0 ;0 ;0 ;0 ;0 ;0 ;
386.32 ;0 ; ;0 ;0 ;0 ;0 ;0 ;0 ;0 ;0 ;0 ;
386.34 ;0 ; ;0 ;0 ;0 ;0 ;0 ;0 ;0 ;0 ;0 ;
386.36 ;0 ; ;0 ;0 ;0 ;0 ;0 ;0 ;0 ;0 ;0 ;
386.38 ;0 ; ;0 ;0 ;0 ;0 ;0 ;0 ;0 ;0 ;0 ;
386.4 ;0 ; ;0 ;0 ;0 ;0 ;0 ;0 ;0 ;0 ;0 ;
386.42 ;0 ; ;0 ;0 ;0 ;0 ;0 ;0 ;0 ;0 ;0 ;
386.44 ;0 ; ;0 ;0 ;0 ;0 ;0 ;0 ;0 ;0 ;0 ;
386.46 ;0 ; ;0 ;0 ;0 ;0 ;0 ;0 ;0 ;0 ;0 ;
386.48 ;0 ; ;0 ;0 ;0 ;0 ;0 ;0 ;0 ;0 ;0 ;
386.5 ;0 ; ;0 ;0 ;0 ;0 ;0 ;0 ;0 ;0 ;0 ;
386.52 ;0 ; ;0 ;0 ;0 ;0 ;0 ;0 ;0 ;0 ;0 ;
386.54 ;0 ; ;0 ;0 ;0 ;0 ;0 ;0 ;0 ;0 ;0 ;
386.56 ;0 ; ;0 ;0 ;0 ;0 ;0 ;0 ;0 ;0 ;0 ;
386.58 ;0 ; ;0 ;0 ;0 ;0 ;0 ;0 ;0 ;0 ;0 ;
386.6 ;0 ; ;0 ;0 ;0 ;0 ;0 ;0 ;0 ;0 ;0 ;
386.62 ;0 ; ;0 ;0 ;0 ;0 ;0 ;0 ;0 ;0 ;0 ;
386.64 ;0 ; ;0 ;0 ;0 ;0 ;0 ;0 ;0 ;0 ;0 ;
386.66 ;0 ; ;0 ;0 ;0 ;0 ;0 ;0 ;0 ;0 ;0 ;
386.68 ;0 ; ;0 ;0 ;0 ;0 ;0 ;0 ;0 ;0 ;0 ;
386.7 ;0 ; ;0 ;0 ;0 ;0 ;0 ;0 ;0 ;0 ;0 ;
386.72 ;0 ; ;0 ;0 ;0 ;0 ;0 ;0 ;0 ;0 ;0 ;
386.74 ;0 ; ;0 ;0 ;0 ;0 ;0 ;0 ;0 ;0 ;0 ;
386.76 ;0 ; ;0 ;0 ;0 ;0 ;0 ;0 ;0 ;0 ;0 ;
386.78 ;0 ; ;0 ;0 ;0 ;0 ;0 ;0 ;0 ;0 ;0 ;
386.8 ;0 ; ;0 ;0 ;0 ;0 ;0 ;0 ;0 ;0 ;0 ;
386.82 ;0 ; ;0 ;0 ;0 ;0 ;0 ;0 ;0 ;0 ;0 ;
386.84 ;0 ; ;0 ;0 ;0 ;0 ;0 ;0 ;0 ;0 ;0 ;
386.86 ;0 ; ;0 ;0 ;0 ;0 ;0 ;0 ;0 ;0 ;0 ;
386.88 ;0 ; ;0 ;0 ;0 ;0 ;0 ;0 ;0 ;0 ;0 ;
386.9 ;0 ; ;0 ;0 ;0 ;0 ;0 ;0 ;0 ;0 ;0 ;
386.92 ;0 ; ;0 ;0 ;0 ;0 ;0 ;0 ;0 ;0 ;0 ;
386.94 ;0 ; ;0 ;0 ;0 ;0 ;0 ;0 ;0 ;0 ;0 ;
386.96 ;0 ; ;0 ;0 ;0 ;0 ;0 ;0 ;0 ;0 ;0 ;
386.98 ;0 ; ;0 ;0 ;0 ;0 ;0 ;0 ;0 ;0 ;0 ;
387 ;0 ; ;0 ;0 ;0 ;0 ;0 ;0 ;0 ;0 ;0 ;
387.02 ;0 ; ;0 ;0 ;0 ;0 ;0 ;0 ;0 ;0 ;0 ;
387.04 ;0 ; ;0 ;0 ;0 ;0 ;0 ;0 ;0 ;0 ;0 ;
387.06 ;0 ; ;0 ;0 ;0 ;0 ;0 ;0 ;0 ;0 ;0 ;
387.08 ;0 ; ;0 ;0 ;0 ;0 ;0 ;0 ;0 ;0 ;0 ;
387.1 ;0 ; ;0 ;0 ;0 ;0 ;0 ;0 ;0 ;0 ;0 ;
387.12 ;0 ; ;0 ;0 ;0 ;0 ;0 ;0 ;0 ;0 ;0 ;
387.14 ;0 ; ;0 ;0 ;0 ;0 ;0 ;0 ;0 ;0 ;0 ;
387.16 ;0 ; ;0 ;0 ;0 ;0 ;0 ;0 ;0 ;0 ;0 ;
387.18 ;0 ; ;0 ;0 ;0 ;0 ;0 ;0 ;0 ;0 ;0 ;
387.2 ;0 ; ;0 ;0 ;0 ;0 ;0 ;0 ;0 ;0 ;0 ;
387.22 ;0 ; ;0 ;0 ;0 ;0 ;0 ;0 ;0 ;0 ;0 ;
387.24 ;0 ; ;0 ;0 ;0 ;0 ;0 ;0 ;0 ;0 ;0 ;
387.26 ;0 ; ;0 ;0 ;0 ;0 ;0 ;0 ;0 ;0 ;0 ;
387.28 ;0 ; ;0 ;0 ;0 ;0 ;0 ;0 ;0 ;0 ;0 ;
387.3 ;0 ; ;0 ;0 ;0 ;0 ;0 ;0 ;0 ;0 ;0 ;
387.32 ;0 ; ;0 ;0 ;0 ;0 ;0 ;0 ;0 ;0 ;0 ;
387.34 ;0 ; ;0 ;0 ;0 ;0 ;0 ;0 ;0 ;0 ;0 ;
387.36 ;0 ; ;0 ;0 ;0 ;0 ;0 ;0 ;0 ;0 ;0 ;
387.38 ;0 ; ;0 ;0 ;0 ;0 ;0 ;0 ;0 ;0 ;0 ;
387.4 ;0 ; ;0 ;0 ;0 ;0 ;0 ;0 ;0 ;0 ;0 ;
387.42 ;0 ; ;0 ;0 ;0 ;0 ;0 ;0 ;0 ;0 ;0 ;
387.44 ;0 ; ;0 ;0 ;0 ;0 ;0 ;0 ;0 ;0 ;0 ;
387.46 ;0 ; ;0 ;0 ;0 ;0 ;0 ;0 ;0 ;0 ;0 ;
387.48 ;0 ; ;0 ;0 ;0 ;0 ;0 ;0 ;0 ;0 ;0 ;
387.5 ;0 ; ;0 ;0 ;0 ;0 ;0 ;0 ;0 ;0 ;0 ;
387.52 ;0 ; ;0 ;0 ;0 ;0 ;0 ;0 ;0 ;0 ;0 ;
387.54 ;0 ; ;0 ;0 ;0 ;0 ;0 ;0 ;0 ;0 ;0 ;
387.56 ;0 ; ;0 ;0 ;0 ;0 ;0 ;0 ;0 ;0 ;0 ;
387.58 ;0 ; ;0 ;0 ;0 ;0 ;0 ;0 ;0 ;0 ;0 ;
387.6 ;0 ; ;0 ;0 ;0 ;0 ;0 ;0 ;0 ;0 ;0 ;
387.62 ;0 ; ;0 ;0 ;0 ;0 ;0 ;0 ;0 ;0 ;0 ;
387.64 ;0 ; ;0 ;0 ;0 ;0 ;0 ;0 ;0 ;0 ;0 ;
387.66 ;0 ; ;0 ;0 ;0 ;0 ;0 ;0 ;0 ;0 ;0 ;
387.68 ;0 ; ;0 ;0 ;0 ;0 ;0 ;0 ;0 ;0 ;0 ;
387.7 ;0 ; ;0 ;0 ;0 ;0 ;0 ;0 ;0 ;0 ;0 ;
387.72 ;0 ; ;0 ;0 ;0 ;0 ;0 ;0 ;0 ;0 ;0 ;
387.74 ;0 ; ;0 ;0 ;0 ;0 ;0 ;0 ;0 ;0 ;0 ;
387.76 ;0 ; ;0 ;0 ;0 ;0 ;0 ;0 ;0 ;0 ;0 ;
387.78 ;0 ; ;0 ;0 ;0 ;0 ;0 ;0 ;0 ;0 ;0 ;
387.8 ;0 ; ;0 ;0 ;0 ;0 ;0 ;0 ;0 ;0 ;0 ;
387.82 ;0 ; ;0 ;0 ;0 ;0 ;0 ;0 ;0 ;0 ;0 ;
387.84 ;0 ; ;0 ;0 ;0 ;0 ;0 ;0 ;0 ;0 ;0 ;
387.86 ;0 ; ;0 ;0 ;0 ;0 ;0 ;0 ;0 ;0 ;0 ;
387.88 ;0 ; ;0 ;0 ;0 ;0 ;0 ;0 ;0 ;0 ;0 ;
387.9 ;0 ; ;0 ;0 ;0 ;0 ;0 ;0 ;0 ;0 ;0 ;
387.92 ;0 ; ;0 ;0 ;0 ;0 ;0 ;0 ;0 ;0 ;0 ;
387.94 ;0 ; ;0 ;0 ;0 ;0 ;0 ;0 ;0 ;0 ;0 ;
387.96 ;0 ; ;0 ;0 ;0 ;0 ;0 ;0 ;0 ;0 ;0 ;
387.98 ;0 ; ;0 ;0 ;0 ;0 ;0 ;0 ;0 ;0 ;0 ;
388 ;0 ; ;0 ;0 ;0 ;0 ;0 ;0 ;0 ;0 ;0 ;
388.02 ;0 ; ;0 ;0 ;0 ;0 ;0 ;0 ;0 ;0 ;0 ;
388.04 ;0 ; ;0 ;0 ;0 ;0 ;0 ;0 ;0 ;0 ;0 ;
388.06 ;0 ; ;0 ;0 ;0 ;0 ;0 ;0 ;0 ;0 ;0 ;
388.08 ;0 ; ;0 ;0 ;0 ;0 ;0 ;0 ;0 ;0 ;0 ;
388.1 ;0 ; ;0 ;0 ;0 ;0 ;0 ;0 ;0 ;0 ;0 ;
388.12 ;0 ; ;0 ;0 ;0 ;0 ;0 ;0 ;0 ;0 ;0 ;
388.14 ;0 ; ;0 ;0 ;0 ;0 ;0 ;0 ;0 ;0 ;0 ;
388.16 ;0 ; ;0 ;0 ;0 ;0 ;0 ;0 ;0 ;0 ;0 ;
388.18 ;0 ; ;0 ;0 ;0 ;0 ;0 ;0 ;0 ;0 ;0 ;
388.2 ;0 ; ;0 ;0 ;0 ;0 ;0 ;0 ;0 ;0 ;0 ;
388.22 ;0 ; ;0 ;0 ;0 ;0 ;0 ;0 ;0 ;0 ;0 ;
388.24 ;0 ; ;0 ;0 ;0 ;0 ;0 ;0 ;0 ;0 ;0 ;
388.26 ;0 ; ;0 ;0 ;0 ;0 ;0 ;0 ;0 ;0 ;0 ;
388.28 ;0 ; ;0 ;0 ;0 ;0 ;0 ;0 ;0 ;0 ;0 ;
388.3 ;0 ; ;0 ;0 ;0 ;0 ;0 ;0 ;0 ;0 ;0 ;
388.32 ;0 ; ;0 ;0 ;0 ;0 ;0 ;0 ;0 ;0 ;0 ;
388.34 ;0 ; ;0 ;0 ;0 ;0 ;0 ;0 ;0 ;0 ;0 ;
388.36 ;0 ; ;0 ;0 ;0 ;0 ;0 ;0 ;0 ;0 ;0 ;
388.38 ;0 ; ;0 ;0 ;0 ;0 ;0 ;0 ;0 ;0 ;0 ;
388.4 ;0 ; ;0 ;0 ;0 ;0 ;0 ;0 ;0 ;0 ;0 ;
388.42 ;0 ; ;0 ;0 ;0 ;0 ;0 ;0 ;0 ;0 ;0 ;
388.44 ;0 ; ;0 ;0 ;0 ;0 ;0 ;0 ;0 ;0 ;0 ;
388.46 ;0 ; ;0 ;0 ;0 ;0 ;0 ;0 ;0 ;0 ;0 ;
388.48 ;0 ; ;0 ;0 ;0 ;0 ;0 ;0 ;0 ;0 ;0 ;
388.5 ;0 ; ;0 ;0 ;0 ;0 ;0 ;0 ;0 ;0 ;0 ;
388.52 ;0 ; ;0 ;0 ;0 ;0 ;0 ;0 ;0 ;0 ;0 ;
388.54 ;0 ; ;0 ;0 ;0 ;0 ;0 ;0 ;0 ;0 ;0 ;
388.56 ;0 ; ;0 ;0 ;0 ;0 ;0 ;0 ;0 ;0 ;0 ;
388.58 ;0 ; ;0 ;0 ;0 ;0 ;0 ;0 ;0 ;0 ;0 ;
388.6 ;0 ; ;0 ;0 ;0 ;0 ;0 ;0 ;0 ;0 ;0 ;
388.62 ;0 ; ;0 ;0 ;0 ;0 ;0 ;0 ;0 ;0 ;0 ;
388.64 ;0 ; ;0 ;0 ;0 ;0 ;0 ;0 ;0 ;0 ;0 ;
388.66 ;0 ; ;0 ;0 ;0 ;0 ;0 ;0 ;0 ;0 ;0 ;
388.68 ;0 ; ;0 ;0 ;0 ;0 ;0 ;0 ;0 ;0 ;0 ;
388.7 ;0 ; ;0 ;0 ;0 ;0 ;0 ;0 ;0 ;0 ;0 ;
388.72 ;0 ; ;0 ;0 ;0 ;0 ;0 ;0 ;0 ;0 ;0 ;
388.74 ;0 ; ;0 ;0 ;0 ;0 ;0 ;0 ;0 ;0 ;0 ;
388.76 ;0 ; ;0 ;0 ;0 ;0 ;0 ;0 ;0 ;0 ;0 ;
388.78 ;0 ; ;0 ;0 ;0 ;0 ;0 ;0 ;0 ;0 ;0 ;
388.8 ;0 ; ;0 ;0 ;0 ;0 ;0 ;0 ;0 ;0 ;0 ;
388.82 ;0 ; ;0 ;0 ;0 ;0 ;0 ;0 ;0 ;0 ;0 ;
388.84 ;0 ; ;0 ;0 ;0 ;0 ;0 ;0 ;0 ;0 ;0 ;
388.86 ;0 ; ;0 ;0 ;0 ;0 ;0 ;0 ;0 ;0 ;0 ;
388.88 ;0 ; ;0 ;0 ;0 ;0 ;0 ;0 ;0 ;0 ;0 ;
388.9 ;0 ; ;0 ;0 ;0 ;0 ;0 ;0 ;0 ;0 ;0 ;
388.92 ;0 ; ;0 ;0 ;0 ;0 ;0 ;0 ;0 ;0 ;0 ;
388.94 ;0 ; ;0 ;0 ;0 ;0 ;0 ;0 ;0 ;0 ;0 ;
388.96 ;0 ; ;0 ;0 ;0 ;0 ;0 ;0 ;0 ;0 ;0 ;
388.98 ;0 ; ;0 ;0 ;0 ;0 ;0 ;0 ;0 ;0 ;0 ;
389 ;0 ; ;0 ;0 ;0 ;0 ;0 ;0 ;0 ;0 ;0 ;
389.02 ;0 ; ;0 ;0 ;0 ;0 ;0 ;0 ;0 ;0 ;0 ;
389.04 ;0 ; ;0 ;0 ;0 ;0 ;0 ;0 ;0 ;0 ;0 ;
389.06 ;0 ; ;0 ;0 ;0 ;0 ;0 ;0 ;0 ;0 ;0 ;
389.08 ;0 ; ;0 ;0 ;0 ;0 ;0 ;0 ;0 ;0 ;0 ;
389.1 ;0 ; ;0 ;0 ;0 ;0 ;0 ;0 ;0 ;0 ;0 ;
389.12 ;0 ; ;0 ;0 ;0 ;0 ;0 ;0 ;0 ;0 ;0 ;
389.14 ;0 ; ;0 ;0 ;0 ;0 ;0 ;0 ;0 ;0 ;0 ;
389.16 ;0 ; ;0 ;0 ;0 ;0 ;0 ;0 ;0 ;0 ;0 ;
389.18 ;0 ; ;0 ;0 ;0 ;0 ;0 ;0 ;0 ;0 ;0 ;
389.2 ;0 ; ;0 ;0 ;0 ;0 ;0 ;0 ;0 ;0 ;0 ;
389.22 ;0 ; ;0 ;0 ;0 ;0 ;0 ;0 ;0 ;0 ;0 ;
389.24 ;0 ; ;0 ;0 ;0 ;0 ;0 ;0 ;0 ;0 ;0 ;
389.26 ;0 ; ;0 ;0 ;0 ;0 ;0 ;0 ;0 ;0 ;0 ;
389.28 ;0 ; ;0 ;0 ;0 ;0 ;0 ;0 ;0 ;0 ;0 ;
389.3 ;0 ; ;0 ;0 ;0 ;0 ;0 ;0 ;0 ;0 ;0 ;
389.32 ;0 ; ;0 ;0 ;0 ;0 ;0 ;0 ;0 ;0 ;0 ;
389.34 ;0 ; ;0 ;0 ;0 ;0 ;0 ;0 ;0 ;0 ;0 ;
389.36 ;0 ; ;0 ;0 ;0 ;0 ;0 ;0 ;0 ;0 ;0 ;
389.38 ;0 ; ;0 ;0 ;0 ;0 ;0 ;0 ;0 ;0 ;0 ;
389.4 ;0 ; ;0 ;0 ;0 ;0 ;0 ;0 ;0 ;0 ;0 ;
389.42 ;0 ; ;0 ;0 ;0 ;0 ;0 ;0 ;0 ;0 ;0 ;
389.44 ;0 ; ;0 ;0 ;0 ;0 ;0 ;0 ;0 ;0 ;0 ;
389.46 ;0 ; ;0 ;0 ;0 ;0 ;0 ;0 ;0 ;0 ;0 ;
389.48 ;0 ; ;0 ;0 ;0 ;0 ;0 ;0 ;0 ;0 ;0 ;
389.5 ;0 ; ;0 ;0 ;0 ;0 ;0 ;0 ;0 ;0 ;0 ;
389.52 ;0 ; ;0 ;0 ;0 ;0 ;0 ;0 ;0 ;0 ;0 ;
389.54 ;0 ; ;0 ;0 ;0 ;0 ;0 ;0 ;0 ;0 ;0 ;
389.56 ;0 ; ;0 ;0 ;0 ;0 ;0 ;0 ;0 ;0 ;0 ;
389.58 ;0 ; ;0 ;0 ;0 ;0 ;0 ;0 ;0 ;0 ;0 ;
389.6 ;0 ; ;0 ;0 ;0 ;0 ;0 ;0 ;0 ;0 ;0 ;
389.62 ;0 ; ;0 ;0 ;0 ;0 ;0 ;0 ;0 ;0 ;0 ;
389.64 ;0 ; ;0 ;0 ;0 ;0 ;0 ;0 ;0 ;0 ;0 ;
389.66 ;0 ; ;0 ;0 ;0 ;0 ;0 ;0 ;0 ;0 ;0 ;
389.68 ;0 ; ;0 ;0 ;0 ;0 ;0 ;0 ;0 ;0 ;0 ;
389.7 ;0 ; ;0 ;0 ;0 ;0 ;0 ;0 ;0 ;0 ;0 ;
389.72 ;0 ; ;0 ;0 ;0 ;0 ;0 ;0 ;0 ;0 ;0 ;
389.74 ;0 ; ;0 ;0 ;0 ;0 ;0 ;0 ;0 ;0 ;0 ;
389.76 ;0 ; ;0 ;0 ;0 ;0 ;0 ;0 ;0 ;0 ;0 ;
389.78 ;0 ; ;0 ;0 ;0 ;0 ;0 ;0 ;0 ;0 ;0 ;
389.8 ;0 ; ;0 ;0 ;0 ;0 ;0 ;0 ;0 ;0 ;0 ;
389.82 ;0 ; ;0 ;0 ;0 ;0 ;0 ;0 ;0 ;0 ;0 ;
389.84 ;0 ; ;0 ;0 ;0 ;0 ;0 ;0 ;0 ;0 ;0 ;
389.86 ;0 ; ;0 ;0 ;0 ;0 ;0 ;0 ;0 ;0 ;0 ;
389.88 ;0 ; ;0 ;0 ;0 ;0 ;0 ;0 ;0 ;0 ;0 ;
389.9 ;0 ; ;0 ;0 ;0 ;0 ;0 ;0 ;0 ;0 ;0 ;
389.92 ;0 ; ;0 ;0 ;0 ;0 ;0 ;0 ;0 ;0 ;0 ;
389.94 ;0 ; ;0 ;0 ;0 ;0 ;0 ;0 ;0 ;0 ;0 ;
389.96 ;0 ; ;0 ;0 ;0 ;0 ;0 ;0 ;0 ;0 ;0 ;
389.98 ;0 ; ;0 ;0 ;0 ;0 ;0 ;0 ;0 ;0 ;0 ;
390 ;0 ; ;0 ;0 ;0 ;0 ;0 ;0 ;0 ;0 ;0 ;
390.02 ;0 ; ;0 ;0 ;0 ;0 ;0 ;0 ;0 ;0 ;0 ;
390.04 ;0 ; ;0 ;0 ;0 ;0 ;0 ;0 ;0 ;0 ;0 ;
390.06 ;0 ; ;0 ;0 ;0 ;0 ;0 ;0 ;0 ;0 ;0 ;
390.08 ;0 ; ;0 ;0 ;0 ;0 ;0 ;0 ;0 ;0 ;0 ;
390.1 ;0 ; ;0 ;0 ;0 ;0 ;0 ;0 ;0 ;0 ;0 ;
390.12 ;0 ; ;0 ;0 ;0 ;0 ;0 ;0 ;0 ;0 ;0 ;
390.14 ;0 ; ;0 ;0 ;0 ;0 ;0 ;0 ;0 ;0 ;0 ;
390.16 ;0 ; ;0 ;0 ;0 ;0 ;0 ;0 ;0 ;0 ;0 ;
390.18 ;0 ; ;0 ;0 ;0 ;0 ;0 ;0 ;0 ;0 ;0 ;
390.2 ;0 ; ;0 ;0 ;0 ;0 ;0 ;0 ;0 ;0 ;0 ;
390.22 ;0 ; ;0 ;0 ;0 ;0 ;0 ;0 ;0 ;0 ;0 ;
390.24 ;0 ; ;0 ;0 ;0 ;0 ;0 ;0 ;0 ;0 ;0 ;
390.26 ;0 ; ;0 ;0 ;0 ;0 ;0 ;0 ;0 ;0 ;0 ;
390.28 ;0 ; ;0 ;0 ;0 ;0 ;0 ;0 ;0 ;0 ;0 ;
390.3 ;0 ; ;0 ;0 ;0 ;0 ;0 ;0 ;0 ;0 ;0 ;
390.32 ;0 ; ;0 ;0 ;0 ;0 ;0 ;0 ;0 ;0 ;0 ;
390.34 ;0 ; ;0 ;0 ;0 ;0 ;0 ;0 ;0 ;0 ;0 ;
390.36 ;0 ; ;0 ;0 ;0 ;0 ;0 ;0 ;0 ;0 ;0 ;
390.38 ;0 ; ;0 ;0 ;0 ;0 ;0 ;0 ;0 ;0 ;0 ;
390.4 ;0 ; ;0 ;0 ;0 ;0 ;0 ;0 ;0 ;0 ;0 ;
390.42 ;0 ; ;0 ;0 ;0 ;0 ;0 ;0 ;0 ;0 ;0 ;
390.44 ;0 ; ;0 ;0 ;0 ;0 ;0 ;0 ;0 ;0 ;0 ;
390.46 ;0 ; ;0 ;0 ;0 ;0 ;0 ;0 ;0 ;0 ;0 ;
390.48 ;0 ; ;0 ;0 ;0 ;0 ;0 ;0 ;0 ;0 ;0 ;
390.5 ;0 ; ;0 ;0 ;0 ;0 ;0 ;0 ;0 ;0 ;0 ;
390.52 ;0 ; ;0 ;0 ;0 ;0 ;0 ;0 ;0 ;0 ;0 ;
390.54 ;0 ; ;0 ;0 ;0 ;0 ;0 ;0 ;0 ;0 ;0 ;
390.56 ;0 ; ;0 ;0 ;0 ;0 ;0 ;0 ;0 ;0 ;0 ;
390.58 ;0 ; ;0 ;0 ;0 ;0 ;0 ;0 ;0 ;0 ;0 ;
