RightController ; 2024-10-10 16:28:38.478 ;
timestamp; status;interrupt;globalPosition; ; ;localPosition; ; ;globalRotation; ; ; ;localRotation; ; ; ;
msec; Game Status; code;x; y; z;x; y; z;x; y; z; w;x; y; z; w;
127.1313 ;0 ;5 ;0.62 ;0 ;-4.21 ;0.62 ;0 ;0 ;0 ;0 ;0 ;1 ;0 ;0 ;0 ;1 ;
127.12 ;0 ; ;0.62 ;0 ;-4.21 ;0.62 ;0 ;0 ;0 ;0 ;0 ;1 ;0 ;0 ;0 ;1 ;
127.14 ;0 ; ;0.62 ;0 ;-4.21 ;0.62 ;0 ;0 ;0 ;0 ;0 ;1 ;0 ;0 ;0 ;1 ;
127.16 ;0 ; ;0.62 ;0 ;-4.21 ;0.62 ;0 ;0 ;0 ;0 ;0 ;1 ;0 ;0 ;0 ;1 ;
127.18 ;0 ; ;0.62 ;0 ;-4.21 ;0.62 ;0 ;0 ;0 ;0 ;0 ;1 ;0 ;0 ;0 ;1 ;
127.2 ;0 ; ;0.62 ;0 ;-4.21 ;0.62 ;0 ;0 ;0 ;0 ;0 ;1 ;0 ;0 ;0 ;1 ;
127.22 ;0 ; ;0.62 ;0 ;-4.21 ;0.62 ;0 ;0 ;0 ;0 ;0 ;1 ;0 ;0 ;0 ;1 ;
127.24 ;0 ; ;0.62 ;0 ;-4.21 ;0.62 ;0 ;0 ;0 ;0 ;0 ;1 ;0 ;0 ;0 ;1 ;
127.26 ;0 ; ;0.62 ;0 ;-4.21 ;0.62 ;0 ;0 ;0 ;0 ;0 ;1 ;0 ;0 ;0 ;1 ;
127.28 ;0 ; ;0.62 ;0 ;-4.21 ;0.62 ;0 ;0 ;0 ;0 ;0 ;1 ;0 ;0 ;0 ;1 ;
127.3 ;0 ; ;0.62 ;0 ;-4.21 ;0.62 ;0 ;0 ;0 ;0 ;0 ;1 ;0 ;0 ;0 ;1 ;
127.32 ;0 ; ;0.62 ;0 ;-4.21 ;0.62 ;0 ;0 ;0 ;0 ;0 ;1 ;0 ;0 ;0 ;1 ;
127.34 ;0 ; ;0.62 ;0 ;-4.21 ;0.62 ;0 ;0 ;0 ;0 ;0 ;1 ;0 ;0 ;0 ;1 ;
127.36 ;0 ; ;0.62 ;0 ;-4.21 ;0.62 ;0 ;0 ;0 ;0 ;0 ;1 ;0 ;0 ;0 ;1 ;
127.38 ;0 ; ;0.62 ;0 ;-4.21 ;0.62 ;0 ;0 ;0 ;0 ;0 ;1 ;0 ;0 ;0 ;1 ;
127.4 ;0 ; ;0.62 ;0 ;-4.21 ;0.62 ;0 ;0 ;0 ;0 ;0 ;1 ;0 ;0 ;0 ;1 ;
127.42 ;0 ; ;0.62 ;0 ;-4.21 ;0.62 ;0 ;0 ;0 ;0 ;0 ;1 ;0 ;0 ;0 ;1 ;
127.44 ;0 ; ;0.62 ;0 ;-4.21 ;0.62 ;0 ;0 ;0 ;0 ;0 ;1 ;0 ;0 ;0 ;1 ;
127.46 ;0 ; ;0.62 ;0 ;-4.21 ;0.62 ;0 ;0 ;0 ;0 ;0 ;1 ;0 ;0 ;0 ;1 ;
127.48 ;0 ; ;0.62 ;0 ;-4.21 ;0.62 ;0 ;0 ;0 ;0 ;0 ;1 ;0 ;0 ;0 ;1 ;
127.5 ;0 ; ;0.62 ;0 ;-4.21 ;0.62 ;0 ;0 ;0 ;0 ;0 ;1 ;0 ;0 ;0 ;1 ;
127.52 ;0 ; ;0.62 ;0 ;-4.21 ;0.62 ;0 ;0 ;0 ;0 ;0 ;1 ;0 ;0 ;0 ;1 ;
127.54 ;0 ; ;0.62 ;0 ;-4.21 ;0.62 ;0 ;0 ;0 ;0 ;0 ;1 ;0 ;0 ;0 ;1 ;
127.56 ;0 ; ;0.62 ;0 ;-4.21 ;0.62 ;0 ;0 ;0 ;0 ;0 ;1 ;0 ;0 ;0 ;1 ;
127.58 ;0 ; ;0.62 ;0 ;-4.21 ;0.62 ;0 ;0 ;0 ;0 ;0 ;1 ;0 ;0 ;0 ;1 ;
127.6 ;0 ; ;0.62 ;0 ;-4.21 ;0.62 ;0 ;0 ;0 ;0 ;0 ;1 ;0 ;0 ;0 ;1 ;
127.62 ;0 ; ;0.62 ;0 ;-4.21 ;0.62 ;0 ;0 ;0 ;0 ;0 ;1 ;0 ;0 ;0 ;1 ;
127.64 ;0 ; ;0.62 ;0 ;-4.21 ;0.62 ;0 ;0 ;0 ;0 ;0 ;1 ;0 ;0 ;0 ;1 ;
127.66 ;0 ; ;0.62 ;0 ;-4.21 ;0.62 ;0 ;0 ;0 ;0 ;0 ;1 ;0 ;0 ;0 ;1 ;
127.68 ;0 ; ;0.62 ;0 ;-4.21 ;0.62 ;0 ;0 ;0 ;0 ;0 ;1 ;0 ;0 ;0 ;1 ;
127.7 ;0 ; ;0.62 ;0 ;-4.21 ;0.62 ;0 ;0 ;0 ;0 ;0 ;1 ;0 ;0 ;0 ;1 ;
127.72 ;0 ; ;0.62 ;0 ;-4.21 ;0.62 ;0 ;0 ;0 ;0 ;0 ;1 ;0 ;0 ;0 ;1 ;
127.74 ;0 ; ;0.62 ;0 ;-4.21 ;0.62 ;0 ;0 ;0 ;0 ;0 ;1 ;0 ;0 ;0 ;1 ;
127.76 ;0 ; ;0.62 ;0 ;-4.21 ;0.62 ;0 ;0 ;0 ;0 ;0 ;1 ;0 ;0 ;0 ;1 ;
127.78 ;0 ; ;0.62 ;0 ;-4.21 ;0.62 ;0 ;0 ;0 ;0 ;0 ;1 ;0 ;0 ;0 ;1 ;
127.8 ;0 ; ;0.62 ;0 ;-4.21 ;0.62 ;0 ;0 ;0 ;0 ;0 ;1 ;0 ;0 ;0 ;1 ;
127.82 ;0 ; ;0.62 ;0 ;-4.21 ;0.62 ;0 ;0 ;0 ;0 ;0 ;1 ;0 ;0 ;0 ;1 ;
127.84 ;0 ; ;0.62 ;0 ;-4.21 ;0.62 ;0 ;0 ;0 ;0 ;0 ;1 ;0 ;0 ;0 ;1 ;
127.86 ;0 ; ;0.62 ;0 ;-4.21 ;0.62 ;0 ;0 ;0 ;0 ;0 ;1 ;0 ;0 ;0 ;1 ;
127.88 ;0 ; ;0.62 ;0 ;-4.21 ;0.62 ;0 ;0 ;0 ;0 ;0 ;1 ;0 ;0 ;0 ;1 ;
127.9 ;0 ; ;0.62 ;0 ;-4.21 ;0.62 ;0 ;0 ;0 ;0 ;0 ;1 ;0 ;0 ;0 ;1 ;
127.92 ;0 ; ;0.62 ;0 ;-4.21 ;0.62 ;0 ;0 ;0 ;0 ;0 ;1 ;0 ;0 ;0 ;1 ;
127.94 ;0 ; ;0.62 ;0 ;-4.21 ;0.62 ;0 ;0 ;0 ;0 ;0 ;1 ;0 ;0 ;0 ;1 ;
127.96 ;0 ; ;0.62 ;0 ;-4.21 ;0.62 ;0 ;0 ;0 ;0 ;0 ;1 ;0 ;0 ;0 ;1 ;
127.98 ;0 ; ;0.62 ;0 ;-4.21 ;0.62 ;0 ;0 ;0 ;0 ;0 ;1 ;0 ;0 ;0 ;1 ;
128 ;0 ; ;0.62 ;0 ;-4.21 ;0.62 ;0 ;0 ;0 ;0 ;0 ;1 ;0 ;0 ;0 ;1 ;
128.02 ;0 ; ;0.62 ;0 ;-4.21 ;0.62 ;0 ;0 ;0 ;0 ;0 ;1 ;0 ;0 ;0 ;1 ;
128.04 ;0 ; ;0.62 ;0 ;-4.21 ;0.62 ;0 ;0 ;0 ;0 ;0 ;1 ;0 ;0 ;0 ;1 ;
128.06 ;0 ; ;0.62 ;0 ;-4.21 ;0.62 ;0 ;0 ;0 ;0 ;0 ;1 ;0 ;0 ;0 ;1 ;
128.08 ;0 ; ;0.62 ;0 ;-4.21 ;0.62 ;0 ;0 ;0 ;0 ;0 ;1 ;0 ;0 ;0 ;1 ;
128.1 ;0 ; ;0.62 ;0 ;-4.21 ;0.62 ;0 ;0 ;0 ;0 ;0 ;1 ;0 ;0 ;0 ;1 ;
128.12 ;0 ; ;0.62 ;0 ;-4.21 ;0.62 ;0 ;0 ;0 ;0 ;0 ;1 ;0 ;0 ;0 ;1 ;
128.14 ;0 ; ;0.62 ;0 ;-4.21 ;0.62 ;0 ;0 ;0 ;0 ;0 ;1 ;0 ;0 ;0 ;1 ;
128.16 ;0 ; ;0.62 ;0 ;-4.21 ;0.62 ;0 ;0 ;0 ;0 ;0 ;1 ;0 ;0 ;0 ;1 ;
128.18 ;0 ; ;0.62 ;0 ;-4.21 ;0.62 ;0 ;0 ;0 ;0 ;0 ;1 ;0 ;0 ;0 ;1 ;
128.2 ;0 ; ;0.62 ;0 ;-4.21 ;0.62 ;0 ;0 ;0 ;0 ;0 ;1 ;0 ;0 ;0 ;1 ;
128.22 ;0 ; ;0.62 ;0 ;-4.21 ;0.62 ;0 ;0 ;0 ;0 ;0 ;1 ;0 ;0 ;0 ;1 ;
128.24 ;0 ; ;0.62 ;0 ;-4.21 ;0.62 ;0 ;0 ;0 ;0 ;0 ;1 ;0 ;0 ;0 ;1 ;
128.26 ;0 ; ;0.62 ;0 ;-4.21 ;0.62 ;0 ;0 ;0 ;0 ;0 ;1 ;0 ;0 ;0 ;1 ;
128.28 ;0 ; ;0.62 ;0 ;-4.21 ;0.62 ;0 ;0 ;0 ;0 ;0 ;1 ;0 ;0 ;0 ;1 ;
128.3 ;0 ; ;0.62 ;0 ;-4.21 ;0.62 ;0 ;0 ;0 ;0 ;0 ;1 ;0 ;0 ;0 ;1 ;
128.32 ;0 ; ;0.62 ;0 ;-4.21 ;0.62 ;0 ;0 ;0 ;0 ;0 ;1 ;0 ;0 ;0 ;1 ;
128.34 ;0 ; ;0.62 ;0 ;-4.21 ;0.62 ;0 ;0 ;0 ;0 ;0 ;1 ;0 ;0 ;0 ;1 ;
128.36 ;0 ; ;0.62 ;0 ;-4.21 ;0.62 ;0 ;0 ;0 ;0 ;0 ;1 ;0 ;0 ;0 ;1 ;
128.38 ;0 ; ;0.62 ;0 ;-4.21 ;0.62 ;0 ;0 ;0 ;0 ;0 ;1 ;0 ;0 ;0 ;1 ;
128.4 ;0 ; ;0.62 ;0 ;-4.21 ;0.62 ;0 ;0 ;0 ;0 ;0 ;1 ;0 ;0 ;0 ;1 ;
128.42 ;0 ; ;0.62 ;0 ;-4.21 ;0.62 ;0 ;0 ;0 ;0 ;0 ;1 ;0 ;0 ;0 ;1 ;
128.44 ;0 ; ;0.62 ;0 ;-4.21 ;0.62 ;0 ;0 ;0 ;0 ;0 ;1 ;0 ;0 ;0 ;1 ;
128.46 ;0 ; ;0.62 ;0 ;-4.21 ;0.62 ;0 ;0 ;0 ;0 ;0 ;1 ;0 ;0 ;0 ;1 ;
128.48 ;0 ; ;0.62 ;0 ;-4.21 ;0.62 ;0 ;0 ;0 ;0 ;0 ;1 ;0 ;0 ;0 ;1 ;
128.5 ;0 ; ;0.62 ;0 ;-4.21 ;0.62 ;0 ;0 ;0 ;0 ;0 ;1 ;0 ;0 ;0 ;1 ;
128.52 ;0 ; ;0.62 ;0 ;-4.21 ;0.62 ;0 ;0 ;0 ;0 ;0 ;1 ;0 ;0 ;0 ;1 ;
128.54 ;0 ; ;0.62 ;0 ;-4.21 ;0.62 ;0 ;0 ;0 ;0 ;0 ;1 ;0 ;0 ;0 ;1 ;
128.56 ;0 ; ;0.62 ;0 ;-4.21 ;0.62 ;0 ;0 ;0 ;0 ;0 ;1 ;0 ;0 ;0 ;1 ;
128.58 ;0 ; ;0.62 ;0 ;-4.21 ;0.62 ;0 ;0 ;0 ;0 ;0 ;1 ;0 ;0 ;0 ;1 ;
128.6 ;0 ; ;0.62 ;0 ;-4.21 ;0.62 ;0 ;0 ;0 ;0 ;0 ;1 ;0 ;0 ;0 ;1 ;
128.62 ;0 ; ;0.62 ;0 ;-4.21 ;0.62 ;0 ;0 ;0 ;0 ;0 ;1 ;0 ;0 ;0 ;1 ;
128.64 ;0 ; ;0.62 ;0 ;-4.21 ;0.62 ;0 ;0 ;0 ;0 ;0 ;1 ;0 ;0 ;0 ;1 ;
128.66 ;0 ; ;0.62 ;0 ;-4.21 ;0.62 ;0 ;0 ;0 ;0 ;0 ;1 ;0 ;0 ;0 ;1 ;
128.68 ;0 ; ;0.62 ;0 ;-4.21 ;0.62 ;0 ;0 ;0 ;0 ;0 ;1 ;0 ;0 ;0 ;1 ;
128.7 ;0 ; ;0.62 ;0 ;-4.21 ;0.62 ;0 ;0 ;0 ;0 ;0 ;1 ;0 ;0 ;0 ;1 ;
128.72 ;0 ; ;0.62 ;0 ;-4.21 ;0.62 ;0 ;0 ;0 ;0 ;0 ;1 ;0 ;0 ;0 ;1 ;
128.74 ;0 ; ;0.62 ;0 ;-4.21 ;0.62 ;0 ;0 ;0 ;0 ;0 ;1 ;0 ;0 ;0 ;1 ;
128.76 ;0 ; ;0.62 ;0 ;-4.21 ;0.62 ;0 ;0 ;0 ;0 ;0 ;1 ;0 ;0 ;0 ;1 ;
128.78 ;0 ; ;0.62 ;0 ;-4.21 ;0.62 ;0 ;0 ;0 ;0 ;0 ;1 ;0 ;0 ;0 ;1 ;
128.8 ;0 ; ;0.62 ;0 ;-4.21 ;0.62 ;0 ;0 ;0 ;0 ;0 ;1 ;0 ;0 ;0 ;1 ;
128.82 ;0 ; ;0.62 ;0 ;-4.21 ;0.62 ;0 ;0 ;0 ;0 ;0 ;1 ;0 ;0 ;0 ;1 ;
128.84 ;0 ; ;0.62 ;0 ;-4.21 ;0.62 ;0 ;0 ;0 ;0 ;0 ;1 ;0 ;0 ;0 ;1 ;
128.86 ;0 ; ;0.62 ;0 ;-4.21 ;0.62 ;0 ;0 ;0 ;0 ;0 ;1 ;0 ;0 ;0 ;1 ;
128.88 ;0 ; ;0.62 ;0 ;-4.21 ;0.62 ;0 ;0 ;0 ;0 ;0 ;1 ;0 ;0 ;0 ;1 ;
128.9 ;0 ; ;0.62 ;0 ;-4.21 ;0.62 ;0 ;0 ;0 ;0 ;0 ;1 ;0 ;0 ;0 ;1 ;
128.92 ;0 ; ;0.62 ;0 ;-4.21 ;0.62 ;0 ;0 ;0 ;0 ;0 ;1 ;0 ;0 ;0 ;1 ;
128.94 ;0 ; ;0.62 ;0 ;-4.21 ;0.62 ;0 ;0 ;0 ;0 ;0 ;1 ;0 ;0 ;0 ;1 ;
128.96 ;0 ; ;0.62 ;0 ;-4.21 ;0.62 ;0 ;0 ;0 ;0 ;0 ;1 ;0 ;0 ;0 ;1 ;
128.98 ;0 ; ;0.62 ;0 ;-4.21 ;0.62 ;0 ;0 ;0 ;0 ;0 ;1 ;0 ;0 ;0 ;1 ;
129 ;0 ; ;0.62 ;0 ;-4.21 ;0.62 ;0 ;0 ;0 ;0 ;0 ;1 ;0 ;0 ;0 ;1 ;
129.02 ;0 ; ;0.62 ;0 ;-4.21 ;0.62 ;0 ;0 ;0 ;0 ;0 ;1 ;0 ;0 ;0 ;1 ;
129.04 ;0 ; ;0.62 ;0 ;-4.21 ;0.62 ;0 ;0 ;0 ;0 ;0 ;1 ;0 ;0 ;0 ;1 ;
129.06 ;0 ; ;0.62 ;0 ;-4.21 ;0.62 ;0 ;0 ;0 ;0 ;0 ;1 ;0 ;0 ;0 ;1 ;
129.08 ;0 ; ;0.62 ;0 ;-4.21 ;0.62 ;0 ;0 ;0 ;0 ;0 ;1 ;0 ;0 ;0 ;1 ;
129.1 ;0 ; ;0.62 ;0 ;-4.21 ;0.62 ;0 ;0 ;0 ;0 ;0 ;1 ;0 ;0 ;0 ;1 ;
129.12 ;0 ; ;0.62 ;0 ;-4.21 ;0.62 ;0 ;0 ;0 ;0 ;0 ;1 ;0 ;0 ;0 ;1 ;
129.14 ;0 ; ;0.62 ;0 ;-4.21 ;0.62 ;0 ;0 ;0 ;0 ;0 ;1 ;0 ;0 ;0 ;1 ;
129.16 ;0 ; ;0.62 ;0 ;-4.21 ;0.62 ;0 ;0 ;0 ;0 ;0 ;1 ;0 ;0 ;0 ;1 ;
129.18 ;0 ; ;0.62 ;0 ;-4.21 ;0.62 ;0 ;0 ;0 ;0 ;0 ;1 ;0 ;0 ;0 ;1 ;
129.2 ;0 ; ;0.62 ;0 ;-4.21 ;0.62 ;0 ;0 ;0 ;0 ;0 ;1 ;0 ;0 ;0 ;1 ;
129.22 ;0 ; ;0.62 ;0 ;-4.21 ;0.62 ;0 ;0 ;0 ;0 ;0 ;1 ;0 ;0 ;0 ;1 ;
129.24 ;0 ; ;0.62 ;0 ;-4.21 ;0.62 ;0 ;0 ;0 ;0 ;0 ;1 ;0 ;0 ;0 ;1 ;
129.26 ;0 ; ;0.62 ;0 ;-4.21 ;0.62 ;0 ;0 ;0 ;0 ;0 ;1 ;0 ;0 ;0 ;1 ;
129.28 ;0 ; ;0.62 ;0 ;-4.21 ;0.62 ;0 ;0 ;0 ;0 ;0 ;1 ;0 ;0 ;0 ;1 ;
129.3 ;0 ; ;0.62 ;0 ;-4.21 ;0.62 ;0 ;0 ;0 ;0 ;0 ;1 ;0 ;0 ;0 ;1 ;
129.32 ;0 ; ;0.62 ;0 ;-4.21 ;0.62 ;0 ;0 ;0 ;0 ;0 ;1 ;0 ;0 ;0 ;1 ;
129.34 ;0 ; ;0.62 ;0 ;-4.21 ;0.62 ;0 ;0 ;0 ;0 ;0 ;1 ;0 ;0 ;0 ;1 ;
129.36 ;0 ; ;0.62 ;0 ;-4.21 ;0.62 ;0 ;0 ;0 ;0 ;0 ;1 ;0 ;0 ;0 ;1 ;
129.38 ;0 ; ;0.62 ;0 ;-4.21 ;0.62 ;0 ;0 ;0 ;0 ;0 ;1 ;0 ;0 ;0 ;1 ;
129.4 ;0 ; ;0.62 ;0 ;-4.21 ;0.62 ;0 ;0 ;0 ;0 ;0 ;1 ;0 ;0 ;0 ;1 ;
129.42 ;0 ; ;0.62 ;0 ;-4.21 ;0.62 ;0 ;0 ;0 ;0 ;0 ;1 ;0 ;0 ;0 ;1 ;
129.44 ;0 ; ;0.62 ;0 ;-4.21 ;0.62 ;0 ;0 ;0 ;0 ;0 ;1 ;0 ;0 ;0 ;1 ;
129.46 ;0 ; ;0.62 ;0 ;-4.21 ;0.62 ;0 ;0 ;0 ;0 ;0 ;1 ;0 ;0 ;0 ;1 ;
129.48 ;0 ; ;0.62 ;0 ;-4.21 ;0.62 ;0 ;0 ;0 ;0 ;0 ;1 ;0 ;0 ;0 ;1 ;
129.5 ;0 ; ;0.62 ;0 ;-4.21 ;0.62 ;0 ;0 ;0 ;0 ;0 ;1 ;0 ;0 ;0 ;1 ;
129.52 ;0 ; ;0.62 ;0 ;-4.21 ;0.62 ;0 ;0 ;0 ;0 ;0 ;1 ;0 ;0 ;0 ;1 ;
129.54 ;0 ; ;0.62 ;0 ;-4.21 ;0.62 ;0 ;0 ;0 ;0 ;0 ;1 ;0 ;0 ;0 ;1 ;
129.56 ;0 ; ;0.62 ;0 ;-4.21 ;0.62 ;0 ;0 ;0 ;0 ;0 ;1 ;0 ;0 ;0 ;1 ;
129.58 ;0 ; ;0.62 ;0 ;-4.21 ;0.62 ;0 ;0 ;0 ;0 ;0 ;1 ;0 ;0 ;0 ;1 ;
129.6 ;0 ; ;0.62 ;0 ;-4.21 ;0.62 ;0 ;0 ;0 ;0 ;0 ;1 ;0 ;0 ;0 ;1 ;
129.62 ;0 ; ;0.62 ;0 ;-4.21 ;0.62 ;0 ;0 ;0 ;0 ;0 ;1 ;0 ;0 ;0 ;1 ;
129.64 ;0 ; ;0.62 ;0 ;-4.21 ;0.62 ;0 ;0 ;0 ;0 ;0 ;1 ;0 ;0 ;0 ;1 ;
129.66 ;0 ; ;0.62 ;0 ;-4.21 ;0.62 ;0 ;0 ;0 ;0 ;0 ;1 ;0 ;0 ;0 ;1 ;
129.68 ;0 ; ;0.62 ;0 ;-4.21 ;0.62 ;0 ;0 ;0 ;0 ;0 ;1 ;0 ;0 ;0 ;1 ;
129.7 ;0 ; ;0.62 ;0 ;-4.21 ;0.62 ;0 ;0 ;0 ;0 ;0 ;1 ;0 ;0 ;0 ;1 ;
129.72 ;0 ; ;0.62 ;0 ;-4.21 ;0.62 ;0 ;0 ;0 ;0 ;0 ;1 ;0 ;0 ;0 ;1 ;
129.74 ;0 ; ;0.62 ;0 ;-4.21 ;0.62 ;0 ;0 ;0 ;0 ;0 ;1 ;0 ;0 ;0 ;1 ;
129.76 ;0 ; ;0.62 ;0 ;-4.21 ;0.62 ;0 ;0 ;0 ;0 ;0 ;1 ;0 ;0 ;0 ;1 ;
129.78 ;0 ; ;0.62 ;0 ;-4.21 ;0.62 ;0 ;0 ;0 ;0 ;0 ;1 ;0 ;0 ;0 ;1 ;
129.8 ;0 ; ;0.62 ;0 ;-4.21 ;0.62 ;0 ;0 ;0 ;0 ;0 ;1 ;0 ;0 ;0 ;1 ;
129.82 ;0 ; ;0.62 ;0 ;-4.21 ;0.62 ;0 ;0 ;0 ;0 ;0 ;1 ;0 ;0 ;0 ;1 ;
129.84 ;0 ; ;0.62 ;0 ;-4.21 ;0.62 ;0 ;0 ;0 ;0 ;0 ;1 ;0 ;0 ;0 ;1 ;
129.86 ;0 ; ;0.62 ;0 ;-4.21 ;0.62 ;0 ;0 ;0 ;0 ;0 ;1 ;0 ;0 ;0 ;1 ;
129.88 ;0 ; ;0.62 ;0 ;-4.21 ;0.62 ;0 ;0 ;0 ;0 ;0 ;1 ;0 ;0 ;0 ;1 ;
129.9 ;0 ; ;0.62 ;0 ;-4.21 ;0.62 ;0 ;0 ;0 ;0 ;0 ;1 ;0 ;0 ;0 ;1 ;
129.92 ;0 ; ;0.62 ;0 ;-4.21 ;0.62 ;0 ;0 ;0 ;0 ;0 ;1 ;0 ;0 ;0 ;1 ;
129.94 ;0 ; ;0.62 ;0 ;-4.21 ;0.62 ;0 ;0 ;0 ;0 ;0 ;1 ;0 ;0 ;0 ;1 ;
129.96 ;0 ; ;0.62 ;0 ;-4.21 ;0.62 ;0 ;0 ;0 ;0 ;0 ;1 ;0 ;0 ;0 ;1 ;
129.98 ;0 ; ;0.62 ;0 ;-4.21 ;0.62 ;0 ;0 ;0 ;0 ;0 ;1 ;0 ;0 ;0 ;1 ;
130 ;0 ; ;0.62 ;0 ;-4.21 ;0.62 ;0 ;0 ;0 ;0 ;0 ;1 ;0 ;0 ;0 ;1 ;
130.02 ;0 ; ;0.62 ;0 ;-4.21 ;0.62 ;0 ;0 ;0 ;0 ;0 ;1 ;0 ;0 ;0 ;1 ;
130.04 ;0 ; ;0.62 ;0 ;-4.21 ;0.62 ;0 ;0 ;0 ;0 ;0 ;1 ;0 ;0 ;0 ;1 ;
130.06 ;0 ; ;0.62 ;0 ;-4.21 ;0.62 ;0 ;0 ;0 ;0 ;0 ;1 ;0 ;0 ;0 ;1 ;
130.08 ;0 ; ;0.62 ;0 ;-4.21 ;0.62 ;0 ;0 ;0 ;0 ;0 ;1 ;0 ;0 ;0 ;1 ;
130.1 ;0 ; ;0.62 ;0 ;-4.21 ;0.62 ;0 ;0 ;0 ;0 ;0 ;1 ;0 ;0 ;0 ;1 ;
130.12 ;0 ; ;0.62 ;0 ;-4.21 ;0.62 ;0 ;0 ;0 ;0 ;0 ;1 ;0 ;0 ;0 ;1 ;
130.14 ;0 ; ;0.62 ;0 ;-4.21 ;0.62 ;0 ;0 ;0 ;0 ;0 ;1 ;0 ;0 ;0 ;1 ;
130.16 ;0 ; ;0.62 ;0 ;-4.21 ;0.62 ;0 ;0 ;0 ;0 ;0 ;1 ;0 ;0 ;0 ;1 ;
130.18 ;0 ; ;0.62 ;0 ;-4.21 ;0.62 ;0 ;0 ;0 ;0 ;0 ;1 ;0 ;0 ;0 ;1 ;
130.2 ;0 ; ;0.62 ;0 ;-4.21 ;0.62 ;0 ;0 ;0 ;0 ;0 ;1 ;0 ;0 ;0 ;1 ;
130.22 ;0 ; ;0.62 ;0 ;-4.21 ;0.62 ;0 ;0 ;0 ;0 ;0 ;1 ;0 ;0 ;0 ;1 ;
130.24 ;0 ; ;0.62 ;0 ;-4.21 ;0.62 ;0 ;0 ;0 ;0 ;0 ;1 ;0 ;0 ;0 ;1 ;
130.26 ;0 ; ;0.62 ;0 ;-4.21 ;0.62 ;0 ;0 ;0 ;0 ;0 ;1 ;0 ;0 ;0 ;1 ;
130.28 ;0 ; ;0.62 ;0 ;-4.21 ;0.62 ;0 ;0 ;0 ;0 ;0 ;1 ;0 ;0 ;0 ;1 ;
130.3 ;0 ; ;0.62 ;0 ;-4.21 ;0.62 ;0 ;0 ;0 ;0 ;0 ;1 ;0 ;0 ;0 ;1 ;
130.32 ;0 ; ;0.62 ;0 ;-4.21 ;0.62 ;0 ;0 ;0 ;0 ;0 ;1 ;0 ;0 ;0 ;1 ;
130.34 ;0 ; ;0.62 ;0 ;-4.21 ;0.62 ;0 ;0 ;0 ;0 ;0 ;1 ;0 ;0 ;0 ;1 ;
130.36 ;0 ; ;0.62 ;0 ;-4.21 ;0.62 ;0 ;0 ;0 ;0 ;0 ;1 ;0 ;0 ;0 ;1 ;
130.38 ;0 ; ;0.62 ;0 ;-4.21 ;0.62 ;0 ;0 ;0 ;0 ;0 ;1 ;0 ;0 ;0 ;1 ;
130.4 ;0 ; ;0.62 ;0 ;-4.21 ;0.62 ;0 ;0 ;0 ;0 ;0 ;1 ;0 ;0 ;0 ;1 ;
130.42 ;0 ; ;0.62 ;0 ;-4.21 ;0.62 ;0 ;0 ;0 ;0 ;0 ;1 ;0 ;0 ;0 ;1 ;
130.44 ;0 ; ;0.62 ;0 ;-4.21 ;0.62 ;0 ;0 ;0 ;0 ;0 ;1 ;0 ;0 ;0 ;1 ;
130.46 ;0 ; ;0.62 ;0 ;-4.21 ;0.62 ;0 ;0 ;0 ;0 ;0 ;1 ;0 ;0 ;0 ;1 ;
130.48 ;0 ; ;0.62 ;0 ;-4.21 ;0.62 ;0 ;0 ;0 ;0 ;0 ;1 ;0 ;0 ;0 ;1 ;
130.5 ;0 ; ;0.62 ;0 ;-4.21 ;0.62 ;0 ;0 ;0 ;0 ;0 ;1 ;0 ;0 ;0 ;1 ;
130.52 ;0 ; ;0.62 ;0 ;-4.21 ;0.62 ;0 ;0 ;0 ;0 ;0 ;1 ;0 ;0 ;0 ;1 ;
130.54 ;0 ; ;0.62 ;0 ;-4.21 ;0.62 ;0 ;0 ;0 ;0 ;0 ;1 ;0 ;0 ;0 ;1 ;
130.56 ;0 ; ;0.62 ;0 ;-4.21 ;0.62 ;0 ;0 ;0 ;0 ;0 ;1 ;0 ;0 ;0 ;1 ;
130.58 ;0 ; ;0.62 ;0 ;-4.21 ;0.62 ;0 ;0 ;0 ;0 ;0 ;1 ;0 ;0 ;0 ;1 ;
130.6 ;0 ; ;0.62 ;0 ;-4.21 ;0.62 ;0 ;0 ;0 ;0 ;0 ;1 ;0 ;0 ;0 ;1 ;
130.62 ;0 ; ;0.62 ;0 ;-4.21 ;0.62 ;0 ;0 ;0 ;0 ;0 ;1 ;0 ;0 ;0 ;1 ;
130.64 ;0 ; ;0.62 ;0 ;-4.21 ;0.62 ;0 ;0 ;0 ;0 ;0 ;1 ;0 ;0 ;0 ;1 ;
130.66 ;0 ; ;0.62 ;0 ;-4.21 ;0.62 ;0 ;0 ;0 ;0 ;0 ;1 ;0 ;0 ;0 ;1 ;
130.68 ;0 ; ;0.62 ;0 ;-4.21 ;0.62 ;0 ;0 ;0 ;0 ;0 ;1 ;0 ;0 ;0 ;1 ;
130.7 ;0 ; ;0.62 ;0 ;-4.21 ;0.62 ;0 ;0 ;0 ;0 ;0 ;1 ;0 ;0 ;0 ;1 ;
130.72 ;0 ; ;0.62 ;0 ;-4.21 ;0.62 ;0 ;0 ;0 ;0 ;0 ;1 ;0 ;0 ;0 ;1 ;
130.74 ;0 ; ;0.62 ;0 ;-4.21 ;0.62 ;0 ;0 ;0 ;0 ;0 ;1 ;0 ;0 ;0 ;1 ;
130.76 ;0 ; ;0.62 ;0 ;-4.21 ;0.62 ;0 ;0 ;0 ;0 ;0 ;1 ;0 ;0 ;0 ;1 ;
130.78 ;0 ; ;0.62 ;0 ;-4.21 ;0.62 ;0 ;0 ;0 ;0 ;0 ;1 ;0 ;0 ;0 ;1 ;
130.8 ;0 ; ;0.62 ;0 ;-4.21 ;0.62 ;0 ;0 ;0 ;0 ;0 ;1 ;0 ;0 ;0 ;1 ;
130.82 ;0 ; ;0.62 ;0 ;-4.21 ;0.62 ;0 ;0 ;0 ;0 ;0 ;1 ;0 ;0 ;0 ;1 ;
130.84 ;0 ; ;0.62 ;0 ;-4.21 ;0.62 ;0 ;0 ;0 ;0 ;0 ;1 ;0 ;0 ;0 ;1 ;
130.86 ;0 ; ;0.62 ;0 ;-4.21 ;0.62 ;0 ;0 ;0 ;0 ;0 ;1 ;0 ;0 ;0 ;1 ;
130.88 ;0 ; ;0.62 ;0 ;-4.21 ;0.62 ;0 ;0 ;0 ;0 ;0 ;1 ;0 ;0 ;0 ;1 ;
130.9 ;0 ; ;0.62 ;0 ;-4.21 ;0.62 ;0 ;0 ;0 ;0 ;0 ;1 ;0 ;0 ;0 ;1 ;
130.92 ;0 ; ;0.62 ;0 ;-4.21 ;0.62 ;0 ;0 ;0 ;0 ;0 ;1 ;0 ;0 ;0 ;1 ;
130.94 ;0 ; ;0.62 ;0 ;-4.21 ;0.62 ;0 ;0 ;0 ;0 ;0 ;1 ;0 ;0 ;0 ;1 ;
130.96 ;0 ; ;0.62 ;0 ;-4.21 ;0.62 ;0 ;0 ;0 ;0 ;0 ;1 ;0 ;0 ;0 ;1 ;
130.98 ;0 ; ;0.62 ;0 ;-4.21 ;0.62 ;0 ;0 ;0 ;0 ;0 ;1 ;0 ;0 ;0 ;1 ;
131 ;0 ; ;0.62 ;0 ;-4.21 ;0.62 ;0 ;0 ;0 ;0 ;0 ;1 ;0 ;0 ;0 ;1 ;
131.02 ;0 ; ;0.62 ;0 ;-4.21 ;0.62 ;0 ;0 ;0 ;0 ;0 ;1 ;0 ;0 ;0 ;1 ;
131.04 ;0 ; ;0.62 ;0 ;-4.21 ;0.62 ;0 ;0 ;0 ;0 ;0 ;1 ;0 ;0 ;0 ;1 ;
131.06 ;0 ; ;0.62 ;0 ;-4.21 ;0.62 ;0 ;0 ;0 ;0 ;0 ;1 ;0 ;0 ;0 ;1 ;
131.08 ;0 ; ;0.62 ;0 ;-4.21 ;0.62 ;0 ;0 ;0 ;0 ;0 ;1 ;0 ;0 ;0 ;1 ;
131.1 ;0 ; ;0.62 ;0 ;-4.21 ;0.62 ;0 ;0 ;0 ;0 ;0 ;1 ;0 ;0 ;0 ;1 ;
131.12 ;0 ; ;0.62 ;0 ;-4.21 ;0.62 ;0 ;0 ;0 ;0 ;0 ;1 ;0 ;0 ;0 ;1 ;
131.14 ;0 ; ;0.62 ;0 ;-4.21 ;0.62 ;0 ;0 ;0 ;0 ;0 ;1 ;0 ;0 ;0 ;1 ;
131.16 ;0 ; ;0.62 ;0 ;-4.21 ;0.62 ;0 ;0 ;0 ;0 ;0 ;1 ;0 ;0 ;0 ;1 ;
131.18 ;0 ; ;0.62 ;0 ;-4.21 ;0.62 ;0 ;0 ;0 ;0 ;0 ;1 ;0 ;0 ;0 ;1 ;
131.2 ;0 ; ;0.62 ;0 ;-4.21 ;0.62 ;0 ;0 ;0 ;0 ;0 ;1 ;0 ;0 ;0 ;1 ;
131.22 ;0 ; ;0.62 ;0 ;-4.21 ;0.62 ;0 ;0 ;0 ;0 ;0 ;1 ;0 ;0 ;0 ;1 ;
131.24 ;0 ; ;0.62 ;0 ;-4.21 ;0.62 ;0 ;0 ;0 ;0 ;0 ;1 ;0 ;0 ;0 ;1 ;
131.26 ;0 ; ;0.62 ;0 ;-4.21 ;0.62 ;0 ;0 ;0 ;0 ;0 ;1 ;0 ;0 ;0 ;1 ;
131.28 ;0 ; ;0.62 ;0 ;-4.21 ;0.62 ;0 ;0 ;0 ;0 ;0 ;1 ;0 ;0 ;0 ;1 ;
131.3 ;0 ; ;0.62 ;0 ;-4.21 ;0.62 ;0 ;0 ;0 ;0 ;0 ;1 ;0 ;0 ;0 ;1 ;
131.32 ;0 ; ;0.62 ;0 ;-4.21 ;0.62 ;0 ;0 ;0 ;0 ;0 ;1 ;0 ;0 ;0 ;1 ;
131.34 ;0 ; ;0.62 ;0 ;-4.21 ;0.62 ;0 ;0 ;0 ;0 ;0 ;1 ;0 ;0 ;0 ;1 ;
131.36 ;0 ; ;0.62 ;0 ;-4.21 ;0.62 ;0 ;0 ;0 ;0 ;0 ;1 ;0 ;0 ;0 ;1 ;
131.38 ;0 ; ;0.62 ;0 ;-4.21 ;0.62 ;0 ;0 ;0 ;0 ;0 ;1 ;0 ;0 ;0 ;1 ;
131.4 ;0 ; ;0.62 ;0 ;-4.21 ;0.62 ;0 ;0 ;0 ;0 ;0 ;1 ;0 ;0 ;0 ;1 ;
131.42 ;0 ; ;0.62 ;0 ;-4.21 ;0.62 ;0 ;0 ;0 ;0 ;0 ;1 ;0 ;0 ;0 ;1 ;
131.44 ;0 ; ;0.62 ;0 ;-4.21 ;0.62 ;0 ;0 ;0 ;0 ;0 ;1 ;0 ;0 ;0 ;1 ;
131.46 ;0 ; ;0.62 ;0 ;-4.21 ;0.62 ;0 ;0 ;0 ;0 ;0 ;1 ;0 ;0 ;0 ;1 ;
131.48 ;0 ; ;0.62 ;0 ;-4.21 ;0.62 ;0 ;0 ;0 ;0 ;0 ;1 ;0 ;0 ;0 ;1 ;
131.5 ;0 ; ;0.62 ;0 ;-4.21 ;0.62 ;0 ;0 ;0 ;0 ;0 ;1 ;0 ;0 ;0 ;1 ;
131.52 ;0 ; ;0.62 ;0 ;-4.21 ;0.62 ;0 ;0 ;0 ;0 ;0 ;1 ;0 ;0 ;0 ;1 ;
131.54 ;0 ; ;0.62 ;0 ;-4.21 ;0.62 ;0 ;0 ;0 ;0 ;0 ;1 ;0 ;0 ;0 ;1 ;
131.56 ;0 ; ;0.62 ;0 ;-4.21 ;0.62 ;0 ;0 ;0 ;0 ;0 ;1 ;0 ;0 ;0 ;1 ;
131.58 ;0 ; ;0.62 ;0 ;-4.21 ;0.62 ;0 ;0 ;0 ;0 ;0 ;1 ;0 ;0 ;0 ;1 ;
131.6 ;0 ; ;0.62 ;0 ;-4.21 ;0.62 ;0 ;0 ;0 ;0 ;0 ;1 ;0 ;0 ;0 ;1 ;
131.62 ;0 ; ;0.62 ;0 ;-4.21 ;0.62 ;0 ;0 ;0 ;0 ;0 ;1 ;0 ;0 ;0 ;1 ;
131.64 ;0 ; ;0.62 ;0 ;-4.21 ;0.62 ;0 ;0 ;0 ;0 ;0 ;1 ;0 ;0 ;0 ;1 ;
131.66 ;0 ; ;0.62 ;0 ;-4.21 ;0.62 ;0 ;0 ;0 ;0 ;0 ;1 ;0 ;0 ;0 ;1 ;
131.68 ;0 ; ;0.62 ;0 ;-4.21 ;0.62 ;0 ;0 ;0 ;0 ;0 ;1 ;0 ;0 ;0 ;1 ;
131.7 ;0 ; ;0.62 ;0 ;-4.21 ;0.62 ;0 ;0 ;0 ;0 ;0 ;1 ;0 ;0 ;0 ;1 ;
131.72 ;0 ; ;0.62 ;0 ;-4.21 ;0.62 ;0 ;0 ;0 ;0 ;0 ;1 ;0 ;0 ;0 ;1 ;
131.74 ;0 ; ;0.62 ;0 ;-4.21 ;0.62 ;0 ;0 ;0 ;0 ;0 ;1 ;0 ;0 ;0 ;1 ;
131.76 ;0 ; ;0.62 ;0 ;-4.21 ;0.62 ;0 ;0 ;0 ;0 ;0 ;1 ;0 ;0 ;0 ;1 ;
131.78 ;0 ; ;0.62 ;0 ;-4.21 ;0.62 ;0 ;0 ;0 ;0 ;0 ;1 ;0 ;0 ;0 ;1 ;
131.8 ;0 ; ;0.62 ;0 ;-4.21 ;0.62 ;0 ;0 ;0 ;0 ;0 ;1 ;0 ;0 ;0 ;1 ;
131.82 ;0 ; ;0.62 ;0 ;-4.21 ;0.62 ;0 ;0 ;0 ;0 ;0 ;1 ;0 ;0 ;0 ;1 ;
131.84 ;0 ; ;0.62 ;0 ;-4.21 ;0.62 ;0 ;0 ;0 ;0 ;0 ;1 ;0 ;0 ;0 ;1 ;
131.86 ;0 ; ;0.62 ;0 ;-4.21 ;0.62 ;0 ;0 ;0 ;0 ;0 ;1 ;0 ;0 ;0 ;1 ;
131.88 ;0 ; ;0.62 ;0 ;-4.21 ;0.62 ;0 ;0 ;0 ;0 ;0 ;1 ;0 ;0 ;0 ;1 ;
131.9 ;0 ; ;0.62 ;0 ;-4.21 ;0.62 ;0 ;0 ;0 ;0 ;0 ;1 ;0 ;0 ;0 ;1 ;
131.92 ;0 ; ;0.62 ;0 ;-4.21 ;0.62 ;0 ;0 ;0 ;0 ;0 ;1 ;0 ;0 ;0 ;1 ;
131.94 ;0 ; ;0.62 ;0 ;-4.21 ;0.62 ;0 ;0 ;0 ;0 ;0 ;1 ;0 ;0 ;0 ;1 ;
131.96 ;0 ; ;0.62 ;0 ;-4.21 ;0.62 ;0 ;0 ;0 ;0 ;0 ;1 ;0 ;0 ;0 ;1 ;
131.98 ;0 ; ;0.62 ;0 ;-4.21 ;0.62 ;0 ;0 ;0 ;0 ;0 ;1 ;0 ;0 ;0 ;1 ;
132 ;0 ; ;0.62 ;0 ;-4.21 ;0.62 ;0 ;0 ;0 ;0 ;0 ;1 ;0 ;0 ;0 ;1 ;
132.02 ;0 ; ;0.62 ;0 ;-4.21 ;0.62 ;0 ;0 ;0 ;0 ;0 ;1 ;0 ;0 ;0 ;1 ;
132.04 ;0 ; ;0.62 ;0 ;-4.21 ;0.62 ;0 ;0 ;0 ;0 ;0 ;1 ;0 ;0 ;0 ;1 ;
132.06 ;0 ; ;0.62 ;0 ;-4.21 ;0.62 ;0 ;0 ;0 ;0 ;0 ;1 ;0 ;0 ;0 ;1 ;
132.08 ;0 ; ;0.62 ;0 ;-4.21 ;0.62 ;0 ;0 ;0 ;0 ;0 ;1 ;0 ;0 ;0 ;1 ;
132.1 ;0 ; ;0.62 ;0 ;-4.21 ;0.62 ;0 ;0 ;0 ;0 ;0 ;1 ;0 ;0 ;0 ;1 ;
132.12 ;0 ; ;0.62 ;0 ;-4.21 ;0.62 ;0 ;0 ;0 ;0 ;0 ;1 ;0 ;0 ;0 ;1 ;
132.14 ;0 ; ;0.62 ;0 ;-4.21 ;0.62 ;0 ;0 ;0 ;0 ;0 ;1 ;0 ;0 ;0 ;1 ;
132.16 ;0 ; ;0.62 ;0 ;-4.21 ;0.62 ;0 ;0 ;0 ;0 ;0 ;1 ;0 ;0 ;0 ;1 ;
132.18 ;0 ; ;0.62 ;0 ;-4.21 ;0.62 ;0 ;0 ;0 ;0 ;0 ;1 ;0 ;0 ;0 ;1 ;
132.2 ;0 ; ;0.62 ;0 ;-4.21 ;0.62 ;0 ;0 ;0 ;0 ;0 ;1 ;0 ;0 ;0 ;1 ;
132.22 ;0 ; ;0.62 ;0 ;-4.21 ;0.62 ;0 ;0 ;0 ;0 ;0 ;1 ;0 ;0 ;0 ;1 ;
132.24 ;0 ; ;0.62 ;0 ;-4.21 ;0.62 ;0 ;0 ;0 ;0 ;0 ;1 ;0 ;0 ;0 ;1 ;
132.26 ;0 ; ;0.62 ;0 ;-4.21 ;0.62 ;0 ;0 ;0 ;0 ;0 ;1 ;0 ;0 ;0 ;1 ;
132.28 ;0 ; ;0.62 ;0 ;-4.21 ;0.62 ;0 ;0 ;0 ;0 ;0 ;1 ;0 ;0 ;0 ;1 ;
132.3 ;0 ; ;0.62 ;0 ;-4.21 ;0.62 ;0 ;0 ;0 ;0 ;0 ;1 ;0 ;0 ;0 ;1 ;
132.32 ;0 ; ;0.62 ;0 ;-4.21 ;0.62 ;0 ;0 ;0 ;0 ;0 ;1 ;0 ;0 ;0 ;1 ;
132.34 ;0 ; ;0.62 ;0 ;-4.21 ;0.62 ;0 ;0 ;0 ;0 ;0 ;1 ;0 ;0 ;0 ;1 ;
132.36 ;0 ; ;0.62 ;0 ;-4.21 ;0.62 ;0 ;0 ;0 ;0 ;0 ;1 ;0 ;0 ;0 ;1 ;
132.38 ;0 ; ;0.62 ;0 ;-4.21 ;0.62 ;0 ;0 ;0 ;0 ;0 ;1 ;0 ;0 ;0 ;1 ;
132.4 ;0 ; ;0.62 ;0 ;-4.21 ;0.62 ;0 ;0 ;0 ;0 ;0 ;1 ;0 ;0 ;0 ;1 ;
132.42 ;0 ; ;0.62 ;0 ;-4.21 ;0.62 ;0 ;0 ;0 ;0 ;0 ;1 ;0 ;0 ;0 ;1 ;
132.44 ;0 ; ;0.62 ;0 ;-4.21 ;0.62 ;0 ;0 ;0 ;0 ;0 ;1 ;0 ;0 ;0 ;1 ;
132.46 ;0 ; ;0.62 ;0 ;-4.21 ;0.62 ;0 ;0 ;0 ;0 ;0 ;1 ;0 ;0 ;0 ;1 ;
132.48 ;0 ; ;0.62 ;0 ;-4.21 ;0.62 ;0 ;0 ;0 ;0 ;0 ;1 ;0 ;0 ;0 ;1 ;
132.5 ;0 ; ;0.62 ;0 ;-4.21 ;0.62 ;0 ;0 ;0 ;0 ;0 ;1 ;0 ;0 ;0 ;1 ;
132.52 ;0 ; ;0.62 ;0 ;-4.21 ;0.62 ;0 ;0 ;0 ;0 ;0 ;1 ;0 ;0 ;0 ;1 ;
132.54 ;0 ; ;0.62 ;0 ;-4.21 ;0.62 ;0 ;0 ;0 ;0 ;0 ;1 ;0 ;0 ;0 ;1 ;
132.56 ;0 ; ;0.62 ;0 ;-4.21 ;0.62 ;0 ;0 ;0 ;0 ;0 ;1 ;0 ;0 ;0 ;1 ;
132.58 ;0 ; ;0.62 ;0 ;-4.21 ;0.62 ;0 ;0 ;0 ;0 ;0 ;1 ;0 ;0 ;0 ;1 ;
132.6 ;0 ; ;0.62 ;0 ;-4.21 ;0.62 ;0 ;0 ;0 ;0 ;0 ;1 ;0 ;0 ;0 ;1 ;
132.62 ;0 ; ;0.62 ;0 ;-4.21 ;0.62 ;0 ;0 ;0 ;0 ;0 ;1 ;0 ;0 ;0 ;1 ;
132.64 ;0 ; ;0.62 ;0 ;-4.21 ;0.62 ;0 ;0 ;0 ;0 ;0 ;1 ;0 ;0 ;0 ;1 ;
132.66 ;0 ; ;0.62 ;0 ;-4.21 ;0.62 ;0 ;0 ;0 ;0 ;0 ;1 ;0 ;0 ;0 ;1 ;
132.68 ;0 ; ;0.62 ;0 ;-4.21 ;0.62 ;0 ;0 ;0 ;0 ;0 ;1 ;0 ;0 ;0 ;1 ;
132.7 ;0 ; ;0.62 ;0 ;-4.21 ;0.62 ;0 ;0 ;0 ;0 ;0 ;1 ;0 ;0 ;0 ;1 ;
132.72 ;0 ; ;0.62 ;0 ;-4.21 ;0.62 ;0 ;0 ;0 ;0 ;0 ;1 ;0 ;0 ;0 ;1 ;
132.74 ;0 ; ;0.62 ;0 ;-4.21 ;0.62 ;0 ;0 ;0 ;0 ;0 ;1 ;0 ;0 ;0 ;1 ;
132.76 ;0 ; ;0.62 ;0 ;-4.21 ;0.62 ;0 ;0 ;0 ;0 ;0 ;1 ;0 ;0 ;0 ;1 ;
132.78 ;0 ; ;0.62 ;0 ;-4.21 ;0.62 ;0 ;0 ;0 ;0 ;0 ;1 ;0 ;0 ;0 ;1 ;
132.8 ;0 ; ;0.62 ;0 ;-4.21 ;0.62 ;0 ;0 ;0 ;0 ;0 ;1 ;0 ;0 ;0 ;1 ;
132.82 ;0 ; ;0.62 ;0 ;-4.21 ;0.62 ;0 ;0 ;0 ;0 ;0 ;1 ;0 ;0 ;0 ;1 ;
132.84 ;0 ; ;0.62 ;0 ;-4.21 ;0.62 ;0 ;0 ;0 ;0 ;0 ;1 ;0 ;0 ;0 ;1 ;
132.86 ;0 ; ;0.62 ;0 ;-4.21 ;0.62 ;0 ;0 ;0 ;0 ;0 ;1 ;0 ;0 ;0 ;1 ;
132.88 ;0 ; ;0.62 ;0 ;-4.21 ;0.62 ;0 ;0 ;0 ;0 ;0 ;1 ;0 ;0 ;0 ;1 ;
132.9 ;0 ; ;0.62 ;0 ;-4.21 ;0.62 ;0 ;0 ;0 ;0 ;0 ;1 ;0 ;0 ;0 ;1 ;
132.92 ;0 ; ;0.62 ;0 ;-4.21 ;0.62 ;0 ;0 ;0 ;0 ;0 ;1 ;0 ;0 ;0 ;1 ;
132.94 ;0 ; ;0.62 ;0 ;-4.21 ;0.62 ;0 ;0 ;0 ;0 ;0 ;1 ;0 ;0 ;0 ;1 ;
132.96 ;0 ; ;0.62 ;0 ;-4.21 ;0.62 ;0 ;0 ;0 ;0 ;0 ;1 ;0 ;0 ;0 ;1 ;
132.98 ;0 ; ;0.62 ;0 ;-4.21 ;0.62 ;0 ;0 ;0 ;0 ;0 ;1 ;0 ;0 ;0 ;1 ;
133 ;0 ; ;0.62 ;0 ;-4.21 ;0.62 ;0 ;0 ;0 ;0 ;0 ;1 ;0 ;0 ;0 ;1 ;
133.02 ;0 ; ;0.62 ;0 ;-4.21 ;0.62 ;0 ;0 ;0 ;0 ;0 ;1 ;0 ;0 ;0 ;1 ;
133.04 ;0 ; ;0.62 ;0 ;-4.21 ;0.62 ;0 ;0 ;0 ;0 ;0 ;1 ;0 ;0 ;0 ;1 ;
133.06 ;0 ; ;0.62 ;0 ;-4.21 ;0.62 ;0 ;0 ;0 ;0 ;0 ;1 ;0 ;0 ;0 ;1 ;
133.08 ;0 ; ;0.62 ;0 ;-4.21 ;0.62 ;0 ;0 ;0 ;0 ;0 ;1 ;0 ;0 ;0 ;1 ;
133.1 ;0 ; ;0.62 ;0 ;-4.21 ;0.62 ;0 ;0 ;0 ;0 ;0 ;1 ;0 ;0 ;0 ;1 ;
133.12 ;0 ; ;0.62 ;0 ;-4.21 ;0.62 ;0 ;0 ;0 ;0 ;0 ;1 ;0 ;0 ;0 ;1 ;
133.14 ;0 ; ;0.62 ;0 ;-4.21 ;0.62 ;0 ;0 ;0 ;0 ;0 ;1 ;0 ;0 ;0 ;1 ;
133.16 ;0 ; ;0.62 ;0 ;-4.21 ;0.62 ;0 ;0 ;0 ;0 ;0 ;1 ;0 ;0 ;0 ;1 ;
133.18 ;0 ; ;0.62 ;0 ;-4.21 ;0.62 ;0 ;0 ;0 ;0 ;0 ;1 ;0 ;0 ;0 ;1 ;
133.2 ;0 ; ;0.62 ;0 ;-4.21 ;0.62 ;0 ;0 ;0 ;0 ;0 ;1 ;0 ;0 ;0 ;1 ;
133.22 ;0 ; ;0.62 ;0 ;-4.21 ;0.62 ;0 ;0 ;0 ;0 ;0 ;1 ;0 ;0 ;0 ;1 ;
133.24 ;0 ; ;0.62 ;0 ;-4.21 ;0.62 ;0 ;0 ;0 ;0 ;0 ;1 ;0 ;0 ;0 ;1 ;
133.26 ;0 ; ;0.62 ;0 ;-4.21 ;0.62 ;0 ;0 ;0 ;0 ;0 ;1 ;0 ;0 ;0 ;1 ;
133.28 ;0 ; ;0.62 ;0 ;-4.21 ;0.62 ;0 ;0 ;0 ;0 ;0 ;1 ;0 ;0 ;0 ;1 ;
133.3 ;0 ; ;0.62 ;0 ;-4.21 ;0.62 ;0 ;0 ;0 ;0 ;0 ;1 ;0 ;0 ;0 ;1 ;
133.32 ;0 ; ;0.62 ;0 ;-4.21 ;0.62 ;0 ;0 ;0 ;0 ;0 ;1 ;0 ;0 ;0 ;1 ;
133.34 ;0 ; ;0.62 ;0 ;-4.21 ;0.62 ;0 ;0 ;0 ;0 ;0 ;1 ;0 ;0 ;0 ;1 ;
133.36 ;0 ; ;0.62 ;0 ;-4.21 ;0.62 ;0 ;0 ;0 ;0 ;0 ;1 ;0 ;0 ;0 ;1 ;
133.38 ;0 ; ;0.62 ;0 ;-4.21 ;0.62 ;0 ;0 ;0 ;0 ;0 ;1 ;0 ;0 ;0 ;1 ;
133.4 ;0 ; ;0.62 ;0 ;-4.21 ;0.62 ;0 ;0 ;0 ;0 ;0 ;1 ;0 ;0 ;0 ;1 ;
133.42 ;0 ; ;0.62 ;0 ;-4.21 ;0.62 ;0 ;0 ;0 ;0 ;0 ;1 ;0 ;0 ;0 ;1 ;
133.44 ;0 ; ;0.62 ;0 ;-4.21 ;0.62 ;0 ;0 ;0 ;0 ;0 ;1 ;0 ;0 ;0 ;1 ;
133.46 ;0 ; ;0.62 ;0 ;-4.21 ;0.62 ;0 ;0 ;0 ;0 ;0 ;1 ;0 ;0 ;0 ;1 ;
133.48 ;0 ; ;0.62 ;0 ;-4.21 ;0.62 ;0 ;0 ;0 ;0 ;0 ;1 ;0 ;0 ;0 ;1 ;
133.5 ;0 ; ;0.62 ;0 ;-4.21 ;0.62 ;0 ;0 ;0 ;0 ;0 ;1 ;0 ;0 ;0 ;1 ;
133.52 ;0 ; ;0.62 ;0 ;-4.21 ;0.62 ;0 ;0 ;0 ;0 ;0 ;1 ;0 ;0 ;0 ;1 ;
133.54 ;0 ; ;0.62 ;0 ;-4.21 ;0.62 ;0 ;0 ;0 ;0 ;0 ;1 ;0 ;0 ;0 ;1 ;
133.56 ;0 ; ;0.62 ;0 ;-4.21 ;0.62 ;0 ;0 ;0 ;0 ;0 ;1 ;0 ;0 ;0 ;1 ;
133.58 ;0 ; ;0.62 ;0 ;-4.21 ;0.62 ;0 ;0 ;0 ;0 ;0 ;1 ;0 ;0 ;0 ;1 ;
133.6 ;0 ; ;0.62 ;0 ;-4.21 ;0.62 ;0 ;0 ;0 ;0 ;0 ;1 ;0 ;0 ;0 ;1 ;
133.62 ;0 ; ;0.62 ;0 ;-4.21 ;0.62 ;0 ;0 ;0 ;0 ;0 ;1 ;0 ;0 ;0 ;1 ;
133.64 ;0 ; ;0.62 ;0 ;-4.21 ;0.62 ;0 ;0 ;0 ;0 ;0 ;1 ;0 ;0 ;0 ;1 ;
133.66 ;0 ; ;0.62 ;0 ;-4.21 ;0.62 ;0 ;0 ;0 ;0 ;0 ;1 ;0 ;0 ;0 ;1 ;
133.68 ;0 ; ;0.62 ;0 ;-4.21 ;0.62 ;0 ;0 ;0 ;0 ;0 ;1 ;0 ;0 ;0 ;1 ;
133.7 ;0 ; ;0.62 ;0 ;-4.21 ;0.62 ;0 ;0 ;0 ;0 ;0 ;1 ;0 ;0 ;0 ;1 ;
133.72 ;0 ; ;0.62 ;0 ;-4.21 ;0.62 ;0 ;0 ;0 ;0 ;0 ;1 ;0 ;0 ;0 ;1 ;
133.74 ;0 ; ;0.62 ;0 ;-4.21 ;0.62 ;0 ;0 ;0 ;0 ;0 ;1 ;0 ;0 ;0 ;1 ;
133.76 ;0 ; ;0.62 ;0 ;-4.21 ;0.62 ;0 ;0 ;0 ;0 ;0 ;1 ;0 ;0 ;0 ;1 ;
133.78 ;0 ; ;0.62 ;0 ;-4.21 ;0.62 ;0 ;0 ;0 ;0 ;0 ;1 ;0 ;0 ;0 ;1 ;
133.8 ;0 ; ;0.62 ;0 ;-4.21 ;0.62 ;0 ;0 ;0 ;0 ;0 ;1 ;0 ;0 ;0 ;1 ;
133.82 ;0 ; ;0.62 ;0 ;-4.21 ;0.62 ;0 ;0 ;0 ;0 ;0 ;1 ;0 ;0 ;0 ;1 ;
133.84 ;0 ; ;0.62 ;0 ;-4.21 ;0.62 ;0 ;0 ;0 ;0 ;0 ;1 ;0 ;0 ;0 ;1 ;
133.86 ;0 ; ;0.62 ;0 ;-4.21 ;0.62 ;0 ;0 ;0 ;0 ;0 ;1 ;0 ;0 ;0 ;1 ;
133.88 ;0 ; ;0.62 ;0 ;-4.21 ;0.62 ;0 ;0 ;0 ;0 ;0 ;1 ;0 ;0 ;0 ;1 ;
133.9 ;0 ; ;0.62 ;0 ;-4.21 ;0.62 ;0 ;0 ;0 ;0 ;0 ;1 ;0 ;0 ;0 ;1 ;
133.92 ;0 ; ;0.62 ;0 ;-4.21 ;0.62 ;0 ;0 ;0 ;0 ;0 ;1 ;0 ;0 ;0 ;1 ;
133.94 ;0 ; ;0.62 ;0 ;-4.21 ;0.62 ;0 ;0 ;0 ;0 ;0 ;1 ;0 ;0 ;0 ;1 ;
133.96 ;0 ; ;0.62 ;0 ;-4.21 ;0.62 ;0 ;0 ;0 ;0 ;0 ;1 ;0 ;0 ;0 ;1 ;
133.98 ;0 ; ;0.62 ;0 ;-4.21 ;0.62 ;0 ;0 ;0 ;0 ;0 ;1 ;0 ;0 ;0 ;1 ;
134 ;0 ; ;0.62 ;0 ;-4.21 ;0.62 ;0 ;0 ;0 ;0 ;0 ;1 ;0 ;0 ;0 ;1 ;
134.02 ;0 ; ;0.62 ;0 ;-4.21 ;0.62 ;0 ;0 ;0 ;0 ;0 ;1 ;0 ;0 ;0 ;1 ;
134.04 ;0 ; ;0.62 ;0 ;-4.21 ;0.62 ;0 ;0 ;0 ;0 ;0 ;1 ;0 ;0 ;0 ;1 ;
134.06 ;0 ; ;0.62 ;0 ;-4.21 ;0.62 ;0 ;0 ;0 ;0 ;0 ;1 ;0 ;0 ;0 ;1 ;
134.08 ;0 ; ;0.62 ;0 ;-4.21 ;0.62 ;0 ;0 ;0 ;0 ;0 ;1 ;0 ;0 ;0 ;1 ;
134.1 ;0 ; ;0.62 ;0 ;-4.21 ;0.62 ;0 ;0 ;0 ;0 ;0 ;1 ;0 ;0 ;0 ;1 ;
134.12 ;0 ; ;0.62 ;0 ;-4.21 ;0.62 ;0 ;0 ;0 ;0 ;0 ;1 ;0 ;0 ;0 ;1 ;
134.14 ;0 ; ;0.62 ;0 ;-4.21 ;0.62 ;0 ;0 ;0 ;0 ;0 ;1 ;0 ;0 ;0 ;1 ;
134.16 ;0 ; ;0.62 ;0 ;-4.21 ;0.62 ;0 ;0 ;0 ;0 ;0 ;1 ;0 ;0 ;0 ;1 ;
134.18 ;0 ; ;0.62 ;0 ;-4.21 ;0.62 ;0 ;0 ;0 ;0 ;0 ;1 ;0 ;0 ;0 ;1 ;
134.2 ;0 ; ;0.62 ;0 ;-4.21 ;0.62 ;0 ;0 ;0 ;0 ;0 ;1 ;0 ;0 ;0 ;1 ;
134.22 ;0 ; ;0.62 ;0 ;-4.21 ;0.62 ;0 ;0 ;0 ;0 ;0 ;1 ;0 ;0 ;0 ;1 ;
134.24 ;0 ; ;0.62 ;0 ;-4.21 ;0.62 ;0 ;0 ;0 ;0 ;0 ;1 ;0 ;0 ;0 ;1 ;
134.26 ;0 ; ;0.62 ;0 ;-4.21 ;0.62 ;0 ;0 ;0 ;0 ;0 ;1 ;0 ;0 ;0 ;1 ;
134.28 ;0 ; ;0.62 ;0 ;-4.21 ;0.62 ;0 ;0 ;0 ;0 ;0 ;1 ;0 ;0 ;0 ;1 ;
134.3 ;0 ; ;0.62 ;0 ;-4.21 ;0.62 ;0 ;0 ;0 ;0 ;0 ;1 ;0 ;0 ;0 ;1 ;
134.32 ;0 ; ;0.62 ;0 ;-4.21 ;0.62 ;0 ;0 ;0 ;0 ;0 ;1 ;0 ;0 ;0 ;1 ;
134.34 ;0 ; ;0.62 ;0 ;-4.21 ;0.62 ;0 ;0 ;0 ;0 ;0 ;1 ;0 ;0 ;0 ;1 ;
134.36 ;0 ; ;0.62 ;0 ;-4.21 ;0.62 ;0 ;0 ;0 ;0 ;0 ;1 ;0 ;0 ;0 ;1 ;
134.38 ;0 ; ;0.62 ;0 ;-4.21 ;0.62 ;0 ;0 ;0 ;0 ;0 ;1 ;0 ;0 ;0 ;1 ;
134.4 ;0 ; ;0.62 ;0 ;-4.21 ;0.62 ;0 ;0 ;0 ;0 ;0 ;1 ;0 ;0 ;0 ;1 ;
134.42 ;0 ; ;0.62 ;0 ;-4.21 ;0.62 ;0 ;0 ;0 ;0 ;0 ;1 ;0 ;0 ;0 ;1 ;
134.44 ;0 ; ;0.62 ;0 ;-4.21 ;0.62 ;0 ;0 ;0 ;0 ;0 ;1 ;0 ;0 ;0 ;1 ;
134.46 ;0 ; ;0.62 ;0 ;-4.21 ;0.62 ;0 ;0 ;0 ;0 ;0 ;1 ;0 ;0 ;0 ;1 ;
134.48 ;0 ; ;0.62 ;0 ;-4.21 ;0.62 ;0 ;0 ;0 ;0 ;0 ;1 ;0 ;0 ;0 ;1 ;
134.5 ;0 ; ;0.62 ;0 ;-4.21 ;0.62 ;0 ;0 ;0 ;0 ;0 ;1 ;0 ;0 ;0 ;1 ;
134.52 ;0 ; ;0.62 ;0 ;-4.21 ;0.62 ;0 ;0 ;0 ;0 ;0 ;1 ;0 ;0 ;0 ;1 ;
134.54 ;0 ; ;0.62 ;0 ;-4.21 ;0.62 ;0 ;0 ;0 ;0 ;0 ;1 ;0 ;0 ;0 ;1 ;
134.56 ;0 ; ;0.62 ;0 ;-4.21 ;0.62 ;0 ;0 ;0 ;0 ;0 ;1 ;0 ;0 ;0 ;1 ;
134.58 ;0 ; ;0.62 ;0 ;-4.21 ;0.62 ;0 ;0 ;0 ;0 ;0 ;1 ;0 ;0 ;0 ;1 ;
134.6 ;0 ; ;0.62 ;0 ;-4.21 ;0.62 ;0 ;0 ;0 ;0 ;0 ;1 ;0 ;0 ;0 ;1 ;
134.62 ;0 ; ;0.62 ;0 ;-4.21 ;0.62 ;0 ;0 ;0 ;0 ;0 ;1 ;0 ;0 ;0 ;1 ;
134.64 ;0 ; ;0.62 ;0 ;-4.21 ;0.62 ;0 ;0 ;0 ;0 ;0 ;1 ;0 ;0 ;0 ;1 ;
134.66 ;0 ; ;0.62 ;0 ;-4.21 ;0.62 ;0 ;0 ;0 ;0 ;0 ;1 ;0 ;0 ;0 ;1 ;
134.68 ;0 ; ;0.62 ;0 ;-4.21 ;0.62 ;0 ;0 ;0 ;0 ;0 ;1 ;0 ;0 ;0 ;1 ;
134.7 ;0 ; ;0.62 ;0 ;-4.21 ;0.62 ;0 ;0 ;0 ;0 ;0 ;1 ;0 ;0 ;0 ;1 ;
134.72 ;0 ; ;0.62 ;0 ;-4.21 ;0.62 ;0 ;0 ;0 ;0 ;0 ;1 ;0 ;0 ;0 ;1 ;
134.74 ;0 ; ;0.62 ;0 ;-4.21 ;0.62 ;0 ;0 ;0 ;0 ;0 ;1 ;0 ;0 ;0 ;1 ;
134.76 ;0 ; ;0.62 ;0 ;-4.21 ;0.62 ;0 ;0 ;0 ;0 ;0 ;1 ;0 ;0 ;0 ;1 ;
134.78 ;0 ; ;0.62 ;0 ;-4.21 ;0.62 ;0 ;0 ;0 ;0 ;0 ;1 ;0 ;0 ;0 ;1 ;
134.8 ;0 ; ;0.62 ;0 ;-4.21 ;0.62 ;0 ;0 ;0 ;0 ;0 ;1 ;0 ;0 ;0 ;1 ;
134.82 ;0 ; ;0.62 ;0 ;-4.21 ;0.62 ;0 ;0 ;0 ;0 ;0 ;1 ;0 ;0 ;0 ;1 ;
134.84 ;0 ; ;0.62 ;0 ;-4.21 ;0.62 ;0 ;0 ;0 ;0 ;0 ;1 ;0 ;0 ;0 ;1 ;
134.86 ;0 ; ;0.62 ;0 ;-4.21 ;0.62 ;0 ;0 ;0 ;0 ;0 ;1 ;0 ;0 ;0 ;1 ;
134.88 ;0 ; ;0.62 ;0 ;-4.21 ;0.62 ;0 ;0 ;0 ;0 ;0 ;1 ;0 ;0 ;0 ;1 ;
134.9 ;0 ; ;0.62 ;0 ;-4.21 ;0.62 ;0 ;0 ;0 ;0 ;0 ;1 ;0 ;0 ;0 ;1 ;
134.92 ;0 ; ;0.62 ;0 ;-4.21 ;0.62 ;0 ;0 ;0 ;0 ;0 ;1 ;0 ;0 ;0 ;1 ;
134.94 ;0 ; ;0.62 ;0 ;-4.21 ;0.62 ;0 ;0 ;0 ;0 ;0 ;1 ;0 ;0 ;0 ;1 ;
134.96 ;0 ; ;0.62 ;0 ;-4.21 ;0.62 ;0 ;0 ;0 ;0 ;0 ;1 ;0 ;0 ;0 ;1 ;
134.98 ;0 ; ;0.62 ;0 ;-4.21 ;0.62 ;0 ;0 ;0 ;0 ;0 ;1 ;0 ;0 ;0 ;1 ;
135 ;0 ; ;0.62 ;0 ;-4.21 ;0.62 ;0 ;0 ;0 ;0 ;0 ;1 ;0 ;0 ;0 ;1 ;
135.02 ;0 ; ;0.62 ;0 ;-4.21 ;0.62 ;0 ;0 ;0 ;0 ;0 ;1 ;0 ;0 ;0 ;1 ;
135.04 ;0 ; ;0.62 ;0 ;-4.21 ;0.62 ;0 ;0 ;0 ;0 ;0 ;1 ;0 ;0 ;0 ;1 ;
135.06 ;0 ; ;0.62 ;0 ;-4.21 ;0.62 ;0 ;0 ;0 ;0 ;0 ;1 ;0 ;0 ;0 ;1 ;
135.08 ;0 ; ;0.62 ;0 ;-4.21 ;0.62 ;0 ;0 ;0 ;0 ;0 ;1 ;0 ;0 ;0 ;1 ;
135.1 ;0 ; ;0.62 ;0 ;-4.21 ;0.62 ;0 ;0 ;0 ;0 ;0 ;1 ;0 ;0 ;0 ;1 ;
135.12 ;0 ; ;0.62 ;0 ;-4.21 ;0.62 ;0 ;0 ;0 ;0 ;0 ;1 ;0 ;0 ;0 ;1 ;
135.14 ;0 ; ;0.62 ;0 ;-4.21 ;0.62 ;0 ;0 ;0 ;0 ;0 ;1 ;0 ;0 ;0 ;1 ;
135.16 ;0 ; ;0.62 ;0 ;-4.21 ;0.62 ;0 ;0 ;0 ;0 ;0 ;1 ;0 ;0 ;0 ;1 ;
135.18 ;0 ; ;0.62 ;0 ;-4.21 ;0.62 ;0 ;0 ;0 ;0 ;0 ;1 ;0 ;0 ;0 ;1 ;
135.2 ;0 ; ;0.62 ;0 ;-4.21 ;0.62 ;0 ;0 ;0 ;0 ;0 ;1 ;0 ;0 ;0 ;1 ;
135.22 ;0 ; ;0.62 ;0 ;-4.21 ;0.62 ;0 ;0 ;0 ;0 ;0 ;1 ;0 ;0 ;0 ;1 ;
135.24 ;0 ; ;0.62 ;0 ;-4.21 ;0.62 ;0 ;0 ;0 ;0 ;0 ;1 ;0 ;0 ;0 ;1 ;
135.26 ;0 ; ;0.62 ;0 ;-4.21 ;0.62 ;0 ;0 ;0 ;0 ;0 ;1 ;0 ;0 ;0 ;1 ;
135.28 ;0 ; ;0.62 ;0 ;-4.21 ;0.62 ;0 ;0 ;0 ;0 ;0 ;1 ;0 ;0 ;0 ;1 ;
135.3 ;0 ; ;0.62 ;0 ;-4.21 ;0.62 ;0 ;0 ;0 ;0 ;0 ;1 ;0 ;0 ;0 ;1 ;
135.32 ;0 ; ;0.62 ;0 ;-4.21 ;0.62 ;0 ;0 ;0 ;0 ;0 ;1 ;0 ;0 ;0 ;1 ;
135.34 ;0 ; ;0.62 ;0 ;-4.21 ;0.62 ;0 ;0 ;0 ;0 ;0 ;1 ;0 ;0 ;0 ;1 ;
135.36 ;0 ; ;0.62 ;0 ;-4.21 ;0.62 ;0 ;0 ;0 ;0 ;0 ;1 ;0 ;0 ;0 ;1 ;
135.38 ;0 ; ;0.62 ;0 ;-4.21 ;0.62 ;0 ;0 ;0 ;0 ;0 ;1 ;0 ;0 ;0 ;1 ;
135.4 ;0 ; ;0.62 ;0 ;-4.21 ;0.62 ;0 ;0 ;0 ;0 ;0 ;1 ;0 ;0 ;0 ;1 ;
135.42 ;0 ; ;0.62 ;0 ;-4.21 ;0.62 ;0 ;0 ;0 ;0 ;0 ;1 ;0 ;0 ;0 ;1 ;
135.44 ;0 ; ;0.62 ;0 ;-4.21 ;0.62 ;0 ;0 ;0 ;0 ;0 ;1 ;0 ;0 ;0 ;1 ;
135.46 ;0 ; ;0.62 ;0 ;-4.21 ;0.62 ;0 ;0 ;0 ;0 ;0 ;1 ;0 ;0 ;0 ;1 ;
135.48 ;0 ; ;0.62 ;0 ;-4.21 ;0.62 ;0 ;0 ;0 ;0 ;0 ;1 ;0 ;0 ;0 ;1 ;
135.5 ;0 ; ;0.62 ;0 ;-4.21 ;0.62 ;0 ;0 ;0 ;0 ;0 ;1 ;0 ;0 ;0 ;1 ;
135.52 ;0 ; ;0.62 ;0 ;-4.21 ;0.62 ;0 ;0 ;0 ;0 ;0 ;1 ;0 ;0 ;0 ;1 ;
135.54 ;0 ; ;0.62 ;0 ;-4.21 ;0.62 ;0 ;0 ;0 ;0 ;0 ;1 ;0 ;0 ;0 ;1 ;
135.56 ;0 ; ;0.62 ;0 ;-4.21 ;0.62 ;0 ;0 ;0 ;0 ;0 ;1 ;0 ;0 ;0 ;1 ;
135.58 ;0 ; ;0.62 ;0 ;-4.21 ;0.62 ;0 ;0 ;0 ;0 ;0 ;1 ;0 ;0 ;0 ;1 ;
135.6 ;0 ; ;0.62 ;0 ;-4.21 ;0.62 ;0 ;0 ;0 ;0 ;0 ;1 ;0 ;0 ;0 ;1 ;
135.62 ;0 ; ;0.62 ;0 ;-4.21 ;0.62 ;0 ;0 ;0 ;0 ;0 ;1 ;0 ;0 ;0 ;1 ;
135.64 ;0 ; ;0.62 ;0 ;-4.21 ;0.62 ;0 ;0 ;0 ;0 ;0 ;1 ;0 ;0 ;0 ;1 ;
135.66 ;0 ; ;0.62 ;0 ;-4.21 ;0.62 ;0 ;0 ;0 ;0 ;0 ;1 ;0 ;0 ;0 ;1 ;
135.68 ;0 ; ;0.62 ;0 ;-4.21 ;0.62 ;0 ;0 ;0 ;0 ;0 ;1 ;0 ;0 ;0 ;1 ;
135.7 ;0 ; ;0.62 ;0 ;-4.21 ;0.62 ;0 ;0 ;0 ;0 ;0 ;1 ;0 ;0 ;0 ;1 ;
135.72 ;0 ; ;0.62 ;0 ;-4.21 ;0.62 ;0 ;0 ;0 ;0 ;0 ;1 ;0 ;0 ;0 ;1 ;
135.74 ;0 ; ;0.62 ;0 ;-4.21 ;0.62 ;0 ;0 ;0 ;0 ;0 ;1 ;0 ;0 ;0 ;1 ;
135.76 ;0 ; ;0.62 ;0 ;-4.21 ;0.62 ;0 ;0 ;0 ;0 ;0 ;1 ;0 ;0 ;0 ;1 ;
135.78 ;0 ; ;0.62 ;0 ;-4.21 ;0.62 ;0 ;0 ;0 ;0 ;0 ;1 ;0 ;0 ;0 ;1 ;
135.8 ;0 ; ;0.62 ;0 ;-4.21 ;0.62 ;0 ;0 ;0 ;0 ;0 ;1 ;0 ;0 ;0 ;1 ;
135.82 ;0 ; ;0.62 ;0 ;-4.21 ;0.62 ;0 ;0 ;0 ;0 ;0 ;1 ;0 ;0 ;0 ;1 ;
135.84 ;0 ; ;0.62 ;0 ;-4.21 ;0.62 ;0 ;0 ;0 ;0 ;0 ;1 ;0 ;0 ;0 ;1 ;
135.86 ;0 ; ;0.62 ;0 ;-4.21 ;0.62 ;0 ;0 ;0 ;0 ;0 ;1 ;0 ;0 ;0 ;1 ;
135.88 ;0 ; ;0.62 ;0 ;-4.21 ;0.62 ;0 ;0 ;0 ;0 ;0 ;1 ;0 ;0 ;0 ;1 ;
135.9 ;0 ; ;0.62 ;0 ;-4.21 ;0.62 ;0 ;0 ;0 ;0 ;0 ;1 ;0 ;0 ;0 ;1 ;
135.92 ;0 ; ;0.62 ;0 ;-4.21 ;0.62 ;0 ;0 ;0 ;0 ;0 ;1 ;0 ;0 ;0 ;1 ;
135.94 ;0 ; ;0.62 ;0 ;-4.21 ;0.62 ;0 ;0 ;0 ;0 ;0 ;1 ;0 ;0 ;0 ;1 ;
135.96 ;0 ; ;0.62 ;0 ;-4.21 ;0.62 ;0 ;0 ;0 ;0 ;0 ;1 ;0 ;0 ;0 ;1 ;
135.98 ;0 ; ;0.62 ;0 ;-4.21 ;0.62 ;0 ;0 ;0 ;0 ;0 ;1 ;0 ;0 ;0 ;1 ;
136 ;0 ; ;0.62 ;0 ;-4.21 ;0.62 ;0 ;0 ;0 ;0 ;0 ;1 ;0 ;0 ;0 ;1 ;
136.02 ;0 ; ;0.62 ;0 ;-4.21 ;0.62 ;0 ;0 ;0 ;0 ;0 ;1 ;0 ;0 ;0 ;1 ;
136.04 ;0 ; ;0.62 ;0 ;-4.21 ;0.62 ;0 ;0 ;0 ;0 ;0 ;1 ;0 ;0 ;0 ;1 ;
136.06 ;0 ; ;0.62 ;0 ;-4.21 ;0.62 ;0 ;0 ;0 ;0 ;0 ;1 ;0 ;0 ;0 ;1 ;
136.08 ;0 ; ;0.62 ;0 ;-4.21 ;0.62 ;0 ;0 ;0 ;0 ;0 ;1 ;0 ;0 ;0 ;1 ;
136.1 ;0 ; ;0.62 ;0 ;-4.21 ;0.62 ;0 ;0 ;0 ;0 ;0 ;1 ;0 ;0 ;0 ;1 ;
136.12 ;0 ; ;0.62 ;0 ;-4.21 ;0.62 ;0 ;0 ;0 ;0 ;0 ;1 ;0 ;0 ;0 ;1 ;
136.14 ;0 ; ;0.62 ;0 ;-4.21 ;0.62 ;0 ;0 ;0 ;0 ;0 ;1 ;0 ;0 ;0 ;1 ;
136.16 ;0 ; ;0.62 ;0 ;-4.21 ;0.62 ;0 ;0 ;0 ;0 ;0 ;1 ;0 ;0 ;0 ;1 ;
136.18 ;0 ; ;0.62 ;0 ;-4.21 ;0.62 ;0 ;0 ;0 ;0 ;0 ;1 ;0 ;0 ;0 ;1 ;
136.2 ;0 ; ;0.62 ;0 ;-4.21 ;0.62 ;0 ;0 ;0 ;0 ;0 ;1 ;0 ;0 ;0 ;1 ;
136.22 ;0 ; ;0.62 ;0 ;-4.21 ;0.62 ;0 ;0 ;0 ;0 ;0 ;1 ;0 ;0 ;0 ;1 ;
136.24 ;0 ; ;0.62 ;0 ;-4.21 ;0.62 ;0 ;0 ;0 ;0 ;0 ;1 ;0 ;0 ;0 ;1 ;
136.26 ;0 ; ;0.62 ;0 ;-4.21 ;0.62 ;0 ;0 ;0 ;0 ;0 ;1 ;0 ;0 ;0 ;1 ;
136.28 ;0 ; ;0.62 ;0 ;-4.21 ;0.62 ;0 ;0 ;0 ;0 ;0 ;1 ;0 ;0 ;0 ;1 ;
136.3 ;0 ; ;0.62 ;0 ;-4.21 ;0.62 ;0 ;0 ;0 ;0 ;0 ;1 ;0 ;0 ;0 ;1 ;
136.32 ;0 ; ;0.62 ;0 ;-4.21 ;0.62 ;0 ;0 ;0 ;0 ;0 ;1 ;0 ;0 ;0 ;1 ;
136.34 ;0 ; ;0.62 ;0 ;-4.21 ;0.62 ;0 ;0 ;0 ;0 ;0 ;1 ;0 ;0 ;0 ;1 ;
136.36 ;0 ; ;0.62 ;0 ;-4.21 ;0.62 ;0 ;0 ;0 ;0 ;0 ;1 ;0 ;0 ;0 ;1 ;
136.38 ;0 ; ;0.62 ;0 ;-4.21 ;0.62 ;0 ;0 ;0 ;0 ;0 ;1 ;0 ;0 ;0 ;1 ;
136.4 ;0 ; ;0.62 ;0 ;-4.21 ;0.62 ;0 ;0 ;0 ;0 ;0 ;1 ;0 ;0 ;0 ;1 ;
136.42 ;0 ; ;0.62 ;0 ;-4.21 ;0.62 ;0 ;0 ;0 ;0 ;0 ;1 ;0 ;0 ;0 ;1 ;
136.44 ;0 ; ;0.62 ;0 ;-4.21 ;0.62 ;0 ;0 ;0 ;0 ;0 ;1 ;0 ;0 ;0 ;1 ;
136.46 ;0 ; ;0.62 ;0 ;-4.21 ;0.62 ;0 ;0 ;0 ;0 ;0 ;1 ;0 ;0 ;0 ;1 ;
136.48 ;0 ; ;0.62 ;0 ;-4.21 ;0.62 ;0 ;0 ;0 ;0 ;0 ;1 ;0 ;0 ;0 ;1 ;
136.5 ;0 ; ;0.62 ;0 ;-4.21 ;0.62 ;0 ;0 ;0 ;0 ;0 ;1 ;0 ;0 ;0 ;1 ;
136.52 ;0 ; ;0.62 ;0 ;-4.21 ;0.62 ;0 ;0 ;0 ;0 ;0 ;1 ;0 ;0 ;0 ;1 ;
136.54 ;0 ; ;0.62 ;0 ;-4.21 ;0.62 ;0 ;0 ;0 ;0 ;0 ;1 ;0 ;0 ;0 ;1 ;
136.56 ;0 ; ;0.62 ;0 ;-4.21 ;0.62 ;0 ;0 ;0 ;0 ;0 ;1 ;0 ;0 ;0 ;1 ;
136.58 ;0 ; ;0.62 ;0 ;-4.21 ;0.62 ;0 ;0 ;0 ;0 ;0 ;1 ;0 ;0 ;0 ;1 ;
136.6 ;0 ; ;0.62 ;0 ;-4.21 ;0.62 ;0 ;0 ;0 ;0 ;0 ;1 ;0 ;0 ;0 ;1 ;
136.62 ;0 ; ;0.62 ;0 ;-4.21 ;0.62 ;0 ;0 ;0 ;0 ;0 ;1 ;0 ;0 ;0 ;1 ;
136.64 ;0 ; ;0.62 ;0 ;-4.21 ;0.62 ;0 ;0 ;0 ;0 ;0 ;1 ;0 ;0 ;0 ;1 ;
136.66 ;0 ; ;0.62 ;0 ;-4.21 ;0.62 ;0 ;0 ;0 ;0 ;0 ;1 ;0 ;0 ;0 ;1 ;
136.68 ;0 ; ;0.62 ;0 ;-4.21 ;0.62 ;0 ;0 ;0 ;0 ;0 ;1 ;0 ;0 ;0 ;1 ;
136.7 ;0 ; ;0.62 ;0 ;-4.21 ;0.62 ;0 ;0 ;0 ;0 ;0 ;1 ;0 ;0 ;0 ;1 ;
136.72 ;0 ; ;0.62 ;0 ;-4.21 ;0.62 ;0 ;0 ;0 ;0 ;0 ;1 ;0 ;0 ;0 ;1 ;
136.74 ;0 ; ;0.62 ;0 ;-4.21 ;0.62 ;0 ;0 ;0 ;0 ;0 ;1 ;0 ;0 ;0 ;1 ;
136.76 ;0 ; ;0.62 ;0 ;-4.21 ;0.62 ;0 ;0 ;0 ;0 ;0 ;1 ;0 ;0 ;0 ;1 ;
136.78 ;0 ; ;0.62 ;0 ;-4.21 ;0.62 ;0 ;0 ;0 ;0 ;0 ;1 ;0 ;0 ;0 ;1 ;
136.8 ;0 ; ;0.62 ;0 ;-4.21 ;0.62 ;0 ;0 ;0 ;0 ;0 ;1 ;0 ;0 ;0 ;1 ;
136.82 ;0 ; ;0.62 ;0 ;-4.21 ;0.62 ;0 ;0 ;0 ;0 ;0 ;1 ;0 ;0 ;0 ;1 ;
136.84 ;0 ; ;0.62 ;0 ;-4.21 ;0.62 ;0 ;0 ;0 ;0 ;0 ;1 ;0 ;0 ;0 ;1 ;
136.86 ;0 ; ;0.62 ;0 ;-4.21 ;0.62 ;0 ;0 ;0 ;0 ;0 ;1 ;0 ;0 ;0 ;1 ;
136.88 ;0 ; ;0.62 ;0 ;-4.21 ;0.62 ;0 ;0 ;0 ;0 ;0 ;1 ;0 ;0 ;0 ;1 ;
136.9 ;0 ; ;0.62 ;0 ;-4.21 ;0.62 ;0 ;0 ;0 ;0 ;0 ;1 ;0 ;0 ;0 ;1 ;
136.92 ;0 ; ;0.62 ;0 ;-4.21 ;0.62 ;0 ;0 ;0 ;0 ;0 ;1 ;0 ;0 ;0 ;1 ;
136.94 ;0 ; ;0.62 ;0 ;-4.21 ;0.62 ;0 ;0 ;0 ;0 ;0 ;1 ;0 ;0 ;0 ;1 ;
136.96 ;0 ; ;0.62 ;0 ;-4.21 ;0.62 ;0 ;0 ;0 ;0 ;0 ;1 ;0 ;0 ;0 ;1 ;
136.98 ;0 ; ;0.62 ;0 ;-4.21 ;0.62 ;0 ;0 ;0 ;0 ;0 ;1 ;0 ;0 ;0 ;1 ;
137 ;0 ; ;0.62 ;0 ;-4.21 ;0.62 ;0 ;0 ;0 ;0 ;0 ;1 ;0 ;0 ;0 ;1 ;
137.02 ;0 ; ;0.62 ;0 ;-4.21 ;0.62 ;0 ;0 ;0 ;0 ;0 ;1 ;0 ;0 ;0 ;1 ;
137.04 ;0 ; ;0.62 ;0 ;-4.21 ;0.62 ;0 ;0 ;0 ;0 ;0 ;1 ;0 ;0 ;0 ;1 ;
137.06 ;0 ; ;0.62 ;0 ;-4.21 ;0.62 ;0 ;0 ;0 ;0 ;0 ;1 ;0 ;0 ;0 ;1 ;
137.08 ;0 ; ;0.62 ;0 ;-4.21 ;0.62 ;0 ;0 ;0 ;0 ;0 ;1 ;0 ;0 ;0 ;1 ;
137.1 ;0 ; ;0.62 ;0 ;-4.21 ;0.62 ;0 ;0 ;0 ;0 ;0 ;1 ;0 ;0 ;0 ;1 ;
137.12 ;0 ; ;0.62 ;0 ;-4.21 ;0.62 ;0 ;0 ;0 ;0 ;0 ;1 ;0 ;0 ;0 ;1 ;
137.14 ;0 ; ;0.62 ;0 ;-4.21 ;0.62 ;0 ;0 ;0 ;0 ;0 ;1 ;0 ;0 ;0 ;1 ;
137.16 ;0 ; ;0.62 ;0 ;-4.21 ;0.62 ;0 ;0 ;0 ;0 ;0 ;1 ;0 ;0 ;0 ;1 ;
137.18 ;0 ; ;0.62 ;0 ;-4.21 ;0.62 ;0 ;0 ;0 ;0 ;0 ;1 ;0 ;0 ;0 ;1 ;
137.2 ;0 ; ;0.62 ;0 ;-4.21 ;0.62 ;0 ;0 ;0 ;0 ;0 ;1 ;0 ;0 ;0 ;1 ;
137.22 ;0 ; ;0.62 ;0 ;-4.21 ;0.62 ;0 ;0 ;0 ;0 ;0 ;1 ;0 ;0 ;0 ;1 ;
137.24 ;0 ; ;0.62 ;0 ;-4.21 ;0.62 ;0 ;0 ;0 ;0 ;0 ;1 ;0 ;0 ;0 ;1 ;
137.26 ;0 ; ;0.62 ;0 ;-4.21 ;0.62 ;0 ;0 ;0 ;0 ;0 ;1 ;0 ;0 ;0 ;1 ;
137.28 ;0 ; ;0.62 ;0 ;-4.21 ;0.62 ;0 ;0 ;0 ;0 ;0 ;1 ;0 ;0 ;0 ;1 ;
137.3 ;0 ; ;0.62 ;0 ;-4.21 ;0.62 ;0 ;0 ;0 ;0 ;0 ;1 ;0 ;0 ;0 ;1 ;
137.32 ;0 ; ;0.62 ;0 ;-4.21 ;0.62 ;0 ;0 ;0 ;0 ;0 ;1 ;0 ;0 ;0 ;1 ;
137.34 ;0 ; ;0.62 ;0 ;-4.21 ;0.62 ;0 ;0 ;0 ;0 ;0 ;1 ;0 ;0 ;0 ;1 ;
137.36 ;0 ; ;0.62 ;0 ;-4.21 ;0.62 ;0 ;0 ;0 ;0 ;0 ;1 ;0 ;0 ;0 ;1 ;
137.38 ;0 ; ;0.62 ;0 ;-4.21 ;0.62 ;0 ;0 ;0 ;0 ;0 ;1 ;0 ;0 ;0 ;1 ;
137.4 ;0 ; ;0.62 ;0 ;-4.21 ;0.62 ;0 ;0 ;0 ;0 ;0 ;1 ;0 ;0 ;0 ;1 ;
137.42 ;0 ; ;0.62 ;0 ;-4.21 ;0.62 ;0 ;0 ;0 ;0 ;0 ;1 ;0 ;0 ;0 ;1 ;
137.44 ;0 ; ;0.62 ;0 ;-4.21 ;0.62 ;0 ;0 ;0 ;0 ;0 ;1 ;0 ;0 ;0 ;1 ;
137.46 ;0 ; ;0.62 ;0 ;-4.21 ;0.62 ;0 ;0 ;0 ;0 ;0 ;1 ;0 ;0 ;0 ;1 ;
137.48 ;0 ; ;0.62 ;0 ;-4.21 ;0.62 ;0 ;0 ;0 ;0 ;0 ;1 ;0 ;0 ;0 ;1 ;
137.5 ;0 ; ;0.62 ;0 ;-4.21 ;0.62 ;0 ;0 ;0 ;0 ;0 ;1 ;0 ;0 ;0 ;1 ;
137.52 ;0 ; ;0.62 ;0 ;-4.21 ;0.62 ;0 ;0 ;0 ;0 ;0 ;1 ;0 ;0 ;0 ;1 ;
137.54 ;0 ; ;0.62 ;0 ;-4.21 ;0.62 ;0 ;0 ;0 ;0 ;0 ;1 ;0 ;0 ;0 ;1 ;
137.56 ;0 ; ;0.62 ;0 ;-4.21 ;0.62 ;0 ;0 ;0 ;0 ;0 ;1 ;0 ;0 ;0 ;1 ;
137.58 ;0 ; ;0.62 ;0 ;-4.21 ;0.62 ;0 ;0 ;0 ;0 ;0 ;1 ;0 ;0 ;0 ;1 ;
137.6 ;0 ; ;0.62 ;0 ;-4.21 ;0.62 ;0 ;0 ;0 ;0 ;0 ;1 ;0 ;0 ;0 ;1 ;
137.62 ;0 ; ;0.62 ;0 ;-4.21 ;0.62 ;0 ;0 ;0 ;0 ;0 ;1 ;0 ;0 ;0 ;1 ;
137.64 ;0 ; ;0.62 ;0 ;-4.21 ;0.62 ;0 ;0 ;0 ;0 ;0 ;1 ;0 ;0 ;0 ;1 ;
137.66 ;0 ; ;0.62 ;0 ;-4.21 ;0.62 ;0 ;0 ;0 ;0 ;0 ;1 ;0 ;0 ;0 ;1 ;
137.68 ;0 ; ;0.62 ;0 ;-4.21 ;0.62 ;0 ;0 ;0 ;0 ;0 ;1 ;0 ;0 ;0 ;1 ;
137.7 ;0 ; ;0.62 ;0 ;-4.21 ;0.62 ;0 ;0 ;0 ;0 ;0 ;1 ;0 ;0 ;0 ;1 ;
137.72 ;0 ; ;0.62 ;0 ;-4.21 ;0.62 ;0 ;0 ;0 ;0 ;0 ;1 ;0 ;0 ;0 ;1 ;
137.74 ;0 ; ;0.62 ;0 ;-4.21 ;0.62 ;0 ;0 ;0 ;0 ;0 ;1 ;0 ;0 ;0 ;1 ;
137.76 ;0 ; ;0.62 ;0 ;-4.21 ;0.62 ;0 ;0 ;0 ;0 ;0 ;1 ;0 ;0 ;0 ;1 ;
137.78 ;0 ; ;0.62 ;0 ;-4.21 ;0.62 ;0 ;0 ;0 ;0 ;0 ;1 ;0 ;0 ;0 ;1 ;
137.8 ;0 ; ;0.62 ;0 ;-4.21 ;0.62 ;0 ;0 ;0 ;0 ;0 ;1 ;0 ;0 ;0 ;1 ;
137.8023 ;0 ;5 ;0.62 ;0 ;-4.21 ;0.62 ;0 ;0 ;0 ;0 ;0 ;1 ;0 ;0 ;0 ;1 ;
137.82 ;1 ; ;0.62 ;0 ;-4.21 ;0.62 ;0 ;0 ;0 ;0 ;0 ;1 ;0 ;0 ;0 ;1 ;
137.84 ;1 ; ;0.62 ;0 ;-4.21 ;0.62 ;0 ;0 ;0 ;0 ;0 ;1 ;0 ;0 ;0 ;1 ;
137.86 ;1 ; ;0.62 ;0 ;-4.21 ;0.62 ;0 ;0 ;0 ;0 ;0 ;1 ;0 ;0 ;0 ;1 ;
137.88 ;1 ; ;0.62 ;0 ;-4.21 ;0.62 ;0 ;0 ;0 ;0 ;0 ;1 ;0 ;0 ;0 ;1 ;
137.9 ;1 ; ;0.62 ;0 ;-4.21 ;0.62 ;0 ;0 ;0 ;0 ;0 ;1 ;0 ;0 ;0 ;1 ;
137.92 ;1 ; ;0.62 ;0 ;-4.21 ;0.62 ;0 ;0 ;0 ;0 ;0 ;1 ;0 ;0 ;0 ;1 ;
137.94 ;1 ; ;0.62 ;0 ;-4.21 ;0.62 ;0 ;0 ;0 ;0 ;0 ;1 ;0 ;0 ;0 ;1 ;
137.96 ;1 ; ;0.62 ;0 ;-4.21 ;0.62 ;0 ;0 ;0 ;0 ;0 ;1 ;0 ;0 ;0 ;1 ;
137.98 ;1 ; ;0.62 ;0 ;-4.21 ;0.62 ;0 ;0 ;0 ;0 ;0 ;1 ;0 ;0 ;0 ;1 ;
138 ;1 ; ;0.62 ;0 ;-4.21 ;0.62 ;0 ;0 ;0 ;0 ;0 ;1 ;0 ;0 ;0 ;1 ;
138.02 ;1 ; ;0.62 ;0 ;-4.21 ;0.62 ;0 ;0 ;0 ;0 ;0 ;1 ;0 ;0 ;0 ;1 ;
138.04 ;1 ; ;0.62 ;0 ;-4.21 ;0.62 ;0 ;0 ;0 ;0 ;0 ;1 ;0 ;0 ;0 ;1 ;
138.06 ;1 ; ;0.62 ;0 ;-4.21 ;0.62 ;0 ;0 ;0 ;0 ;0 ;1 ;0 ;0 ;0 ;1 ;
138.08 ;1 ; ;0.62 ;0 ;-4.21 ;0.62 ;0 ;0 ;0 ;0 ;0 ;1 ;0 ;0 ;0 ;1 ;
138.1 ;1 ; ;0.62 ;0 ;-4.21 ;0.62 ;0 ;0 ;0 ;0 ;0 ;1 ;0 ;0 ;0 ;1 ;
138.12 ;1 ; ;0.62 ;0 ;-4.21 ;0.62 ;0 ;0 ;0 ;0 ;0 ;1 ;0 ;0 ;0 ;1 ;
138.14 ;1 ; ;0.62 ;0 ;-4.21 ;0.62 ;0 ;0 ;0 ;0 ;0 ;1 ;0 ;0 ;0 ;1 ;
138.16 ;1 ; ;0.62 ;0 ;-4.21 ;0.62 ;0 ;0 ;0 ;0 ;0 ;1 ;0 ;0 ;0 ;1 ;
138.18 ;1 ; ;0.62 ;0 ;-4.21 ;0.62 ;0 ;0 ;0 ;0 ;0 ;1 ;0 ;0 ;0 ;1 ;
138.2 ;1 ; ;0.62 ;0 ;-4.21 ;0.62 ;0 ;0 ;0 ;0 ;0 ;1 ;0 ;0 ;0 ;1 ;
138.22 ;1 ; ;0.62 ;0 ;-4.21 ;0.62 ;0 ;0 ;0 ;0 ;0 ;1 ;0 ;0 ;0 ;1 ;
138.24 ;1 ; ;0.62 ;0 ;-4.21 ;0.62 ;0 ;0 ;0 ;0 ;0 ;1 ;0 ;0 ;0 ;1 ;
138.26 ;1 ; ;0.62 ;0 ;-4.21 ;0.62 ;0 ;0 ;0 ;0 ;0 ;1 ;0 ;0 ;0 ;1 ;
138.28 ;1 ; ;0.62 ;0 ;-4.21 ;0.62 ;0 ;0 ;0 ;0 ;0 ;1 ;0 ;0 ;0 ;1 ;
138.3 ;1 ; ;0.62 ;0 ;-4.21 ;0.62 ;0 ;0 ;0 ;0 ;0 ;1 ;0 ;0 ;0 ;1 ;
138.32 ;1 ; ;0.62 ;0 ;-4.21 ;0.62 ;0 ;0 ;0 ;0 ;0 ;1 ;0 ;0 ;0 ;1 ;
138.34 ;1 ; ;0.62 ;0 ;-4.21 ;0.62 ;0 ;0 ;0 ;0 ;0 ;1 ;0 ;0 ;0 ;1 ;
138.36 ;1 ; ;0.62 ;0 ;-4.21 ;0.62 ;0 ;0 ;0 ;0 ;0 ;1 ;0 ;0 ;0 ;1 ;
138.38 ;1 ; ;0.62 ;0 ;-4.21 ;0.62 ;0 ;0 ;0 ;0 ;0 ;1 ;0 ;0 ;0 ;1 ;
138.4 ;1 ; ;0.62 ;0 ;-4.21 ;0.62 ;0 ;0 ;0 ;0 ;0 ;1 ;0 ;0 ;0 ;1 ;
138.42 ;1 ; ;0.62 ;0 ;-4.21 ;0.62 ;0 ;0 ;0 ;0 ;0 ;1 ;0 ;0 ;0 ;1 ;
138.44 ;1 ; ;0.62 ;0 ;-4.21 ;0.62 ;0 ;0 ;0 ;0 ;0 ;1 ;0 ;0 ;0 ;1 ;
138.46 ;1 ; ;0.62 ;0 ;-4.21 ;0.62 ;0 ;0 ;0 ;0 ;0 ;1 ;0 ;0 ;0 ;1 ;
138.48 ;1 ; ;0.62 ;0 ;-4.21 ;0.62 ;0 ;0 ;0 ;0 ;0 ;1 ;0 ;0 ;0 ;1 ;
138.5 ;1 ; ;0.62 ;0 ;-4.21 ;0.62 ;0 ;0 ;0 ;0 ;0 ;1 ;0 ;0 ;0 ;1 ;
138.52 ;1 ; ;0.62 ;0 ;-4.21 ;0.62 ;0 ;0 ;0 ;0 ;0 ;1 ;0 ;0 ;0 ;1 ;
138.54 ;1 ; ;0.62 ;0 ;-4.21 ;0.62 ;0 ;0 ;0 ;0 ;0 ;1 ;0 ;0 ;0 ;1 ;
138.56 ;1 ; ;0.62 ;0 ;-4.21 ;0.62 ;0 ;0 ;0 ;0 ;0 ;1 ;0 ;0 ;0 ;1 ;
138.58 ;1 ; ;0.62 ;0 ;-4.21 ;0.62 ;0 ;0 ;0 ;0 ;0 ;1 ;0 ;0 ;0 ;1 ;
138.6 ;1 ; ;0.62 ;0 ;-4.21 ;0.62 ;0 ;0 ;0 ;0 ;0 ;1 ;0 ;0 ;0 ;1 ;
138.62 ;1 ; ;0.62 ;0 ;-4.21 ;0.62 ;0 ;0 ;0 ;0 ;0 ;1 ;0 ;0 ;0 ;1 ;
138.64 ;1 ; ;0.62 ;0 ;-4.21 ;0.62 ;0 ;0 ;0 ;0 ;0 ;1 ;0 ;0 ;0 ;1 ;
138.66 ;1 ; ;0.62 ;0 ;-4.21 ;0.62 ;0 ;0 ;0 ;0 ;0 ;1 ;0 ;0 ;0 ;1 ;
138.68 ;1 ; ;0.62 ;0 ;-4.21 ;0.62 ;0 ;0 ;0 ;0 ;0 ;1 ;0 ;0 ;0 ;1 ;
138.7 ;1 ; ;0.62 ;0 ;-4.21 ;0.62 ;0 ;0 ;0 ;0 ;0 ;1 ;0 ;0 ;0 ;1 ;
138.72 ;1 ; ;0.62 ;0 ;-4.21 ;0.62 ;0 ;0 ;0 ;0 ;0 ;1 ;0 ;0 ;0 ;1 ;
138.74 ;1 ; ;0.62 ;0 ;-4.21 ;0.62 ;0 ;0 ;0 ;0 ;0 ;1 ;0 ;0 ;0 ;1 ;
138.76 ;1 ; ;0.62 ;0 ;-4.21 ;0.62 ;0 ;0 ;0 ;0 ;0 ;1 ;0 ;0 ;0 ;1 ;
138.78 ;1 ; ;0.62 ;0 ;-4.21 ;0.62 ;0 ;0 ;0 ;0 ;0 ;1 ;0 ;0 ;0 ;1 ;
138.8 ;1 ; ;0.62 ;0 ;-4.21 ;0.62 ;0 ;0 ;0 ;0 ;0 ;1 ;0 ;0 ;0 ;1 ;
138.82 ;1 ; ;0.62 ;0 ;-4.21 ;0.62 ;0 ;0 ;0 ;0 ;0 ;1 ;0 ;0 ;0 ;1 ;
138.84 ;1 ; ;0.62 ;0 ;-4.21 ;0.62 ;0 ;0 ;0 ;0 ;0 ;1 ;0 ;0 ;0 ;1 ;
138.86 ;1 ; ;0.62 ;0 ;-4.21 ;0.62 ;0 ;0 ;0 ;0 ;0 ;1 ;0 ;0 ;0 ;1 ;
138.88 ;1 ; ;0.62 ;0 ;-4.21 ;0.62 ;0 ;0 ;0 ;0 ;0 ;1 ;0 ;0 ;0 ;1 ;
138.9 ;1 ; ;0.62 ;0 ;-4.21 ;0.62 ;0 ;0 ;0 ;0 ;0 ;1 ;0 ;0 ;0 ;1 ;
138.92 ;1 ; ;0.62 ;0 ;-4.21 ;0.62 ;0 ;0 ;0 ;0 ;0 ;1 ;0 ;0 ;0 ;1 ;
138.94 ;1 ; ;0.62 ;0 ;-4.21 ;0.62 ;0 ;0 ;0 ;0 ;0 ;1 ;0 ;0 ;0 ;1 ;
138.96 ;1 ; ;0.62 ;0 ;-4.21 ;0.62 ;0 ;0 ;0 ;0 ;0 ;1 ;0 ;0 ;0 ;1 ;
138.98 ;1 ; ;0.62 ;0 ;-4.21 ;0.62 ;0 ;0 ;0 ;0 ;0 ;1 ;0 ;0 ;0 ;1 ;
139 ;1 ; ;0.62 ;0 ;-4.21 ;0.62 ;0 ;0 ;0 ;0 ;0 ;1 ;0 ;0 ;0 ;1 ;
139.02 ;1 ; ;0.62 ;0 ;-4.21 ;0.62 ;0 ;0 ;0 ;0 ;0 ;1 ;0 ;0 ;0 ;1 ;
139.04 ;1 ; ;0.62 ;0 ;-4.21 ;0.62 ;0 ;0 ;0 ;0 ;0 ;1 ;0 ;0 ;0 ;1 ;
139.06 ;1 ; ;0.62 ;0 ;-4.21 ;0.62 ;0 ;0 ;0 ;0 ;0 ;1 ;0 ;0 ;0 ;1 ;
139.08 ;1 ; ;0.62 ;0 ;-4.21 ;0.62 ;0 ;0 ;0 ;0 ;0 ;1 ;0 ;0 ;0 ;1 ;
139.1 ;1 ; ;0.62 ;0 ;-4.21 ;0.62 ;0 ;0 ;0 ;0 ;0 ;1 ;0 ;0 ;0 ;1 ;
139.12 ;1 ; ;0.62 ;0 ;-4.21 ;0.62 ;0 ;0 ;0 ;0 ;0 ;1 ;0 ;0 ;0 ;1 ;
139.14 ;1 ; ;0.62 ;0 ;-4.21 ;0.62 ;0 ;0 ;0 ;0 ;0 ;1 ;0 ;0 ;0 ;1 ;
139.16 ;1 ; ;0.62 ;0 ;-4.21 ;0.62 ;0 ;0 ;0 ;0 ;0 ;1 ;0 ;0 ;0 ;1 ;
139.18 ;1 ; ;0.62 ;0 ;-4.21 ;0.62 ;0 ;0 ;0 ;0 ;0 ;1 ;0 ;0 ;0 ;1 ;
139.2 ;1 ; ;0.62 ;0 ;-4.21 ;0.62 ;0 ;0 ;0 ;0 ;0 ;1 ;0 ;0 ;0 ;1 ;
139.22 ;1 ; ;0.62 ;0 ;-4.21 ;0.62 ;0 ;0 ;0 ;0 ;0 ;1 ;0 ;0 ;0 ;1 ;
139.24 ;1 ; ;0.62 ;0 ;-4.21 ;0.62 ;0 ;0 ;0 ;0 ;0 ;1 ;0 ;0 ;0 ;1 ;
139.26 ;1 ; ;0.62 ;0 ;-4.21 ;0.62 ;0 ;0 ;0 ;0 ;0 ;1 ;0 ;0 ;0 ;1 ;
139.28 ;1 ; ;0.62 ;0 ;-4.21 ;0.62 ;0 ;0 ;0 ;0 ;0 ;1 ;0 ;0 ;0 ;1 ;
139.3 ;1 ; ;0.62 ;0 ;-4.21 ;0.62 ;0 ;0 ;0 ;0 ;0 ;1 ;0 ;0 ;0 ;1 ;
139.32 ;1 ; ;0.62 ;0 ;-4.21 ;0.62 ;0 ;0 ;0 ;0 ;0 ;1 ;0 ;0 ;0 ;1 ;
139.34 ;1 ; ;0.62 ;0 ;-4.21 ;0.62 ;0 ;0 ;0 ;0 ;0 ;1 ;0 ;0 ;0 ;1 ;
139.36 ;1 ; ;0.62 ;0 ;-4.21 ;0.62 ;0 ;0 ;0 ;0 ;0 ;1 ;0 ;0 ;0 ;1 ;
139.38 ;1 ; ;0.62 ;0 ;-4.21 ;0.62 ;0 ;0 ;0 ;0 ;0 ;1 ;0 ;0 ;0 ;1 ;
139.4 ;1 ; ;0.62 ;0 ;-4.21 ;0.62 ;0 ;0 ;0 ;0 ;0 ;1 ;0 ;0 ;0 ;1 ;
139.42 ;1 ; ;0.62 ;0 ;-4.21 ;0.62 ;0 ;0 ;0 ;0 ;0 ;1 ;0 ;0 ;0 ;1 ;
139.44 ;1 ; ;0.62 ;0 ;-4.21 ;0.62 ;0 ;0 ;0 ;0 ;0 ;1 ;0 ;0 ;0 ;1 ;
139.46 ;1 ; ;0.62 ;0 ;-4.21 ;0.62 ;0 ;0 ;0 ;0 ;0 ;1 ;0 ;0 ;0 ;1 ;
139.48 ;1 ; ;0.62 ;0 ;-4.21 ;0.62 ;0 ;0 ;0 ;0 ;0 ;1 ;0 ;0 ;0 ;1 ;
139.5 ;1 ; ;0.62 ;0 ;-4.21 ;0.62 ;0 ;0 ;0 ;0 ;0 ;1 ;0 ;0 ;0 ;1 ;
139.52 ;1 ; ;0.62 ;0 ;-4.21 ;0.62 ;0 ;0 ;0 ;0 ;0 ;1 ;0 ;0 ;0 ;1 ;
139.54 ;1 ; ;0.62 ;0 ;-4.21 ;0.62 ;0 ;0 ;0 ;0 ;0 ;1 ;0 ;0 ;0 ;1 ;
139.56 ;1 ; ;0.62 ;0 ;-4.21 ;0.62 ;0 ;0 ;0 ;0 ;0 ;1 ;0 ;0 ;0 ;1 ;
139.58 ;1 ; ;0.62 ;0 ;-4.21 ;0.62 ;0 ;0 ;0 ;0 ;0 ;1 ;0 ;0 ;0 ;1 ;
139.6 ;1 ; ;0.62 ;0 ;-4.21 ;0.62 ;0 ;0 ;0 ;0 ;0 ;1 ;0 ;0 ;0 ;1 ;
139.62 ;1 ; ;0.62 ;0 ;-4.21 ;0.62 ;0 ;0 ;0 ;0 ;0 ;1 ;0 ;0 ;0 ;1 ;
139.64 ;1 ; ;0.62 ;0 ;-4.21 ;0.62 ;0 ;0 ;0 ;0 ;0 ;1 ;0 ;0 ;0 ;1 ;
139.66 ;1 ; ;0.62 ;0 ;-4.21 ;0.62 ;0 ;0 ;0 ;0 ;0 ;1 ;0 ;0 ;0 ;1 ;
139.68 ;1 ; ;0.62 ;0 ;-4.21 ;0.62 ;0 ;0 ;0 ;0 ;0 ;1 ;0 ;0 ;0 ;1 ;
139.7 ;1 ; ;0.62 ;0 ;-4.21 ;0.62 ;0 ;0 ;0 ;0 ;0 ;1 ;0 ;0 ;0 ;1 ;
139.72 ;1 ; ;0.62 ;0 ;-4.21 ;0.62 ;0 ;0 ;0 ;0 ;0 ;1 ;0 ;0 ;0 ;1 ;
139.74 ;1 ; ;0.62 ;0 ;-4.21 ;0.62 ;0 ;0 ;0 ;0 ;0 ;1 ;0 ;0 ;0 ;1 ;
139.76 ;1 ; ;0.62 ;0 ;-4.21 ;0.62 ;0 ;0 ;0 ;0 ;0 ;1 ;0 ;0 ;0 ;1 ;
139.78 ;1 ; ;0.62 ;0 ;-4.21 ;0.62 ;0 ;0 ;0 ;0 ;0 ;1 ;0 ;0 ;0 ;1 ;
139.8 ;1 ; ;0.62 ;0 ;-4.21 ;0.62 ;0 ;0 ;0 ;0 ;0 ;1 ;0 ;0 ;0 ;1 ;
139.82 ;1 ; ;0.62 ;0 ;-4.21 ;0.62 ;0 ;0 ;0 ;0 ;0 ;1 ;0 ;0 ;0 ;1 ;
139.84 ;1 ; ;0.62 ;0 ;-4.21 ;0.62 ;0 ;0 ;0 ;0 ;0 ;1 ;0 ;0 ;0 ;1 ;
139.86 ;1 ; ;0.62 ;0 ;-4.21 ;0.62 ;0 ;0 ;0 ;0 ;0 ;1 ;0 ;0 ;0 ;1 ;
139.88 ;1 ; ;0.62 ;0 ;-4.21 ;0.62 ;0 ;0 ;0 ;0 ;0 ;1 ;0 ;0 ;0 ;1 ;
139.9 ;1 ; ;0.62 ;0 ;-4.21 ;0.62 ;0 ;0 ;0 ;0 ;0 ;1 ;0 ;0 ;0 ;1 ;
139.92 ;1 ; ;0.62 ;0 ;-4.21 ;0.62 ;0 ;0 ;0 ;0 ;0 ;1 ;0 ;0 ;0 ;1 ;
139.94 ;1 ; ;0.62 ;0 ;-4.21 ;0.62 ;0 ;0 ;0 ;0 ;0 ;1 ;0 ;0 ;0 ;1 ;
139.96 ;1 ; ;0.62 ;0 ;-4.21 ;0.62 ;0 ;0 ;0 ;0 ;0 ;1 ;0 ;0 ;0 ;1 ;
139.98 ;1 ; ;0.62 ;0 ;-4.21 ;0.62 ;0 ;0 ;0 ;0 ;0 ;1 ;0 ;0 ;0 ;1 ;
140 ;1 ; ;0.62 ;0 ;-4.21 ;0.62 ;0 ;0 ;0 ;0 ;0 ;1 ;0 ;0 ;0 ;1 ;
140.02 ;1 ; ;0.62 ;0 ;-4.21 ;0.62 ;0 ;0 ;0 ;0 ;0 ;1 ;0 ;0 ;0 ;1 ;
140.04 ;1 ; ;0.62 ;0 ;-4.21 ;0.62 ;0 ;0 ;0 ;0 ;0 ;1 ;0 ;0 ;0 ;1 ;
140.06 ;1 ; ;0.62 ;0 ;-4.21 ;0.62 ;0 ;0 ;0 ;0 ;0 ;1 ;0 ;0 ;0 ;1 ;
140.08 ;1 ; ;0.62 ;0 ;-4.21 ;0.62 ;0 ;0 ;0 ;0 ;0 ;1 ;0 ;0 ;0 ;1 ;
140.1 ;1 ; ;0.62 ;0 ;-4.21 ;0.62 ;0 ;0 ;0 ;0 ;0 ;1 ;0 ;0 ;0 ;1 ;
140.12 ;1 ; ;0.62 ;0 ;-4.21 ;0.62 ;0 ;0 ;0 ;0 ;0 ;1 ;0 ;0 ;0 ;1 ;
140.14 ;1 ; ;0.62 ;0 ;-4.21 ;0.62 ;0 ;0 ;0 ;0 ;0 ;1 ;0 ;0 ;0 ;1 ;
140.16 ;1 ; ;0.62 ;0 ;-4.21 ;0.62 ;0 ;0 ;0 ;0 ;0 ;1 ;0 ;0 ;0 ;1 ;
140.18 ;1 ; ;0.62 ;0 ;-4.21 ;0.62 ;0 ;0 ;0 ;0 ;0 ;1 ;0 ;0 ;0 ;1 ;
140.2 ;1 ; ;0.62 ;0 ;-4.21 ;0.62 ;0 ;0 ;0 ;0 ;0 ;1 ;0 ;0 ;0 ;1 ;
140.22 ;1 ; ;0.62 ;0 ;-4.21 ;0.62 ;0 ;0 ;0 ;0 ;0 ;1 ;0 ;0 ;0 ;1 ;
140.24 ;1 ; ;0.62 ;0 ;-4.21 ;0.62 ;0 ;0 ;0 ;0 ;0 ;1 ;0 ;0 ;0 ;1 ;
140.26 ;1 ; ;0.62 ;0 ;-4.21 ;0.62 ;0 ;0 ;0 ;0 ;0 ;1 ;0 ;0 ;0 ;1 ;
140.28 ;1 ; ;0.62 ;0 ;-4.21 ;0.62 ;0 ;0 ;0 ;0 ;0 ;1 ;0 ;0 ;0 ;1 ;
140.3 ;1 ; ;0.62 ;0 ;-4.21 ;0.62 ;0 ;0 ;0 ;0 ;0 ;1 ;0 ;0 ;0 ;1 ;
140.32 ;1 ; ;0.62 ;0 ;-4.21 ;0.62 ;0 ;0 ;0 ;0 ;0 ;1 ;0 ;0 ;0 ;1 ;
140.34 ;1 ; ;0.62 ;0 ;-4.21 ;0.62 ;0 ;0 ;0 ;0 ;0 ;1 ;0 ;0 ;0 ;1 ;
140.36 ;1 ; ;0.62 ;0 ;-4.21 ;0.62 ;0 ;0 ;0 ;0 ;0 ;1 ;0 ;0 ;0 ;1 ;
140.38 ;1 ; ;0.62 ;0 ;-4.21 ;0.62 ;0 ;0 ;0 ;0 ;0 ;1 ;0 ;0 ;0 ;1 ;
140.4 ;1 ; ;0.62 ;0 ;-4.21 ;0.62 ;0 ;0 ;0 ;0 ;0 ;1 ;0 ;0 ;0 ;1 ;
140.42 ;1 ; ;0.62 ;0 ;-4.21 ;0.62 ;0 ;0 ;0 ;0 ;0 ;1 ;0 ;0 ;0 ;1 ;
140.44 ;1 ; ;0.62 ;0 ;-4.21 ;0.62 ;0 ;0 ;0 ;0 ;0 ;1 ;0 ;0 ;0 ;1 ;
140.46 ;1 ; ;0.62 ;0 ;-4.21 ;0.62 ;0 ;0 ;0 ;0 ;0 ;1 ;0 ;0 ;0 ;1 ;
140.48 ;1 ; ;0.62 ;0 ;-4.21 ;0.62 ;0 ;0 ;0 ;0 ;0 ;1 ;0 ;0 ;0 ;1 ;
140.5 ;1 ; ;0.62 ;0 ;-4.21 ;0.62 ;0 ;0 ;0 ;0 ;0 ;1 ;0 ;0 ;0 ;1 ;
140.52 ;1 ; ;0.62 ;0 ;-4.21 ;0.62 ;0 ;0 ;0 ;0 ;0 ;1 ;0 ;0 ;0 ;1 ;
140.54 ;1 ; ;0.62 ;0 ;-4.21 ;0.62 ;0 ;0 ;0 ;0 ;0 ;1 ;0 ;0 ;0 ;1 ;
140.56 ;1 ; ;0.62 ;0 ;-4.21 ;0.62 ;0 ;0 ;0 ;0 ;0 ;1 ;0 ;0 ;0 ;1 ;
140.58 ;1 ; ;0.62 ;0 ;-4.21 ;0.62 ;0 ;0 ;0 ;0 ;0 ;1 ;0 ;0 ;0 ;1 ;
140.6 ;1 ; ;0.62 ;0 ;-4.21 ;0.62 ;0 ;0 ;0 ;0 ;0 ;1 ;0 ;0 ;0 ;1 ;
140.62 ;1 ; ;0.62 ;0 ;-4.21 ;0.62 ;0 ;0 ;0 ;0 ;0 ;1 ;0 ;0 ;0 ;1 ;
140.64 ;1 ; ;0.62 ;0 ;-4.21 ;0.62 ;0 ;0 ;0 ;0 ;0 ;1 ;0 ;0 ;0 ;1 ;
140.66 ;1 ; ;0.62 ;0 ;-4.21 ;0.62 ;0 ;0 ;0 ;0 ;0 ;1 ;0 ;0 ;0 ;1 ;
140.68 ;1 ; ;0.62 ;0 ;-4.21 ;0.62 ;0 ;0 ;0 ;0 ;0 ;1 ;0 ;0 ;0 ;1 ;
140.7 ;1 ; ;0.62 ;0 ;-4.21 ;0.62 ;0 ;0 ;0 ;0 ;0 ;1 ;0 ;0 ;0 ;1 ;
140.72 ;1 ; ;0.62 ;0 ;-4.21 ;0.62 ;0 ;0 ;0 ;0 ;0 ;1 ;0 ;0 ;0 ;1 ;
140.74 ;1 ; ;0.62 ;0 ;-4.21 ;0.62 ;0 ;0 ;0 ;0 ;0 ;1 ;0 ;0 ;0 ;1 ;
140.76 ;1 ; ;0.62 ;0 ;-4.21 ;0.62 ;0 ;0 ;0 ;0 ;0 ;1 ;0 ;0 ;0 ;1 ;
140.78 ;1 ; ;0.62 ;0 ;-4.21 ;0.62 ;0 ;0 ;0 ;0 ;0 ;1 ;0 ;0 ;0 ;1 ;
140.8 ;1 ; ;0.62 ;0 ;-4.21 ;0.62 ;0 ;0 ;0 ;0 ;0 ;1 ;0 ;0 ;0 ;1 ;
140.8148 ;1 ;5 ;0.62 ;0 ;-4.21 ;0.62 ;0 ;0 ;0 ;0 ;0 ;1 ;0 ;0 ;0 ;1 ;
140.82 ;2 ; ;0.62 ;0 ;-4.21 ;0.62 ;0 ;0 ;0 ;0 ;0 ;1 ;0 ;0 ;0 ;1 ;
140.84 ;2 ; ;0.62 ;0 ;-4.21 ;0.62 ;0 ;0 ;0 ;0 ;0 ;1 ;0 ;0 ;0 ;1 ;
140.86 ;2 ; ;0.62 ;0 ;-4.21 ;0.62 ;0 ;0 ;0 ;0 ;0 ;1 ;0 ;0 ;0 ;1 ;
140.88 ;2 ; ;0.62 ;0 ;-4.21 ;0.62 ;0 ;0 ;0 ;0 ;0 ;1 ;0 ;0 ;0 ;1 ;
140.9 ;2 ; ;0.62 ;0 ;-4.21 ;0.62 ;0 ;0 ;0 ;0 ;0 ;1 ;0 ;0 ;0 ;1 ;
140.92 ;2 ; ;0.62 ;0 ;-4.21 ;0.62 ;0 ;0 ;0 ;0 ;0 ;1 ;0 ;0 ;0 ;1 ;
140.94 ;2 ; ;0.62 ;0 ;-4.21 ;0.62 ;0 ;0 ;0 ;0 ;0 ;1 ;0 ;0 ;0 ;1 ;
140.96 ;2 ; ;0.62 ;0 ;-4.21 ;0.62 ;0 ;0 ;0 ;0 ;0 ;1 ;0 ;0 ;0 ;1 ;
140.98 ;2 ; ;0.62 ;0 ;-4.21 ;0.62 ;0 ;0 ;0 ;0 ;0 ;1 ;0 ;0 ;0 ;1 ;
141 ;2 ; ;0.62 ;0 ;-4.21 ;0.62 ;0 ;0 ;0 ;0 ;0 ;1 ;0 ;0 ;0 ;1 ;
141.02 ;2 ; ;0.62 ;0 ;-4.21 ;0.62 ;0 ;0 ;0 ;0 ;0 ;1 ;0 ;0 ;0 ;1 ;
141.04 ;2 ; ;0.62 ;0 ;-4.21 ;0.62 ;0 ;0 ;0 ;0 ;0 ;1 ;0 ;0 ;0 ;1 ;
141.06 ;2 ; ;0.62 ;0 ;-4.21 ;0.62 ;0 ;0 ;0 ;0 ;0 ;1 ;0 ;0 ;0 ;1 ;
141.08 ;2 ; ;0.62 ;0 ;-4.21 ;0.62 ;0 ;0 ;0 ;0 ;0 ;1 ;0 ;0 ;0 ;1 ;
141.1 ;2 ; ;0.62 ;0 ;-4.21 ;0.62 ;0 ;0 ;0 ;0 ;0 ;1 ;0 ;0 ;0 ;1 ;
141.12 ;2 ; ;0.62 ;0 ;-4.21 ;0.62 ;0 ;0 ;0 ;0 ;0 ;1 ;0 ;0 ;0 ;1 ;
141.14 ;2 ; ;0.62 ;0 ;-4.21 ;0.62 ;0 ;0 ;0 ;0 ;0 ;1 ;0 ;0 ;0 ;1 ;
141.16 ;2 ; ;0.62 ;0 ;-4.21 ;0.62 ;0 ;0 ;0 ;0 ;0 ;1 ;0 ;0 ;0 ;1 ;
141.18 ;2 ; ;0.62 ;0 ;-4.21 ;0.62 ;0 ;0 ;0 ;0 ;0 ;1 ;0 ;0 ;0 ;1 ;
141.2 ;2 ; ;0.62 ;0 ;-4.21 ;0.62 ;0 ;0 ;0 ;0 ;0 ;1 ;0 ;0 ;0 ;1 ;
141.22 ;2 ; ;0.62 ;0 ;-4.21 ;0.62 ;0 ;0 ;0 ;0 ;0 ;1 ;0 ;0 ;0 ;1 ;
141.24 ;2 ; ;0.62 ;0 ;-4.21 ;0.62 ;0 ;0 ;0 ;0 ;0 ;1 ;0 ;0 ;0 ;1 ;
141.26 ;2 ; ;0.62 ;0 ;-4.21 ;0.62 ;0 ;0 ;0 ;0 ;0 ;1 ;0 ;0 ;0 ;1 ;
141.28 ;2 ; ;0.62 ;0 ;-4.21 ;0.62 ;0 ;0 ;0 ;0 ;0 ;1 ;0 ;0 ;0 ;1 ;
141.3 ;2 ; ;0.62 ;0 ;-4.21 ;0.62 ;0 ;0 ;0 ;0 ;0 ;1 ;0 ;0 ;0 ;1 ;
141.32 ;2 ; ;0.62 ;0 ;-4.21 ;0.62 ;0 ;0 ;0 ;0 ;0 ;1 ;0 ;0 ;0 ;1 ;
141.34 ;2 ; ;0.62 ;0 ;-4.21 ;0.62 ;0 ;0 ;0 ;0 ;0 ;1 ;0 ;0 ;0 ;1 ;
141.36 ;2 ; ;0.62 ;0 ;-4.21 ;0.62 ;0 ;0 ;0 ;0 ;0 ;1 ;0 ;0 ;0 ;1 ;
141.38 ;2 ; ;0.62 ;0 ;-4.21 ;0.62 ;0 ;0 ;0 ;0 ;0 ;1 ;0 ;0 ;0 ;1 ;
141.4 ;2 ; ;0.62 ;0 ;-4.21 ;0.62 ;0 ;0 ;0 ;0 ;0 ;1 ;0 ;0 ;0 ;1 ;
141.42 ;2 ; ;0.62 ;0 ;-4.21 ;0.62 ;0 ;0 ;0 ;0 ;0 ;1 ;0 ;0 ;0 ;1 ;
141.44 ;2 ; ;0.62 ;0 ;-4.21 ;0.62 ;0 ;0 ;0 ;0 ;0 ;1 ;0 ;0 ;0 ;1 ;
141.46 ;2 ; ;0.62 ;0 ;-4.21 ;0.62 ;0 ;0 ;0 ;0 ;0 ;1 ;0 ;0 ;0 ;1 ;
141.48 ;2 ; ;0.62 ;0 ;-4.21 ;0.62 ;0 ;0 ;0 ;0 ;0 ;1 ;0 ;0 ;0 ;1 ;
141.5 ;2 ; ;0.62 ;0 ;-4.21 ;0.62 ;0 ;0 ;0 ;0 ;0 ;1 ;0 ;0 ;0 ;1 ;
141.52 ;2 ; ;0.62 ;0 ;-4.21 ;0.62 ;0 ;0 ;0 ;0 ;0 ;1 ;0 ;0 ;0 ;1 ;
141.54 ;2 ; ;0.62 ;0 ;-4.21 ;0.62 ;0 ;0 ;0 ;0 ;0 ;1 ;0 ;0 ;0 ;1 ;
141.56 ;2 ; ;0.62 ;0 ;-4.21 ;0.62 ;0 ;0 ;0 ;0 ;0 ;1 ;0 ;0 ;0 ;1 ;
141.58 ;2 ; ;0.62 ;0 ;-4.21 ;0.62 ;0 ;0 ;0 ;0 ;0 ;1 ;0 ;0 ;0 ;1 ;
141.6 ;2 ; ;0.62 ;0 ;-4.21 ;0.62 ;0 ;0 ;0 ;0 ;0 ;1 ;0 ;0 ;0 ;1 ;
141.62 ;2 ; ;0.62 ;0 ;-4.21 ;0.62 ;0 ;0 ;0 ;0 ;0 ;1 ;0 ;0 ;0 ;1 ;
141.64 ;2 ; ;0.62 ;0 ;-4.21 ;0.62 ;0 ;0 ;0 ;0 ;0 ;1 ;0 ;0 ;0 ;1 ;
141.66 ;2 ; ;0.62 ;0 ;-4.21 ;0.62 ;0 ;0 ;0 ;0 ;0 ;1 ;0 ;0 ;0 ;1 ;
141.68 ;2 ; ;0.62 ;0 ;-4.21 ;0.62 ;0 ;0 ;0 ;0 ;0 ;1 ;0 ;0 ;0 ;1 ;
141.7 ;2 ; ;0.62 ;0 ;-4.21 ;0.62 ;0 ;0 ;0 ;0 ;0 ;1 ;0 ;0 ;0 ;1 ;
141.72 ;2 ; ;0.62 ;0 ;-4.21 ;0.62 ;0 ;0 ;0 ;0 ;0 ;1 ;0 ;0 ;0 ;1 ;
141.74 ;2 ; ;0.62 ;0 ;-4.21 ;0.62 ;0 ;0 ;0 ;0 ;0 ;1 ;0 ;0 ;0 ;1 ;
141.76 ;2 ; ;0.62 ;0 ;-4.21 ;0.62 ;0 ;0 ;0 ;0 ;0 ;1 ;0 ;0 ;0 ;1 ;
141.78 ;2 ; ;0.62 ;0 ;-4.21 ;0.62 ;0 ;0 ;0 ;0 ;0 ;1 ;0 ;0 ;0 ;1 ;
141.8 ;2 ; ;0.62 ;0 ;-4.21 ;0.62 ;0 ;0 ;0 ;0 ;0 ;1 ;0 ;0 ;0 ;1 ;
141.82 ;2 ; ;0.62 ;0 ;-4.21 ;0.62 ;0 ;0 ;0 ;0 ;0 ;1 ;0 ;0 ;0 ;1 ;
141.84 ;2 ; ;0.62 ;0 ;-4.21 ;0.62 ;0 ;0 ;0 ;0 ;0 ;1 ;0 ;0 ;0 ;1 ;
141.86 ;2 ; ;0.62 ;0 ;-4.21 ;0.62 ;0 ;0 ;0 ;0 ;0 ;1 ;0 ;0 ;0 ;1 ;
141.88 ;2 ; ;0.62 ;0 ;-4.21 ;0.62 ;0 ;0 ;0 ;0 ;0 ;1 ;0 ;0 ;0 ;1 ;
141.9 ;2 ; ;0.62 ;0 ;-4.21 ;0.62 ;0 ;0 ;0 ;0 ;0 ;1 ;0 ;0 ;0 ;1 ;
141.92 ;2 ; ;0.62 ;0 ;-4.21 ;0.62 ;0 ;0 ;0 ;0 ;0 ;1 ;0 ;0 ;0 ;1 ;
141.94 ;2 ; ;0.62 ;0 ;-4.21 ;0.62 ;0 ;0 ;0 ;0 ;0 ;1 ;0 ;0 ;0 ;1 ;
141.96 ;2 ; ;0.62 ;0 ;-4.21 ;0.62 ;0 ;0 ;0 ;0 ;0 ;1 ;0 ;0 ;0 ;1 ;
141.98 ;2 ; ;0.62 ;0 ;-4.21 ;0.62 ;0 ;0 ;0 ;0 ;0 ;1 ;0 ;0 ;0 ;1 ;
142 ;2 ; ;0.62 ;0 ;-4.21 ;0.62 ;0 ;0 ;0 ;0 ;0 ;1 ;0 ;0 ;0 ;1 ;
142.02 ;2 ; ;0.62 ;0 ;-4.21 ;0.62 ;0 ;0 ;0 ;0 ;0 ;1 ;0 ;0 ;0 ;1 ;
142.04 ;2 ; ;0.62 ;0 ;-4.21 ;0.62 ;0 ;0 ;0 ;0 ;0 ;1 ;0 ;0 ;0 ;1 ;
142.06 ;2 ; ;0.62 ;0 ;-4.21 ;0.62 ;0 ;0 ;0 ;0 ;0 ;1 ;0 ;0 ;0 ;1 ;
142.08 ;2 ; ;0.62 ;0 ;-4.21 ;0.62 ;0 ;0 ;0 ;0 ;0 ;1 ;0 ;0 ;0 ;1 ;
142.1 ;2 ; ;0.62 ;0 ;-4.21 ;0.62 ;0 ;0 ;0 ;0 ;0 ;1 ;0 ;0 ;0 ;1 ;
142.12 ;2 ; ;0.62 ;0 ;-4.21 ;0.62 ;0 ;0 ;0 ;0 ;0 ;1 ;0 ;0 ;0 ;1 ;
142.14 ;2 ; ;0.62 ;0 ;-4.21 ;0.62 ;0 ;0 ;0 ;0 ;0 ;1 ;0 ;0 ;0 ;1 ;
142.16 ;2 ; ;0.62 ;0 ;-4.21 ;0.62 ;0 ;0 ;0 ;0 ;0 ;1 ;0 ;0 ;0 ;1 ;
142.18 ;2 ; ;0.62 ;0 ;-4.21 ;0.62 ;0 ;0 ;0 ;0 ;0 ;1 ;0 ;0 ;0 ;1 ;
142.2 ;2 ; ;0.62 ;0 ;-4.21 ;0.62 ;0 ;0 ;0 ;0 ;0 ;1 ;0 ;0 ;0 ;1 ;
142.22 ;2 ; ;0.62 ;0 ;-4.21 ;0.62 ;0 ;0 ;0 ;0 ;0 ;1 ;0 ;0 ;0 ;1 ;
142.24 ;2 ; ;0.62 ;0 ;-4.21 ;0.62 ;0 ;0 ;0 ;0 ;0 ;1 ;0 ;0 ;0 ;1 ;
142.26 ;2 ; ;0.62 ;0 ;-4.21 ;0.62 ;0 ;0 ;0 ;0 ;0 ;1 ;0 ;0 ;0 ;1 ;
142.28 ;2 ; ;0.62 ;0 ;-4.21 ;0.62 ;0 ;0 ;0 ;0 ;0 ;1 ;0 ;0 ;0 ;1 ;
142.3 ;2 ; ;0.62 ;0 ;-4.21 ;0.62 ;0 ;0 ;0 ;0 ;0 ;1 ;0 ;0 ;0 ;1 ;
142.32 ;2 ; ;0.62 ;0 ;-4.21 ;0.62 ;0 ;0 ;0 ;0 ;0 ;1 ;0 ;0 ;0 ;1 ;
142.34 ;2 ; ;0.62 ;0 ;-4.21 ;0.62 ;0 ;0 ;0 ;0 ;0 ;1 ;0 ;0 ;0 ;1 ;
142.36 ;2 ; ;0.62 ;0 ;-4.21 ;0.62 ;0 ;0 ;0 ;0 ;0 ;1 ;0 ;0 ;0 ;1 ;
142.38 ;2 ; ;0.62 ;0 ;-4.21 ;0.62 ;0 ;0 ;0 ;0 ;0 ;1 ;0 ;0 ;0 ;1 ;
142.4 ;2 ; ;0.62 ;0 ;-4.21 ;0.62 ;0 ;0 ;0 ;0 ;0 ;1 ;0 ;0 ;0 ;1 ;
142.42 ;2 ; ;0.62 ;0 ;-4.21 ;0.62 ;0 ;0 ;0 ;0 ;0 ;1 ;0 ;0 ;0 ;1 ;
142.44 ;2 ; ;0.62 ;0 ;-4.21 ;0.62 ;0 ;0 ;0 ;0 ;0 ;1 ;0 ;0 ;0 ;1 ;
142.46 ;2 ; ;0.62 ;0 ;-4.21 ;0.62 ;0 ;0 ;0 ;0 ;0 ;1 ;0 ;0 ;0 ;1 ;
142.48 ;2 ; ;0.62 ;0 ;-4.21 ;0.62 ;0 ;0 ;0 ;0 ;0 ;1 ;0 ;0 ;0 ;1 ;
142.5 ;2 ; ;0.62 ;0 ;-4.21 ;0.62 ;0 ;0 ;0 ;0 ;0 ;1 ;0 ;0 ;0 ;1 ;
142.52 ;2 ; ;0.62 ;0 ;-4.21 ;0.62 ;0 ;0 ;0 ;0 ;0 ;1 ;0 ;0 ;0 ;1 ;
142.54 ;2 ; ;0.62 ;0 ;-4.21 ;0.62 ;0 ;0 ;0 ;0 ;0 ;1 ;0 ;0 ;0 ;1 ;
142.56 ;2 ; ;0.62 ;0 ;-4.21 ;0.62 ;0 ;0 ;0 ;0 ;0 ;1 ;0 ;0 ;0 ;1 ;
142.58 ;2 ; ;0.62 ;0 ;-4.21 ;0.62 ;0 ;0 ;0 ;0 ;0 ;1 ;0 ;0 ;0 ;1 ;
142.6 ;2 ; ;0.62 ;0 ;-4.21 ;0.62 ;0 ;0 ;0 ;0 ;0 ;1 ;0 ;0 ;0 ;1 ;
142.62 ;2 ; ;0.62 ;0 ;-4.21 ;0.62 ;0 ;0 ;0 ;0 ;0 ;1 ;0 ;0 ;0 ;1 ;
142.64 ;2 ; ;0.62 ;0 ;-4.21 ;0.62 ;0 ;0 ;0 ;0 ;0 ;1 ;0 ;0 ;0 ;1 ;
142.66 ;2 ; ;0.62 ;0 ;-4.21 ;0.62 ;0 ;0 ;0 ;0 ;0 ;1 ;0 ;0 ;0 ;1 ;
142.68 ;2 ; ;0.62 ;0 ;-4.21 ;0.62 ;0 ;0 ;0 ;0 ;0 ;1 ;0 ;0 ;0 ;1 ;
142.7 ;2 ; ;0.62 ;0 ;-4.21 ;0.62 ;0 ;0 ;0 ;0 ;0 ;1 ;0 ;0 ;0 ;1 ;
142.72 ;2 ; ;0.62 ;0 ;-4.21 ;0.62 ;0 ;0 ;0 ;0 ;0 ;1 ;0 ;0 ;0 ;1 ;
142.74 ;2 ; ;0.62 ;0 ;-4.21 ;0.62 ;0 ;0 ;0 ;0 ;0 ;1 ;0 ;0 ;0 ;1 ;
142.76 ;2 ; ;0.62 ;0 ;-4.21 ;0.62 ;0 ;0 ;0 ;0 ;0 ;1 ;0 ;0 ;0 ;1 ;
142.78 ;2 ; ;0.62 ;0 ;-4.21 ;0.62 ;0 ;0 ;0 ;0 ;0 ;1 ;0 ;0 ;0 ;1 ;
142.8 ;2 ; ;0.62 ;0 ;-4.21 ;0.62 ;0 ;0 ;0 ;0 ;0 ;1 ;0 ;0 ;0 ;1 ;
142.82 ;2 ; ;0.62 ;0 ;-4.21 ;0.62 ;0 ;0 ;0 ;0 ;0 ;1 ;0 ;0 ;0 ;1 ;
142.84 ;2 ; ;0.62 ;0 ;-4.21 ;0.62 ;0 ;0 ;0 ;0 ;0 ;1 ;0 ;0 ;0 ;1 ;
142.86 ;2 ; ;0.62 ;0 ;-4.21 ;0.62 ;0 ;0 ;0 ;0 ;0 ;1 ;0 ;0 ;0 ;1 ;
142.88 ;2 ; ;0.62 ;0 ;-4.21 ;0.62 ;0 ;0 ;0 ;0 ;0 ;1 ;0 ;0 ;0 ;1 ;
142.9 ;2 ; ;0.62 ;0 ;-4.21 ;0.62 ;0 ;0 ;0 ;0 ;0 ;1 ;0 ;0 ;0 ;1 ;
142.92 ;2 ; ;0.62 ;0 ;-4.21 ;0.62 ;0 ;0 ;0 ;0 ;0 ;1 ;0 ;0 ;0 ;1 ;
142.94 ;2 ; ;0.62 ;0 ;-4.21 ;0.62 ;0 ;0 ;0 ;0 ;0 ;1 ;0 ;0 ;0 ;1 ;
142.96 ;2 ; ;0.62 ;0 ;-4.21 ;0.62 ;0 ;0 ;0 ;0 ;0 ;1 ;0 ;0 ;0 ;1 ;
142.98 ;2 ; ;0.62 ;0 ;-4.21 ;0.62 ;0 ;0 ;0 ;0 ;0 ;1 ;0 ;0 ;0 ;1 ;
143 ;2 ; ;0.62 ;0 ;-4.21 ;0.62 ;0 ;0 ;0 ;0 ;0 ;1 ;0 ;0 ;0 ;1 ;
143.02 ;2 ; ;0.62 ;0 ;-4.21 ;0.62 ;0 ;0 ;0 ;0 ;0 ;1 ;0 ;0 ;0 ;1 ;
143.04 ;2 ; ;0.62 ;0 ;-4.21 ;0.62 ;0 ;0 ;0 ;0 ;0 ;1 ;0 ;0 ;0 ;1 ;
143.06 ;2 ; ;0.62 ;0 ;-4.21 ;0.62 ;0 ;0 ;0 ;0 ;0 ;1 ;0 ;0 ;0 ;1 ;
143.08 ;2 ; ;0.62 ;0 ;-4.21 ;0.62 ;0 ;0 ;0 ;0 ;0 ;1 ;0 ;0 ;0 ;1 ;
143.1 ;2 ; ;0.62 ;0 ;-4.21 ;0.62 ;0 ;0 ;0 ;0 ;0 ;1 ;0 ;0 ;0 ;1 ;
143.12 ;2 ; ;0.62 ;0 ;-4.21 ;0.62 ;0 ;0 ;0 ;0 ;0 ;1 ;0 ;0 ;0 ;1 ;
143.14 ;2 ; ;0.62 ;0 ;-4.21 ;0.62 ;0 ;0 ;0 ;0 ;0 ;1 ;0 ;0 ;0 ;1 ;
143.16 ;2 ; ;0.62 ;0 ;-4.21 ;0.62 ;0 ;0 ;0 ;0 ;0 ;1 ;0 ;0 ;0 ;1 ;
143.18 ;2 ; ;0.62 ;0 ;-4.21 ;0.62 ;0 ;0 ;0 ;0 ;0 ;1 ;0 ;0 ;0 ;1 ;
143.2 ;2 ; ;0.62 ;0 ;-4.21 ;0.62 ;0 ;0 ;0 ;0 ;0 ;1 ;0 ;0 ;0 ;1 ;
143.22 ;2 ; ;0.62 ;0 ;-4.21 ;0.62 ;0 ;0 ;0 ;0 ;0 ;1 ;0 ;0 ;0 ;1 ;
143.24 ;2 ; ;0.62 ;0 ;-4.21 ;0.62 ;0 ;0 ;0 ;0 ;0 ;1 ;0 ;0 ;0 ;1 ;
143.26 ;2 ; ;0.62 ;0 ;-4.21 ;0.62 ;0 ;0 ;0 ;0 ;0 ;1 ;0 ;0 ;0 ;1 ;
143.28 ;2 ; ;0.62 ;0 ;-4.21 ;0.62 ;0 ;0 ;0 ;0 ;0 ;1 ;0 ;0 ;0 ;1 ;
143.3 ;2 ; ;0.62 ;0 ;-4.21 ;0.62 ;0 ;0 ;0 ;0 ;0 ;1 ;0 ;0 ;0 ;1 ;
143.32 ;2 ; ;0.62 ;0 ;-4.21 ;0.62 ;0 ;0 ;0 ;0 ;0 ;1 ;0 ;0 ;0 ;1 ;
143.34 ;2 ; ;0.62 ;0 ;-4.21 ;0.62 ;0 ;0 ;0 ;0 ;0 ;1 ;0 ;0 ;0 ;1 ;
143.36 ;2 ; ;0.62 ;0 ;-4.21 ;0.62 ;0 ;0 ;0 ;0 ;0 ;1 ;0 ;0 ;0 ;1 ;
143.38 ;2 ; ;0.62 ;0 ;-4.21 ;0.62 ;0 ;0 ;0 ;0 ;0 ;1 ;0 ;0 ;0 ;1 ;
143.4 ;2 ; ;0.62 ;0 ;-4.21 ;0.62 ;0 ;0 ;0 ;0 ;0 ;1 ;0 ;0 ;0 ;1 ;
143.42 ;2 ; ;0.62 ;0 ;-4.21 ;0.62 ;0 ;0 ;0 ;0 ;0 ;1 ;0 ;0 ;0 ;1 ;
143.44 ;2 ; ;0.62 ;0 ;-4.21 ;0.62 ;0 ;0 ;0 ;0 ;0 ;1 ;0 ;0 ;0 ;1 ;
143.46 ;2 ; ;0.62 ;0 ;-4.21 ;0.62 ;0 ;0 ;0 ;0 ;0 ;1 ;0 ;0 ;0 ;1 ;
143.48 ;2 ; ;0.62 ;0 ;-4.21 ;0.62 ;0 ;0 ;0 ;0 ;0 ;1 ;0 ;0 ;0 ;1 ;
143.5 ;2 ; ;0.62 ;0 ;-4.21 ;0.62 ;0 ;0 ;0 ;0 ;0 ;1 ;0 ;0 ;0 ;1 ;
143.52 ;2 ; ;0.62 ;0 ;-4.21 ;0.62 ;0 ;0 ;0 ;0 ;0 ;1 ;0 ;0 ;0 ;1 ;
143.54 ;2 ; ;0.62 ;0 ;-4.21 ;0.62 ;0 ;0 ;0 ;0 ;0 ;1 ;0 ;0 ;0 ;1 ;
143.56 ;2 ; ;0.62 ;0 ;-4.21 ;0.62 ;0 ;0 ;0 ;0 ;0 ;1 ;0 ;0 ;0 ;1 ;
143.58 ;2 ; ;0.62 ;0 ;-4.21 ;0.62 ;0 ;0 ;0 ;0 ;0 ;1 ;0 ;0 ;0 ;1 ;
143.6 ;2 ; ;0.62 ;0 ;-4.21 ;0.62 ;0 ;0 ;0 ;0 ;0 ;1 ;0 ;0 ;0 ;1 ;
143.62 ;2 ; ;0.62 ;0 ;-4.21 ;0.62 ;0 ;0 ;0 ;0 ;0 ;1 ;0 ;0 ;0 ;1 ;
143.64 ;2 ; ;0.62 ;0 ;-4.21 ;0.62 ;0 ;0 ;0 ;0 ;0 ;1 ;0 ;0 ;0 ;1 ;
143.66 ;2 ; ;0.62 ;0 ;-4.21 ;0.62 ;0 ;0 ;0 ;0 ;0 ;1 ;0 ;0 ;0 ;1 ;
143.68 ;2 ; ;0.62 ;0 ;-4.21 ;0.62 ;0 ;0 ;0 ;0 ;0 ;1 ;0 ;0 ;0 ;1 ;
143.7 ;2 ; ;0.62 ;0 ;-4.21 ;0.62 ;0 ;0 ;0 ;0 ;0 ;1 ;0 ;0 ;0 ;1 ;
143.72 ;2 ; ;0.62 ;0 ;-4.21 ;0.62 ;0 ;0 ;0 ;0 ;0 ;1 ;0 ;0 ;0 ;1 ;
143.74 ;2 ; ;0.62 ;0 ;-4.21 ;0.62 ;0 ;0 ;0 ;0 ;0 ;1 ;0 ;0 ;0 ;1 ;
143.76 ;2 ; ;0.62 ;0 ;-4.21 ;0.62 ;0 ;0 ;0 ;0 ;0 ;1 ;0 ;0 ;0 ;1 ;
143.78 ;2 ; ;0.62 ;0 ;-4.21 ;0.62 ;0 ;0 ;0 ;0 ;0 ;1 ;0 ;0 ;0 ;1 ;
143.8 ;2 ; ;0.62 ;0 ;-4.21 ;0.62 ;0 ;0 ;0 ;0 ;0 ;1 ;0 ;0 ;0 ;1 ;
143.82 ;2 ; ;0.62 ;0 ;-4.21 ;0.62 ;0 ;0 ;0 ;0 ;0 ;1 ;0 ;0 ;0 ;1 ;
143.84 ;2 ; ;0.62 ;0 ;-4.21 ;0.62 ;0 ;0 ;0 ;0 ;0 ;1 ;0 ;0 ;0 ;1 ;
143.86 ;2 ; ;0.62 ;0 ;-4.21 ;0.62 ;0 ;0 ;0 ;0 ;0 ;1 ;0 ;0 ;0 ;1 ;
143.88 ;2 ; ;0.62 ;0 ;-4.21 ;0.62 ;0 ;0 ;0 ;0 ;0 ;1 ;0 ;0 ;0 ;1 ;
143.9 ;2 ; ;0.62 ;0 ;-4.21 ;0.62 ;0 ;0 ;0 ;0 ;0 ;1 ;0 ;0 ;0 ;1 ;
143.92 ;2 ; ;0.62 ;0 ;-4.21 ;0.62 ;0 ;0 ;0 ;0 ;0 ;1 ;0 ;0 ;0 ;1 ;
143.94 ;2 ; ;0.62 ;0 ;-4.21 ;0.62 ;0 ;0 ;0 ;0 ;0 ;1 ;0 ;0 ;0 ;1 ;
143.96 ;2 ; ;0.62 ;0 ;-4.21 ;0.62 ;0 ;0 ;0 ;0 ;0 ;1 ;0 ;0 ;0 ;1 ;
143.98 ;2 ; ;0.62 ;0 ;-4.21 ;0.62 ;0 ;0 ;0 ;0 ;0 ;1 ;0 ;0 ;0 ;1 ;
144 ;2 ; ;0.62 ;0 ;-4.21 ;0.62 ;0 ;0 ;0 ;0 ;0 ;1 ;0 ;0 ;0 ;1 ;
144.02 ;2 ; ;0.62 ;0 ;-4.21 ;0.62 ;0 ;0 ;0 ;0 ;0 ;1 ;0 ;0 ;0 ;1 ;
144.04 ;2 ; ;0.62 ;0 ;-4.21 ;0.62 ;0 ;0 ;0 ;0 ;0 ;1 ;0 ;0 ;0 ;1 ;
144.06 ;2 ; ;0.62 ;0 ;-4.21 ;0.62 ;0 ;0 ;0 ;0 ;0 ;1 ;0 ;0 ;0 ;1 ;
144.08 ;2 ; ;0.62 ;0 ;-4.21 ;0.62 ;0 ;0 ;0 ;0 ;0 ;1 ;0 ;0 ;0 ;1 ;
144.1 ;2 ; ;0.62 ;0 ;-4.21 ;0.62 ;0 ;0 ;0 ;0 ;0 ;1 ;0 ;0 ;0 ;1 ;
144.12 ;2 ; ;0.62 ;0 ;-4.21 ;0.62 ;0 ;0 ;0 ;0 ;0 ;1 ;0 ;0 ;0 ;1 ;
144.14 ;2 ; ;0.62 ;0 ;-4.21 ;0.62 ;0 ;0 ;0 ;0 ;0 ;1 ;0 ;0 ;0 ;1 ;
144.16 ;2 ; ;0.62 ;0 ;-4.21 ;0.62 ;0 ;0 ;0 ;0 ;0 ;1 ;0 ;0 ;0 ;1 ;
144.18 ;2 ; ;0.62 ;0 ;-4.21 ;0.62 ;0 ;0 ;0 ;0 ;0 ;1 ;0 ;0 ;0 ;1 ;
144.2 ;2 ; ;0.62 ;0 ;-4.21 ;0.62 ;0 ;0 ;0 ;0 ;0 ;1 ;0 ;0 ;0 ;1 ;
144.22 ;2 ; ;0.62 ;0 ;-4.21 ;0.62 ;0 ;0 ;0 ;0 ;0 ;1 ;0 ;0 ;0 ;1 ;
144.24 ;2 ; ;0.62 ;0 ;-4.21 ;0.62 ;0 ;0 ;0 ;0 ;0 ;1 ;0 ;0 ;0 ;1 ;
144.26 ;2 ; ;0.62 ;0 ;-4.21 ;0.62 ;0 ;0 ;0 ;0 ;0 ;1 ;0 ;0 ;0 ;1 ;
144.28 ;2 ; ;0.62 ;0 ;-4.21 ;0.62 ;0 ;0 ;0 ;0 ;0 ;1 ;0 ;0 ;0 ;1 ;
144.3 ;2 ; ;0.62 ;0 ;-4.21 ;0.62 ;0 ;0 ;0 ;0 ;0 ;1 ;0 ;0 ;0 ;1 ;
144.32 ;2 ; ;0.62 ;0 ;-4.21 ;0.62 ;0 ;0 ;0 ;0 ;0 ;1 ;0 ;0 ;0 ;1 ;
144.34 ;2 ; ;0.62 ;0 ;-4.21 ;0.62 ;0 ;0 ;0 ;0 ;0 ;1 ;0 ;0 ;0 ;1 ;
144.36 ;2 ; ;0.62 ;0 ;-4.21 ;0.62 ;0 ;0 ;0 ;0 ;0 ;1 ;0 ;0 ;0 ;1 ;
144.38 ;2 ; ;0.62 ;0 ;-4.21 ;0.62 ;0 ;0 ;0 ;0 ;0 ;1 ;0 ;0 ;0 ;1 ;
144.4 ;2 ; ;0.62 ;0 ;-4.21 ;0.62 ;0 ;0 ;0 ;0 ;0 ;1 ;0 ;0 ;0 ;1 ;
144.42 ;2 ; ;0.62 ;0 ;-4.21 ;0.62 ;0 ;0 ;0 ;0 ;0 ;1 ;0 ;0 ;0 ;1 ;
144.44 ;2 ; ;0.62 ;0 ;-4.21 ;0.62 ;0 ;0 ;0 ;0 ;0 ;1 ;0 ;0 ;0 ;1 ;
144.46 ;2 ; ;0.62 ;0 ;-4.21 ;0.62 ;0 ;0 ;0 ;0 ;0 ;1 ;0 ;0 ;0 ;1 ;
144.48 ;2 ; ;0.62 ;0 ;-4.21 ;0.62 ;0 ;0 ;0 ;0 ;0 ;1 ;0 ;0 ;0 ;1 ;
144.5 ;2 ; ;0.62 ;0 ;-4.21 ;0.62 ;0 ;0 ;0 ;0 ;0 ;1 ;0 ;0 ;0 ;1 ;
144.52 ;2 ; ;0.62 ;0 ;-4.21 ;0.62 ;0 ;0 ;0 ;0 ;0 ;1 ;0 ;0 ;0 ;1 ;
144.54 ;2 ; ;0.62 ;0 ;-4.21 ;0.62 ;0 ;0 ;0 ;0 ;0 ;1 ;0 ;0 ;0 ;1 ;
144.56 ;2 ; ;0.62 ;0 ;-4.21 ;0.62 ;0 ;0 ;0 ;0 ;0 ;1 ;0 ;0 ;0 ;1 ;
144.58 ;2 ; ;0.62 ;0 ;-4.21 ;0.62 ;0 ;0 ;0 ;0 ;0 ;1 ;0 ;0 ;0 ;1 ;
144.6 ;2 ; ;0.62 ;0 ;-4.21 ;0.62 ;0 ;0 ;0 ;0 ;0 ;1 ;0 ;0 ;0 ;1 ;
144.62 ;2 ; ;0.62 ;0 ;-4.21 ;0.62 ;0 ;0 ;0 ;0 ;0 ;1 ;0 ;0 ;0 ;1 ;
144.64 ;2 ; ;0.62 ;0 ;-4.21 ;0.62 ;0 ;0 ;0 ;0 ;0 ;1 ;0 ;0 ;0 ;1 ;
144.66 ;2 ; ;0.62 ;0 ;-4.21 ;0.62 ;0 ;0 ;0 ;0 ;0 ;1 ;0 ;0 ;0 ;1 ;
144.68 ;2 ; ;0.62 ;0 ;-4.21 ;0.62 ;0 ;0 ;0 ;0 ;0 ;1 ;0 ;0 ;0 ;1 ;
144.7 ;2 ; ;0.62 ;0 ;-4.21 ;0.62 ;0 ;0 ;0 ;0 ;0 ;1 ;0 ;0 ;0 ;1 ;
144.72 ;2 ; ;0.62 ;0 ;-4.21 ;0.62 ;0 ;0 ;0 ;0 ;0 ;1 ;0 ;0 ;0 ;1 ;
144.74 ;2 ; ;0.62 ;0 ;-4.21 ;0.62 ;0 ;0 ;0 ;0 ;0 ;1 ;0 ;0 ;0 ;1 ;
144.76 ;2 ; ;0.62 ;0 ;-4.21 ;0.62 ;0 ;0 ;0 ;0 ;0 ;1 ;0 ;0 ;0 ;1 ;
144.78 ;2 ; ;0.62 ;0 ;-4.21 ;0.62 ;0 ;0 ;0 ;0 ;0 ;1 ;0 ;0 ;0 ;1 ;
144.8 ;2 ; ;0.62 ;0 ;-4.21 ;0.62 ;0 ;0 ;0 ;0 ;0 ;1 ;0 ;0 ;0 ;1 ;
144.82 ;2 ; ;0.62 ;0 ;-4.21 ;0.62 ;0 ;0 ;0 ;0 ;0 ;1 ;0 ;0 ;0 ;1 ;
144.84 ;2 ; ;0.62 ;0 ;-4.21 ;0.62 ;0 ;0 ;0 ;0 ;0 ;1 ;0 ;0 ;0 ;1 ;
144.86 ;2 ; ;0.62 ;0 ;-4.21 ;0.62 ;0 ;0 ;0 ;0 ;0 ;1 ;0 ;0 ;0 ;1 ;
144.88 ;2 ; ;0.62 ;0 ;-4.21 ;0.62 ;0 ;0 ;0 ;0 ;0 ;1 ;0 ;0 ;0 ;1 ;
144.9 ;2 ; ;0.62 ;0 ;-4.21 ;0.62 ;0 ;0 ;0 ;0 ;0 ;1 ;0 ;0 ;0 ;1 ;
144.92 ;2 ; ;0.62 ;0 ;-4.21 ;0.62 ;0 ;0 ;0 ;0 ;0 ;1 ;0 ;0 ;0 ;1 ;
144.94 ;2 ; ;0.62 ;0 ;-4.21 ;0.62 ;0 ;0 ;0 ;0 ;0 ;1 ;0 ;0 ;0 ;1 ;
144.96 ;2 ; ;0.62 ;0 ;-4.21 ;0.62 ;0 ;0 ;0 ;0 ;0 ;1 ;0 ;0 ;0 ;1 ;
144.98 ;2 ; ;0.62 ;0 ;-4.21 ;0.62 ;0 ;0 ;0 ;0 ;0 ;1 ;0 ;0 ;0 ;1 ;
145 ;2 ; ;0.62 ;0 ;-4.21 ;0.62 ;0 ;0 ;0 ;0 ;0 ;1 ;0 ;0 ;0 ;1 ;
145.02 ;2 ; ;0.62 ;0 ;-4.21 ;0.62 ;0 ;0 ;0 ;0 ;0 ;1 ;0 ;0 ;0 ;1 ;
145.04 ;2 ; ;0.62 ;0 ;-4.21 ;0.62 ;0 ;0 ;0 ;0 ;0 ;1 ;0 ;0 ;0 ;1 ;
145.06 ;2 ; ;0.62 ;0 ;-4.21 ;0.62 ;0 ;0 ;0 ;0 ;0 ;1 ;0 ;0 ;0 ;1 ;
145.08 ;2 ; ;0.62 ;0 ;-4.21 ;0.62 ;0 ;0 ;0 ;0 ;0 ;1 ;0 ;0 ;0 ;1 ;
145.1 ;2 ; ;0.62 ;0 ;-4.21 ;0.62 ;0 ;0 ;0 ;0 ;0 ;1 ;0 ;0 ;0 ;1 ;
145.12 ;2 ; ;0.62 ;0 ;-4.21 ;0.62 ;0 ;0 ;0 ;0 ;0 ;1 ;0 ;0 ;0 ;1 ;
145.14 ;2 ; ;0.62 ;0 ;-4.21 ;0.62 ;0 ;0 ;0 ;0 ;0 ;1 ;0 ;0 ;0 ;1 ;
145.16 ;2 ; ;0.62 ;0 ;-4.21 ;0.62 ;0 ;0 ;0 ;0 ;0 ;1 ;0 ;0 ;0 ;1 ;
145.18 ;2 ; ;0.62 ;0 ;-4.21 ;0.62 ;0 ;0 ;0 ;0 ;0 ;1 ;0 ;0 ;0 ;1 ;
145.2 ;2 ; ;0.62 ;0 ;-4.21 ;0.62 ;0 ;0 ;0 ;0 ;0 ;1 ;0 ;0 ;0 ;1 ;
145.22 ;2 ; ;0.62 ;0 ;-4.21 ;0.62 ;0 ;0 ;0 ;0 ;0 ;1 ;0 ;0 ;0 ;1 ;
145.24 ;2 ; ;0.62 ;0 ;-4.21 ;0.62 ;0 ;0 ;0 ;0 ;0 ;1 ;0 ;0 ;0 ;1 ;
145.26 ;2 ; ;0.62 ;0 ;-4.21 ;0.62 ;0 ;0 ;0 ;0 ;0 ;1 ;0 ;0 ;0 ;1 ;
145.28 ;2 ; ;0.62 ;0 ;-4.21 ;0.62 ;0 ;0 ;0 ;0 ;0 ;1 ;0 ;0 ;0 ;1 ;
145.3 ;2 ; ;0.62 ;0 ;-4.21 ;0.62 ;0 ;0 ;0 ;0 ;0 ;1 ;0 ;0 ;0 ;1 ;
145.32 ;2 ; ;0.62 ;0 ;-4.21 ;0.62 ;0 ;0 ;0 ;0 ;0 ;1 ;0 ;0 ;0 ;1 ;
145.34 ;2 ; ;0.62 ;0 ;-4.21 ;0.62 ;0 ;0 ;0 ;0 ;0 ;1 ;0 ;0 ;0 ;1 ;
145.36 ;2 ; ;0.62 ;0 ;-4.21 ;0.62 ;0 ;0 ;0 ;0 ;0 ;1 ;0 ;0 ;0 ;1 ;
145.38 ;2 ; ;0.62 ;0 ;-4.21 ;0.62 ;0 ;0 ;0 ;0 ;0 ;1 ;0 ;0 ;0 ;1 ;
145.4 ;2 ; ;0.62 ;0 ;-4.21 ;0.62 ;0 ;0 ;0 ;0 ;0 ;1 ;0 ;0 ;0 ;1 ;
145.42 ;2 ; ;0.62 ;0 ;-4.21 ;0.62 ;0 ;0 ;0 ;0 ;0 ;1 ;0 ;0 ;0 ;1 ;
145.44 ;2 ; ;0.62 ;0 ;-4.21 ;0.62 ;0 ;0 ;0 ;0 ;0 ;1 ;0 ;0 ;0 ;1 ;
145.46 ;2 ; ;0.62 ;0 ;-4.21 ;0.62 ;0 ;0 ;0 ;0 ;0 ;1 ;0 ;0 ;0 ;1 ;
145.48 ;2 ; ;0.62 ;0 ;-4.21 ;0.62 ;0 ;0 ;0 ;0 ;0 ;1 ;0 ;0 ;0 ;1 ;
145.5 ;2 ; ;0.62 ;0 ;-4.21 ;0.62 ;0 ;0 ;0 ;0 ;0 ;1 ;0 ;0 ;0 ;1 ;
145.52 ;2 ; ;0.62 ;0 ;-4.21 ;0.62 ;0 ;0 ;0 ;0 ;0 ;1 ;0 ;0 ;0 ;1 ;
145.54 ;2 ; ;0.62 ;0 ;-4.21 ;0.62 ;0 ;0 ;0 ;0 ;0 ;1 ;0 ;0 ;0 ;1 ;
145.56 ;2 ; ;0.62 ;0 ;-4.21 ;0.62 ;0 ;0 ;0 ;0 ;0 ;1 ;0 ;0 ;0 ;1 ;
145.58 ;2 ; ;0.62 ;0 ;-4.21 ;0.62 ;0 ;0 ;0 ;0 ;0 ;1 ;0 ;0 ;0 ;1 ;
145.6 ;2 ; ;0.62 ;0 ;-4.21 ;0.62 ;0 ;0 ;0 ;0 ;0 ;1 ;0 ;0 ;0 ;1 ;
145.62 ;2 ; ;0.62 ;0 ;-4.21 ;0.62 ;0 ;0 ;0 ;0 ;0 ;1 ;0 ;0 ;0 ;1 ;
145.64 ;2 ; ;0.62 ;0 ;-4.21 ;0.62 ;0 ;0 ;0 ;0 ;0 ;1 ;0 ;0 ;0 ;1 ;
145.66 ;2 ; ;0.62 ;0 ;-4.21 ;0.62 ;0 ;0 ;0 ;0 ;0 ;1 ;0 ;0 ;0 ;1 ;
145.68 ;2 ; ;0.62 ;0 ;-4.21 ;0.62 ;0 ;0 ;0 ;0 ;0 ;1 ;0 ;0 ;0 ;1 ;
145.7 ;2 ; ;0.62 ;0 ;-4.21 ;0.62 ;0 ;0 ;0 ;0 ;0 ;1 ;0 ;0 ;0 ;1 ;
145.72 ;2 ; ;0.62 ;0 ;-4.21 ;0.62 ;0 ;0 ;0 ;0 ;0 ;1 ;0 ;0 ;0 ;1 ;
145.74 ;2 ; ;0.62 ;0 ;-4.21 ;0.62 ;0 ;0 ;0 ;0 ;0 ;1 ;0 ;0 ;0 ;1 ;
145.76 ;2 ; ;0.62 ;0 ;-4.21 ;0.62 ;0 ;0 ;0 ;0 ;0 ;1 ;0 ;0 ;0 ;1 ;
145.78 ;2 ; ;0.62 ;0 ;-4.21 ;0.62 ;0 ;0 ;0 ;0 ;0 ;1 ;0 ;0 ;0 ;1 ;
145.8 ;2 ; ;0.62 ;0 ;-4.21 ;0.62 ;0 ;0 ;0 ;0 ;0 ;1 ;0 ;0 ;0 ;1 ;
145.82 ;2 ; ;0.62 ;0 ;-4.21 ;0.62 ;0 ;0 ;0 ;0 ;0 ;1 ;0 ;0 ;0 ;1 ;
145.84 ;2 ; ;0.62 ;0 ;-4.21 ;0.62 ;0 ;0 ;0 ;0 ;0 ;1 ;0 ;0 ;0 ;1 ;
145.86 ;2 ; ;0.62 ;0 ;-4.21 ;0.62 ;0 ;0 ;0 ;0 ;0 ;1 ;0 ;0 ;0 ;1 ;
145.88 ;2 ; ;0.62 ;0 ;-4.21 ;0.62 ;0 ;0 ;0 ;0 ;0 ;1 ;0 ;0 ;0 ;1 ;
145.9 ;2 ; ;0.62 ;0 ;-4.21 ;0.62 ;0 ;0 ;0 ;0 ;0 ;1 ;0 ;0 ;0 ;1 ;
145.92 ;2 ; ;0.62 ;0 ;-4.21 ;0.62 ;0 ;0 ;0 ;0 ;0 ;1 ;0 ;0 ;0 ;1 ;
145.94 ;2 ; ;0.62 ;0 ;-4.21 ;0.62 ;0 ;0 ;0 ;0 ;0 ;1 ;0 ;0 ;0 ;1 ;
145.96 ;2 ; ;0.62 ;0 ;-4.21 ;0.62 ;0 ;0 ;0 ;0 ;0 ;1 ;0 ;0 ;0 ;1 ;
145.98 ;2 ; ;0.62 ;0 ;-4.21 ;0.62 ;0 ;0 ;0 ;0 ;0 ;1 ;0 ;0 ;0 ;1 ;
146 ;2 ; ;0.62 ;0 ;-4.21 ;0.62 ;0 ;0 ;0 ;0 ;0 ;1 ;0 ;0 ;0 ;1 ;
146.02 ;2 ; ;0.62 ;0 ;-4.21 ;0.62 ;0 ;0 ;0 ;0 ;0 ;1 ;0 ;0 ;0 ;1 ;
146.04 ;2 ; ;0.62 ;0 ;-4.21 ;0.62 ;0 ;0 ;0 ;0 ;0 ;1 ;0 ;0 ;0 ;1 ;
146.06 ;2 ; ;0.62 ;0 ;-4.21 ;0.62 ;0 ;0 ;0 ;0 ;0 ;1 ;0 ;0 ;0 ;1 ;
146.08 ;2 ; ;0.62 ;0 ;-4.21 ;0.62 ;0 ;0 ;0 ;0 ;0 ;1 ;0 ;0 ;0 ;1 ;
146.1 ;2 ; ;0.62 ;0 ;-4.21 ;0.62 ;0 ;0 ;0 ;0 ;0 ;1 ;0 ;0 ;0 ;1 ;
146.12 ;2 ; ;0.62 ;0 ;-4.21 ;0.62 ;0 ;0 ;0 ;0 ;0 ;1 ;0 ;0 ;0 ;1 ;
146.14 ;2 ; ;0.62 ;0 ;-4.21 ;0.62 ;0 ;0 ;0 ;0 ;0 ;1 ;0 ;0 ;0 ;1 ;
146.16 ;2 ; ;0.62 ;0 ;-4.21 ;0.62 ;0 ;0 ;0 ;0 ;0 ;1 ;0 ;0 ;0 ;1 ;
146.18 ;2 ; ;0.62 ;0 ;-4.21 ;0.62 ;0 ;0 ;0 ;0 ;0 ;1 ;0 ;0 ;0 ;1 ;
146.2 ;2 ; ;0.62 ;0 ;-4.21 ;0.62 ;0 ;0 ;0 ;0 ;0 ;1 ;0 ;0 ;0 ;1 ;
146.22 ;2 ; ;0.62 ;0 ;-4.21 ;0.62 ;0 ;0 ;0 ;0 ;0 ;1 ;0 ;0 ;0 ;1 ;
146.24 ;2 ; ;0.62 ;0 ;-4.21 ;0.62 ;0 ;0 ;0 ;0 ;0 ;1 ;0 ;0 ;0 ;1 ;
146.26 ;2 ; ;0.62 ;0 ;-4.21 ;0.62 ;0 ;0 ;0 ;0 ;0 ;1 ;0 ;0 ;0 ;1 ;
146.28 ;2 ; ;0.62 ;0 ;-4.21 ;0.62 ;0 ;0 ;0 ;0 ;0 ;1 ;0 ;0 ;0 ;1 ;
146.3 ;2 ; ;0.62 ;0 ;-4.21 ;0.62 ;0 ;0 ;0 ;0 ;0 ;1 ;0 ;0 ;0 ;1 ;
146.32 ;2 ; ;0.62 ;0 ;-4.21 ;0.62 ;0 ;0 ;0 ;0 ;0 ;1 ;0 ;0 ;0 ;1 ;
146.34 ;2 ; ;0.62 ;0 ;-4.21 ;0.62 ;0 ;0 ;0 ;0 ;0 ;1 ;0 ;0 ;0 ;1 ;
146.36 ;2 ; ;0.62 ;0 ;-4.21 ;0.62 ;0 ;0 ;0 ;0 ;0 ;1 ;0 ;0 ;0 ;1 ;
146.38 ;2 ; ;0.62 ;0 ;-4.21 ;0.62 ;0 ;0 ;0 ;0 ;0 ;1 ;0 ;0 ;0 ;1 ;
146.4 ;2 ; ;0.62 ;0 ;-4.21 ;0.62 ;0 ;0 ;0 ;0 ;0 ;1 ;0 ;0 ;0 ;1 ;
146.42 ;2 ; ;0.62 ;0 ;-4.21 ;0.62 ;0 ;0 ;0 ;0 ;0 ;1 ;0 ;0 ;0 ;1 ;
146.44 ;2 ; ;0.62 ;0 ;-4.21 ;0.62 ;0 ;0 ;0 ;0 ;0 ;1 ;0 ;0 ;0 ;1 ;
146.46 ;2 ; ;0.62 ;0 ;-4.21 ;0.62 ;0 ;0 ;0 ;0 ;0 ;1 ;0 ;0 ;0 ;1 ;
146.48 ;2 ; ;0.62 ;0 ;-4.21 ;0.62 ;0 ;0 ;0 ;0 ;0 ;1 ;0 ;0 ;0 ;1 ;
146.5 ;2 ; ;0.62 ;0 ;-4.21 ;0.62 ;0 ;0 ;0 ;0 ;0 ;1 ;0 ;0 ;0 ;1 ;
146.52 ;2 ; ;0.62 ;0 ;-4.21 ;0.62 ;0 ;0 ;0 ;0 ;0 ;1 ;0 ;0 ;0 ;1 ;
146.54 ;2 ; ;0.62 ;0 ;-4.21 ;0.62 ;0 ;0 ;0 ;0 ;0 ;1 ;0 ;0 ;0 ;1 ;
146.56 ;2 ; ;0.62 ;0 ;-4.21 ;0.62 ;0 ;0 ;0 ;0 ;0 ;1 ;0 ;0 ;0 ;1 ;
146.58 ;2 ; ;0.62 ;0 ;-4.21 ;0.62 ;0 ;0 ;0 ;0 ;0 ;1 ;0 ;0 ;0 ;1 ;
146.6 ;2 ; ;0.62 ;0 ;-4.21 ;0.62 ;0 ;0 ;0 ;0 ;0 ;1 ;0 ;0 ;0 ;1 ;
146.62 ;2 ; ;0.62 ;0 ;-4.21 ;0.62 ;0 ;0 ;0 ;0 ;0 ;1 ;0 ;0 ;0 ;1 ;
146.64 ;2 ; ;0.62 ;0 ;-4.21 ;0.62 ;0 ;0 ;0 ;0 ;0 ;1 ;0 ;0 ;0 ;1 ;
146.66 ;2 ; ;0.62 ;0 ;-4.21 ;0.62 ;0 ;0 ;0 ;0 ;0 ;1 ;0 ;0 ;0 ;1 ;
146.68 ;2 ; ;0.62 ;0 ;-4.21 ;0.62 ;0 ;0 ;0 ;0 ;0 ;1 ;0 ;0 ;0 ;1 ;
146.7 ;2 ; ;0.62 ;0 ;-4.21 ;0.62 ;0 ;0 ;0 ;0 ;0 ;1 ;0 ;0 ;0 ;1 ;
146.72 ;2 ; ;0.62 ;0 ;-4.21 ;0.62 ;0 ;0 ;0 ;0 ;0 ;1 ;0 ;0 ;0 ;1 ;
146.74 ;2 ; ;0.62 ;0 ;-4.21 ;0.62 ;0 ;0 ;0 ;0 ;0 ;1 ;0 ;0 ;0 ;1 ;
146.76 ;2 ; ;0.62 ;0 ;-4.21 ;0.62 ;0 ;0 ;0 ;0 ;0 ;1 ;0 ;0 ;0 ;1 ;
146.78 ;2 ; ;0.62 ;0 ;-4.21 ;0.62 ;0 ;0 ;0 ;0 ;0 ;1 ;0 ;0 ;0 ;1 ;
146.8 ;2 ; ;0.62 ;0 ;-4.21 ;0.62 ;0 ;0 ;0 ;0 ;0 ;1 ;0 ;0 ;0 ;1 ;
146.82 ;2 ; ;0.62 ;0 ;-4.21 ;0.62 ;0 ;0 ;0 ;0 ;0 ;1 ;0 ;0 ;0 ;1 ;
146.84 ;2 ; ;0.62 ;0 ;-4.21 ;0.62 ;0 ;0 ;0 ;0 ;0 ;1 ;0 ;0 ;0 ;1 ;
146.86 ;2 ; ;0.62 ;0 ;-4.21 ;0.62 ;0 ;0 ;0 ;0 ;0 ;1 ;0 ;0 ;0 ;1 ;
146.88 ;2 ; ;0.62 ;0 ;-4.21 ;0.62 ;0 ;0 ;0 ;0 ;0 ;1 ;0 ;0 ;0 ;1 ;
146.9 ;2 ; ;0.62 ;0 ;-4.21 ;0.62 ;0 ;0 ;0 ;0 ;0 ;1 ;0 ;0 ;0 ;1 ;
146.92 ;2 ; ;0.62 ;0 ;-4.21 ;0.62 ;0 ;0 ;0 ;0 ;0 ;1 ;0 ;0 ;0 ;1 ;
146.94 ;2 ; ;0.62 ;0 ;-4.21 ;0.62 ;0 ;0 ;0 ;0 ;0 ;1 ;0 ;0 ;0 ;1 ;
146.96 ;2 ; ;0.62 ;0 ;-4.21 ;0.62 ;0 ;0 ;0 ;0 ;0 ;1 ;0 ;0 ;0 ;1 ;
146.98 ;2 ; ;0.62 ;0 ;-4.21 ;0.62 ;0 ;0 ;0 ;0 ;0 ;1 ;0 ;0 ;0 ;1 ;
147 ;2 ; ;0.62 ;0 ;-4.21 ;0.62 ;0 ;0 ;0 ;0 ;0 ;1 ;0 ;0 ;0 ;1 ;
147.02 ;2 ; ;0.62 ;0 ;-4.21 ;0.62 ;0 ;0 ;0 ;0 ;0 ;1 ;0 ;0 ;0 ;1 ;
147.04 ;2 ; ;0.62 ;0 ;-4.21 ;0.62 ;0 ;0 ;0 ;0 ;0 ;1 ;0 ;0 ;0 ;1 ;
147.06 ;2 ; ;0.62 ;0 ;-4.21 ;0.62 ;0 ;0 ;0 ;0 ;0 ;1 ;0 ;0 ;0 ;1 ;
147.08 ;2 ; ;0.62 ;0 ;-4.21 ;0.62 ;0 ;0 ;0 ;0 ;0 ;1 ;0 ;0 ;0 ;1 ;
147.1 ;2 ; ;0.62 ;0 ;-4.21 ;0.62 ;0 ;0 ;0 ;0 ;0 ;1 ;0 ;0 ;0 ;1 ;
147.12 ;2 ; ;0.62 ;0 ;-4.21 ;0.62 ;0 ;0 ;0 ;0 ;0 ;1 ;0 ;0 ;0 ;1 ;
147.14 ;2 ; ;0.62 ;0 ;-4.21 ;0.62 ;0 ;0 ;0 ;0 ;0 ;1 ;0 ;0 ;0 ;1 ;
147.16 ;2 ; ;0.62 ;0 ;-4.21 ;0.62 ;0 ;0 ;0 ;0 ;0 ;1 ;0 ;0 ;0 ;1 ;
147.18 ;2 ; ;0.62 ;0 ;-4.21 ;0.62 ;0 ;0 ;0 ;0 ;0 ;1 ;0 ;0 ;0 ;1 ;
147.2 ;2 ; ;0.62 ;0 ;-4.21 ;0.62 ;0 ;0 ;0 ;0 ;0 ;1 ;0 ;0 ;0 ;1 ;
147.22 ;2 ; ;0.62 ;0 ;-4.21 ;0.62 ;0 ;0 ;0 ;0 ;0 ;1 ;0 ;0 ;0 ;1 ;
147.24 ;2 ; ;0.62 ;0 ;-4.21 ;0.62 ;0 ;0 ;0 ;0 ;0 ;1 ;0 ;0 ;0 ;1 ;
147.26 ;2 ; ;0.62 ;0 ;-4.21 ;0.62 ;0 ;0 ;0 ;0 ;0 ;1 ;0 ;0 ;0 ;1 ;
147.28 ;2 ; ;0.62 ;0 ;-4.21 ;0.62 ;0 ;0 ;0 ;0 ;0 ;1 ;0 ;0 ;0 ;1 ;
147.3 ;2 ; ;0.62 ;0 ;-4.21 ;0.62 ;0 ;0 ;0 ;0 ;0 ;1 ;0 ;0 ;0 ;1 ;
147.32 ;2 ; ;0.62 ;0 ;-4.21 ;0.62 ;0 ;0 ;0 ;0 ;0 ;1 ;0 ;0 ;0 ;1 ;
147.34 ;2 ; ;0.62 ;0 ;-4.21 ;0.62 ;0 ;0 ;0 ;0 ;0 ;1 ;0 ;0 ;0 ;1 ;
147.36 ;2 ; ;0.62 ;0 ;-4.21 ;0.62 ;0 ;0 ;0 ;0 ;0 ;1 ;0 ;0 ;0 ;1 ;
147.38 ;2 ; ;0.62 ;0 ;-4.21 ;0.62 ;0 ;0 ;0 ;0 ;0 ;1 ;0 ;0 ;0 ;1 ;
147.4 ;2 ; ;0.62 ;0 ;-4.21 ;0.62 ;0 ;0 ;0 ;0 ;0 ;1 ;0 ;0 ;0 ;1 ;
147.42 ;2 ; ;0.62 ;0 ;-4.21 ;0.62 ;0 ;0 ;0 ;0 ;0 ;1 ;0 ;0 ;0 ;1 ;
147.44 ;2 ; ;0.62 ;0 ;-4.21 ;0.62 ;0 ;0 ;0 ;0 ;0 ;1 ;0 ;0 ;0 ;1 ;
147.46 ;2 ; ;0.62 ;0 ;-4.21 ;0.62 ;0 ;0 ;0 ;0 ;0 ;1 ;0 ;0 ;0 ;1 ;
147.48 ;2 ; ;0.62 ;0 ;-4.21 ;0.62 ;0 ;0 ;0 ;0 ;0 ;1 ;0 ;0 ;0 ;1 ;
147.5 ;2 ; ;0.62 ;0 ;-4.21 ;0.62 ;0 ;0 ;0 ;0 ;0 ;1 ;0 ;0 ;0 ;1 ;
147.52 ;2 ; ;0.62 ;0 ;-4.21 ;0.62 ;0 ;0 ;0 ;0 ;0 ;1 ;0 ;0 ;0 ;1 ;
147.54 ;2 ; ;0.62 ;0 ;-4.21 ;0.62 ;0 ;0 ;0 ;0 ;0 ;1 ;0 ;0 ;0 ;1 ;
147.56 ;2 ; ;0.62 ;0 ;-4.21 ;0.62 ;0 ;0 ;0 ;0 ;0 ;1 ;0 ;0 ;0 ;1 ;
147.58 ;2 ; ;0.62 ;0 ;-4.21 ;0.62 ;0 ;0 ;0 ;0 ;0 ;1 ;0 ;0 ;0 ;1 ;
147.6 ;2 ; ;0.62 ;0 ;-4.21 ;0.62 ;0 ;0 ;0 ;0 ;0 ;1 ;0 ;0 ;0 ;1 ;
147.62 ;2 ; ;0.62 ;0 ;-4.21 ;0.62 ;0 ;0 ;0 ;0 ;0 ;1 ;0 ;0 ;0 ;1 ;
147.64 ;2 ; ;0.62 ;0 ;-4.21 ;0.62 ;0 ;0 ;0 ;0 ;0 ;1 ;0 ;0 ;0 ;1 ;
147.66 ;2 ; ;0.62 ;0 ;-4.21 ;0.62 ;0 ;0 ;0 ;0 ;0 ;1 ;0 ;0 ;0 ;1 ;
147.68 ;2 ; ;0.62 ;0 ;-4.21 ;0.62 ;0 ;0 ;0 ;0 ;0 ;1 ;0 ;0 ;0 ;1 ;
147.7 ;2 ; ;0.62 ;0 ;-4.21 ;0.62 ;0 ;0 ;0 ;0 ;0 ;1 ;0 ;0 ;0 ;1 ;
147.72 ;2 ; ;0.62 ;0 ;-4.21 ;0.62 ;0 ;0 ;0 ;0 ;0 ;1 ;0 ;0 ;0 ;1 ;
147.74 ;2 ; ;0.62 ;0 ;-4.21 ;0.62 ;0 ;0 ;0 ;0 ;0 ;1 ;0 ;0 ;0 ;1 ;
147.76 ;2 ; ;0.62 ;0 ;-4.21 ;0.62 ;0 ;0 ;0 ;0 ;0 ;1 ;0 ;0 ;0 ;1 ;
147.78 ;2 ; ;0.62 ;0 ;-4.21 ;0.62 ;0 ;0 ;0 ;0 ;0 ;1 ;0 ;0 ;0 ;1 ;
147.8 ;2 ; ;0.62 ;0 ;-4.21 ;0.62 ;0 ;0 ;0 ;0 ;0 ;1 ;0 ;0 ;0 ;1 ;
147.82 ;2 ; ;0.62 ;0 ;-4.21 ;0.62 ;0 ;0 ;0 ;0 ;0 ;1 ;0 ;0 ;0 ;1 ;
147.84 ;2 ; ;0.62 ;0 ;-4.21 ;0.62 ;0 ;0 ;0 ;0 ;0 ;1 ;0 ;0 ;0 ;1 ;
147.86 ;2 ; ;0.62 ;0 ;-4.21 ;0.62 ;0 ;0 ;0 ;0 ;0 ;1 ;0 ;0 ;0 ;1 ;
147.88 ;2 ; ;0.62 ;0 ;-4.21 ;0.62 ;0 ;0 ;0 ;0 ;0 ;1 ;0 ;0 ;0 ;1 ;
147.9 ;2 ; ;0.62 ;0 ;-4.21 ;0.62 ;0 ;0 ;0 ;0 ;0 ;1 ;0 ;0 ;0 ;1 ;
147.92 ;2 ; ;0.62 ;0 ;-4.21 ;0.62 ;0 ;0 ;0 ;0 ;0 ;1 ;0 ;0 ;0 ;1 ;
147.94 ;2 ; ;0.62 ;0 ;-4.21 ;0.62 ;0 ;0 ;0 ;0 ;0 ;1 ;0 ;0 ;0 ;1 ;
147.96 ;2 ; ;0.62 ;0 ;-4.21 ;0.62 ;0 ;0 ;0 ;0 ;0 ;1 ;0 ;0 ;0 ;1 ;
147.98 ;2 ; ;0.62 ;0 ;-4.21 ;0.62 ;0 ;0 ;0 ;0 ;0 ;1 ;0 ;0 ;0 ;1 ;
148 ;2 ; ;0.62 ;0 ;-4.21 ;0.62 ;0 ;0 ;0 ;0 ;0 ;1 ;0 ;0 ;0 ;1 ;
148.02 ;2 ; ;0.62 ;0 ;-4.21 ;0.62 ;0 ;0 ;0 ;0 ;0 ;1 ;0 ;0 ;0 ;1 ;
148.04 ;2 ; ;0.62 ;0 ;-4.21 ;0.62 ;0 ;0 ;0 ;0 ;0 ;1 ;0 ;0 ;0 ;1 ;
148.06 ;2 ; ;0.62 ;0 ;-4.21 ;0.62 ;0 ;0 ;0 ;0 ;0 ;1 ;0 ;0 ;0 ;1 ;
148.08 ;2 ; ;0.62 ;0 ;-4.21 ;0.62 ;0 ;0 ;0 ;0 ;0 ;1 ;0 ;0 ;0 ;1 ;
148.1 ;2 ; ;0.62 ;0 ;-4.21 ;0.62 ;0 ;0 ;0 ;0 ;0 ;1 ;0 ;0 ;0 ;1 ;
148.12 ;2 ; ;0.62 ;0 ;-4.21 ;0.62 ;0 ;0 ;0 ;0 ;0 ;1 ;0 ;0 ;0 ;1 ;
148.14 ;2 ; ;0.62 ;0 ;-4.21 ;0.62 ;0 ;0 ;0 ;0 ;0 ;1 ;0 ;0 ;0 ;1 ;
148.16 ;2 ; ;0.62 ;0 ;-4.21 ;0.62 ;0 ;0 ;0 ;0 ;0 ;1 ;0 ;0 ;0 ;1 ;
148.18 ;2 ; ;0.62 ;0 ;-4.21 ;0.62 ;0 ;0 ;0 ;0 ;0 ;1 ;0 ;0 ;0 ;1 ;
148.2 ;2 ; ;0.62 ;0 ;-4.21 ;0.62 ;0 ;0 ;0 ;0 ;0 ;1 ;0 ;0 ;0 ;1 ;
148.22 ;2 ; ;0.62 ;0 ;-4.21 ;0.62 ;0 ;0 ;0 ;0 ;0 ;1 ;0 ;0 ;0 ;1 ;
148.24 ;2 ; ;0.62 ;0 ;-4.21 ;0.62 ;0 ;0 ;0 ;0 ;0 ;1 ;0 ;0 ;0 ;1 ;
148.26 ;2 ; ;0.62 ;0 ;-4.21 ;0.62 ;0 ;0 ;0 ;0 ;0 ;1 ;0 ;0 ;0 ;1 ;
148.28 ;2 ; ;0.62 ;0 ;-4.21 ;0.62 ;0 ;0 ;0 ;0 ;0 ;1 ;0 ;0 ;0 ;1 ;
148.3 ;2 ; ;0.62 ;0 ;-4.21 ;0.62 ;0 ;0 ;0 ;0 ;0 ;1 ;0 ;0 ;0 ;1 ;
148.32 ;2 ; ;0.62 ;0 ;-4.21 ;0.62 ;0 ;0 ;0 ;0 ;0 ;1 ;0 ;0 ;0 ;1 ;
148.34 ;2 ; ;0.62 ;0 ;-4.21 ;0.62 ;0 ;0 ;0 ;0 ;0 ;1 ;0 ;0 ;0 ;1 ;
148.36 ;2 ; ;0.62 ;0 ;-4.21 ;0.62 ;0 ;0 ;0 ;0 ;0 ;1 ;0 ;0 ;0 ;1 ;
148.38 ;2 ; ;0.62 ;0 ;-4.21 ;0.62 ;0 ;0 ;0 ;0 ;0 ;1 ;0 ;0 ;0 ;1 ;
148.4 ;2 ; ;0.62 ;0 ;-4.21 ;0.62 ;0 ;0 ;0 ;0 ;0 ;1 ;0 ;0 ;0 ;1 ;
148.42 ;2 ; ;0.62 ;0 ;-4.21 ;0.62 ;0 ;0 ;0 ;0 ;0 ;1 ;0 ;0 ;0 ;1 ;
148.42 ;2 ;4 ;0.62 ;0 ;-4.21 ;0.62 ;0 ;0 ;0 ;0 ;0 ;1 ;0 ;0 ;0 ;1 ;
148.44 ;2 ; ;0.62 ;0 ;-4.21 ;0.62 ;0 ;0 ;0 ;0 ;0 ;1 ;0 ;0 ;0 ;1 ;
148.46 ;2 ; ;0.62 ;0 ;-4.21 ;0.62 ;0 ;0 ;0 ;0 ;0 ;1 ;0 ;0 ;0 ;1 ;
148.48 ;2 ; ;0.62 ;0 ;-4.21 ;0.62 ;0 ;0 ;0 ;0 ;0 ;1 ;0 ;0 ;0 ;1 ;
148.5 ;2 ; ;0.62 ;0 ;-4.21 ;0.62 ;0 ;0 ;0 ;0 ;0 ;1 ;0 ;0 ;0 ;1 ;
148.52 ;2 ; ;0.62 ;0 ;-4.21 ;0.62 ;0 ;0 ;0 ;0 ;0 ;1 ;0 ;0 ;0 ;1 ;
148.54 ;2 ; ;0.62 ;0 ;-4.21 ;0.62 ;0 ;0 ;0 ;0 ;0 ;1 ;0 ;0 ;0 ;1 ;
148.56 ;2 ; ;0.62 ;0 ;-4.21 ;0.62 ;0 ;0 ;0 ;0 ;0 ;1 ;0 ;0 ;0 ;1 ;
148.56 ;2 ;4 ;0.62 ;0 ;-4.21 ;0.62 ;0 ;0 ;0 ;0 ;0 ;1 ;0 ;0 ;0 ;1 ;
148.58 ;2 ; ;0.62 ;0 ;-4.21 ;0.62 ;0 ;0 ;0 ;0 ;0 ;1 ;0 ;0 ;0 ;1 ;
148.6 ;2 ; ;0.62 ;0 ;-4.21 ;0.62 ;0 ;0 ;0 ;0 ;0 ;1 ;0 ;0 ;0 ;1 ;
148.62 ;2 ; ;0.62 ;0 ;-4.21 ;0.62 ;0 ;0 ;0 ;0 ;0 ;1 ;0 ;0 ;0 ;1 ;
148.64 ;2 ; ;0.62 ;0 ;-4.21 ;0.62 ;0 ;0 ;0 ;0 ;0 ;1 ;0 ;0 ;0 ;1 ;
148.66 ;2 ; ;0.62 ;0 ;-4.21 ;0.62 ;0 ;0 ;0 ;0 ;0 ;1 ;0 ;0 ;0 ;1 ;
148.68 ;2 ; ;0.62 ;0 ;-4.21 ;0.62 ;0 ;0 ;0 ;0 ;0 ;1 ;0 ;0 ;0 ;1 ;
148.7 ;2 ; ;0.62 ;0 ;-4.21 ;0.62 ;0 ;0 ;0 ;0 ;0 ;1 ;0 ;0 ;0 ;1 ;
148.72 ;2 ; ;0.62 ;0 ;-4.21 ;0.62 ;0 ;0 ;0 ;0 ;0 ;1 ;0 ;0 ;0 ;1 ;
148.74 ;2 ; ;0.62 ;0 ;-4.21 ;0.62 ;0 ;0 ;0 ;0 ;0 ;1 ;0 ;0 ;0 ;1 ;
148.74 ;2 ;4 ;0.62 ;0 ;-4.21 ;0.62 ;0 ;0 ;0 ;0 ;0 ;1 ;0 ;0 ;0 ;1 ;
148.76 ;2 ; ;0.62 ;0 ;-4.21 ;0.62 ;0 ;0 ;0 ;0 ;0 ;1 ;0 ;0 ;0 ;1 ;
148.78 ;2 ; ;0.62 ;0 ;-4.21 ;0.62 ;0 ;0 ;0 ;0 ;0 ;1 ;0 ;0 ;0 ;1 ;
148.8 ;2 ; ;0.62 ;0 ;-4.21 ;0.62 ;0 ;0 ;0 ;0 ;0 ;1 ;0 ;0 ;0 ;1 ;
148.82 ;2 ; ;0.62 ;0 ;-4.21 ;0.62 ;0 ;0 ;0 ;0 ;0 ;1 ;0 ;0 ;0 ;1 ;
148.84 ;2 ; ;0.62 ;0 ;-4.21 ;0.62 ;0 ;0 ;0 ;0 ;0 ;1 ;0 ;0 ;0 ;1 ;
148.86 ;2 ; ;0.62 ;0 ;-4.21 ;0.62 ;0 ;0 ;0 ;0 ;0 ;1 ;0 ;0 ;0 ;1 ;
148.88 ;2 ; ;0.62 ;0 ;-4.21 ;0.62 ;0 ;0 ;0 ;0 ;0 ;1 ;0 ;0 ;0 ;1 ;
148.9 ;2 ; ;0.62 ;0 ;-4.21 ;0.62 ;0 ;0 ;0 ;0 ;0 ;1 ;0 ;0 ;0 ;1 ;
148.92 ;2 ; ;0.62 ;0 ;-4.21 ;0.62 ;0 ;0 ;0 ;0 ;0 ;1 ;0 ;0 ;0 ;1 ;
148.94 ;2 ; ;0.62 ;0 ;-4.21 ;0.62 ;0 ;0 ;0 ;0 ;0 ;1 ;0 ;0 ;0 ;1 ;
148.94 ;2 ;4 ;0.62 ;0 ;-4.21 ;0.62 ;0 ;0 ;0 ;0 ;0 ;1 ;0 ;0 ;0 ;1 ;
148.96 ;2 ; ;0.62 ;0 ;-4.21 ;0.62 ;0 ;0 ;0 ;0 ;0 ;1 ;0 ;0 ;0 ;1 ;
148.98 ;2 ; ;0.62 ;0 ;-4.21 ;0.62 ;0 ;0 ;0 ;0 ;0 ;1 ;0 ;0 ;0 ;1 ;
149 ;2 ; ;0.62 ;0 ;-4.21 ;0.62 ;0 ;0 ;0 ;0 ;0 ;1 ;0 ;0 ;0 ;1 ;
149.02 ;2 ; ;0.62 ;0 ;-4.21 ;0.62 ;0 ;0 ;0 ;0 ;0 ;1 ;0 ;0 ;0 ;1 ;
149.04 ;2 ; ;0.62 ;0 ;-4.21 ;0.62 ;0 ;0 ;0 ;0 ;0 ;1 ;0 ;0 ;0 ;1 ;
149.06 ;2 ; ;0.62 ;0 ;-4.21 ;0.62 ;0 ;0 ;0 ;0 ;0 ;1 ;0 ;0 ;0 ;1 ;
149.08 ;2 ; ;0.62 ;0 ;-4.21 ;0.62 ;0 ;0 ;0 ;0 ;0 ;1 ;0 ;0 ;0 ;1 ;
149.1 ;2 ; ;0.62 ;0 ;-4.21 ;0.62 ;0 ;0 ;0 ;0 ;0 ;1 ;0 ;0 ;0 ;1 ;
149.12 ;2 ; ;0.62 ;0 ;-4.21 ;0.62 ;0 ;0 ;0 ;0 ;0 ;1 ;0 ;0 ;0 ;1 ;
149.14 ;2 ; ;0.62 ;0 ;-4.21 ;0.62 ;0 ;0 ;0 ;0 ;0 ;1 ;0 ;0 ;0 ;1 ;
149.14 ;2 ;4 ;0.62 ;0 ;-4.21 ;0.62 ;0 ;0 ;0 ;0 ;0 ;1 ;0 ;0 ;0 ;1 ;
149.16 ;2 ; ;0.62 ;0 ;-4.21 ;0.62 ;0 ;0 ;0 ;0 ;0 ;1 ;0 ;0 ;0 ;1 ;
149.18 ;2 ; ;0.62 ;0 ;-4.21 ;0.62 ;0 ;0 ;0 ;0 ;0 ;1 ;0 ;0 ;0 ;1 ;
149.2 ;2 ; ;0.62 ;0 ;-4.21 ;0.62 ;0 ;0 ;0 ;0 ;0 ;1 ;0 ;0 ;0 ;1 ;
149.22 ;2 ; ;0.62 ;0 ;-4.21 ;0.62 ;0 ;0 ;0 ;0 ;0 ;1 ;0 ;0 ;0 ;1 ;
149.24 ;2 ; ;0.62 ;0 ;-4.21 ;0.62 ;0 ;0 ;0 ;0 ;0 ;1 ;0 ;0 ;0 ;1 ;
149.26 ;2 ; ;0.62 ;0 ;-4.21 ;0.62 ;0 ;0 ;0 ;0 ;0 ;1 ;0 ;0 ;0 ;1 ;
149.28 ;2 ; ;0.62 ;0 ;-4.21 ;0.62 ;0 ;0 ;0 ;0 ;0 ;1 ;0 ;0 ;0 ;1 ;
149.3 ;2 ; ;0.62 ;0 ;-4.21 ;0.62 ;0 ;0 ;0 ;0 ;0 ;1 ;0 ;0 ;0 ;1 ;
149.32 ;2 ; ;0.62 ;0 ;-4.21 ;0.62 ;0 ;0 ;0 ;0 ;0 ;1 ;0 ;0 ;0 ;1 ;
149.34 ;2 ; ;0.62 ;0 ;-4.21 ;0.62 ;0 ;0 ;0 ;0 ;0 ;1 ;0 ;0 ;0 ;1 ;
149.34 ;2 ;4 ;0.62 ;0 ;-4.21 ;0.62 ;0 ;0 ;0 ;0 ;0 ;1 ;0 ;0 ;0 ;1 ;
149.36 ;2 ; ;0.62 ;0 ;-4.21 ;0.62 ;0 ;0 ;0 ;0 ;0 ;1 ;0 ;0 ;0 ;1 ;
149.38 ;2 ; ;0.62 ;0 ;-4.21 ;0.62 ;0 ;0 ;0 ;0 ;0 ;1 ;0 ;0 ;0 ;1 ;
149.4 ;2 ; ;0.62 ;0 ;-4.21 ;0.62 ;0 ;0 ;0 ;0 ;0 ;1 ;0 ;0 ;0 ;1 ;
149.42 ;2 ; ;0.62 ;0 ;-4.21 ;0.62 ;0 ;0 ;0 ;0 ;0 ;1 ;0 ;0 ;0 ;1 ;
149.44 ;2 ; ;0.62 ;0 ;-4.21 ;0.62 ;0 ;0 ;0 ;0 ;0 ;1 ;0 ;0 ;0 ;1 ;
149.46 ;2 ; ;0.62 ;0 ;-4.21 ;0.62 ;0 ;0 ;0 ;0 ;0 ;1 ;0 ;0 ;0 ;1 ;
149.48 ;2 ; ;0.62 ;0 ;-4.21 ;0.62 ;0 ;0 ;0 ;0 ;0 ;1 ;0 ;0 ;0 ;1 ;
149.5 ;2 ; ;0.62 ;0 ;-4.21 ;0.62 ;0 ;0 ;0 ;0 ;0 ;1 ;0 ;0 ;0 ;1 ;
149.52 ;2 ; ;0.62 ;0 ;-4.21 ;0.62 ;0 ;0 ;0 ;0 ;0 ;1 ;0 ;0 ;0 ;1 ;
149.54 ;2 ; ;0.62 ;0 ;-4.21 ;0.62 ;0 ;0 ;0 ;0 ;0 ;1 ;0 ;0 ;0 ;1 ;
149.56 ;2 ; ;0.62 ;0 ;-4.21 ;0.62 ;0 ;0 ;0 ;0 ;0 ;1 ;0 ;0 ;0 ;1 ;
149.58 ;2 ; ;0.62 ;0 ;-4.21 ;0.62 ;0 ;0 ;0 ;0 ;0 ;1 ;0 ;0 ;0 ;1 ;
149.6 ;2 ; ;0.62 ;0 ;-4.21 ;0.62 ;0 ;0 ;0 ;0 ;0 ;1 ;0 ;0 ;0 ;1 ;
149.62 ;2 ; ;0.62 ;0 ;-4.21 ;0.62 ;0 ;0 ;0 ;0 ;0 ;1 ;0 ;0 ;0 ;1 ;
149.64 ;2 ; ;0.62 ;0 ;-4.21 ;0.62 ;0 ;0 ;0 ;0 ;0 ;1 ;0 ;0 ;0 ;1 ;
149.66 ;2 ; ;0.62 ;0 ;-4.21 ;0.62 ;0 ;0 ;0 ;0 ;0 ;1 ;0 ;0 ;0 ;1 ;
149.68 ;2 ; ;0.62 ;0 ;-4.21 ;0.62 ;0 ;0 ;0 ;0 ;0 ;1 ;0 ;0 ;0 ;1 ;
149.7 ;2 ; ;0.62 ;0 ;-4.21 ;0.62 ;0 ;0 ;0 ;0 ;0 ;1 ;0 ;0 ;0 ;1 ;
149.72 ;2 ; ;0.62 ;0 ;-4.21 ;0.62 ;0 ;0 ;0 ;0 ;0 ;1 ;0 ;0 ;0 ;1 ;
149.74 ;2 ; ;0.62 ;0 ;-4.21 ;0.62 ;0 ;0 ;0 ;0 ;0 ;1 ;0 ;0 ;0 ;1 ;
149.76 ;2 ; ;0.62 ;0 ;-4.21 ;0.62 ;0 ;0 ;0 ;0 ;0 ;1 ;0 ;0 ;0 ;1 ;
149.78 ;2 ; ;0.62 ;0 ;-4.21 ;0.62 ;0 ;0 ;0 ;0 ;0 ;1 ;0 ;0 ;0 ;1 ;
149.8 ;2 ; ;0.62 ;0 ;-4.21 ;0.62 ;0 ;0 ;0 ;0 ;0 ;1 ;0 ;0 ;0 ;1 ;
149.82 ;2 ; ;0.62 ;0 ;-4.21 ;0.62 ;0 ;0 ;0 ;0 ;0 ;1 ;0 ;0 ;0 ;1 ;
149.84 ;2 ; ;0.62 ;0 ;-4.21 ;0.62 ;0 ;0 ;0 ;0 ;0 ;1 ;0 ;0 ;0 ;1 ;
149.86 ;2 ; ;0.62 ;0 ;-4.21 ;0.62 ;0 ;0 ;0 ;0 ;0 ;1 ;0 ;0 ;0 ;1 ;
149.88 ;2 ; ;0.62 ;0 ;-4.21 ;0.62 ;0 ;0 ;0 ;0 ;0 ;1 ;0 ;0 ;0 ;1 ;
149.9 ;2 ; ;0.62 ;0 ;-4.21 ;0.62 ;0 ;0 ;0 ;0 ;0 ;1 ;0 ;0 ;0 ;1 ;
149.92 ;2 ; ;0.62 ;0 ;-4.21 ;0.62 ;0 ;0 ;0 ;0 ;0 ;1 ;0 ;0 ;0 ;1 ;
149.94 ;2 ; ;0.62 ;0 ;-4.21 ;0.62 ;0 ;0 ;0 ;0 ;0 ;1 ;0 ;0 ;0 ;1 ;
149.96 ;2 ; ;0.62 ;0 ;-4.21 ;0.62 ;0 ;0 ;0 ;0 ;0 ;1 ;0 ;0 ;0 ;1 ;
149.98 ;2 ; ;0.62 ;0 ;-4.21 ;0.62 ;0 ;0 ;0 ;0 ;0 ;1 ;0 ;0 ;0 ;1 ;
150 ;2 ; ;0.62 ;0 ;-4.21 ;0.62 ;0 ;0 ;0 ;0 ;0 ;1 ;0 ;0 ;0 ;1 ;
150.02 ;2 ; ;0.62 ;0 ;-4.21 ;0.62 ;0 ;0 ;0 ;0 ;0 ;1 ;0 ;0 ;0 ;1 ;
150.04 ;2 ; ;0.62 ;0 ;-4.21 ;0.62 ;0 ;0 ;0 ;0 ;0 ;1 ;0 ;0 ;0 ;1 ;
150.06 ;2 ; ;0.62 ;0 ;-4.21 ;0.62 ;0 ;0 ;0 ;0 ;0 ;1 ;0 ;0 ;0 ;1 ;
150.08 ;2 ; ;0.62 ;0 ;-4.21 ;0.62 ;0 ;0 ;0 ;0 ;0 ;1 ;0 ;0 ;0 ;1 ;
150.1 ;2 ; ;0.62 ;0 ;-4.21 ;0.62 ;0 ;0 ;0 ;0 ;0 ;1 ;0 ;0 ;0 ;1 ;
150.12 ;2 ; ;0.62 ;0 ;-4.21 ;0.62 ;0 ;0 ;0 ;0 ;0 ;1 ;0 ;0 ;0 ;1 ;
150.14 ;2 ; ;0.62 ;0 ;-4.21 ;0.62 ;0 ;0 ;0 ;0 ;0 ;1 ;0 ;0 ;0 ;1 ;
150.16 ;2 ; ;0.62 ;0 ;-4.21 ;0.62 ;0 ;0 ;0 ;0 ;0 ;1 ;0 ;0 ;0 ;1 ;
150.18 ;2 ; ;0.62 ;0 ;-4.21 ;0.62 ;0 ;0 ;0 ;0 ;0 ;1 ;0 ;0 ;0 ;1 ;
150.2 ;2 ; ;0.62 ;0 ;-4.21 ;0.62 ;0 ;0 ;0 ;0 ;0 ;1 ;0 ;0 ;0 ;1 ;
150.22 ;2 ; ;0.62 ;0 ;-4.21 ;0.62 ;0 ;0 ;0 ;0 ;0 ;1 ;0 ;0 ;0 ;1 ;
150.24 ;2 ; ;0.62 ;0 ;-4.21 ;0.62 ;0 ;0 ;0 ;0 ;0 ;1 ;0 ;0 ;0 ;1 ;
150.26 ;2 ; ;0.62 ;0 ;-4.21 ;0.62 ;0 ;0 ;0 ;0 ;0 ;1 ;0 ;0 ;0 ;1 ;
150.28 ;2 ; ;0.62 ;0 ;-4.21 ;0.62 ;0 ;0 ;0 ;0 ;0 ;1 ;0 ;0 ;0 ;1 ;
150.3 ;2 ; ;0.62 ;0 ;-4.21 ;0.62 ;0 ;0 ;0 ;0 ;0 ;1 ;0 ;0 ;0 ;1 ;
150.32 ;2 ; ;0.62 ;0 ;-4.21 ;0.62 ;0 ;0 ;0 ;0 ;0 ;1 ;0 ;0 ;0 ;1 ;
150.34 ;2 ; ;0.62 ;0 ;-4.21 ;0.62 ;0 ;0 ;0 ;0 ;0 ;1 ;0 ;0 ;0 ;1 ;
150.36 ;2 ; ;0.62 ;0 ;-4.21 ;0.62 ;0 ;0 ;0 ;0 ;0 ;1 ;0 ;0 ;0 ;1 ;
150.38 ;2 ; ;0.62 ;0 ;-4.21 ;0.62 ;0 ;0 ;0 ;0 ;0 ;1 ;0 ;0 ;0 ;1 ;
150.4 ;2 ; ;0.62 ;0 ;-4.21 ;0.62 ;0 ;0 ;0 ;0 ;0 ;1 ;0 ;0 ;0 ;1 ;
150.42 ;2 ; ;0.62 ;0 ;-4.21 ;0.62 ;0 ;0 ;0 ;0 ;0 ;1 ;0 ;0 ;0 ;1 ;
150.44 ;2 ; ;0.62 ;0 ;-4.21 ;0.62 ;0 ;0 ;0 ;0 ;0 ;1 ;0 ;0 ;0 ;1 ;
150.46 ;2 ; ;0.62 ;0 ;-4.21 ;0.62 ;0 ;0 ;0 ;0 ;0 ;1 ;0 ;0 ;0 ;1 ;
150.48 ;2 ; ;0.62 ;0 ;-4.21 ;0.62 ;0 ;0 ;0 ;0 ;0 ;1 ;0 ;0 ;0 ;1 ;
150.5 ;2 ; ;0.62 ;0 ;-4.21 ;0.62 ;0 ;0 ;0 ;0 ;0 ;1 ;0 ;0 ;0 ;1 ;
150.52 ;2 ; ;0.62 ;0 ;-4.21 ;0.62 ;0 ;0 ;0 ;0 ;0 ;1 ;0 ;0 ;0 ;1 ;
150.54 ;2 ; ;0.62 ;0 ;-4.21 ;0.62 ;0 ;0 ;0 ;0 ;0 ;1 ;0 ;0 ;0 ;1 ;
150.56 ;2 ; ;0.62 ;0 ;-4.21 ;0.62 ;0 ;0 ;0 ;0 ;0 ;1 ;0 ;0 ;0 ;1 ;
150.58 ;2 ; ;0.62 ;0 ;-4.21 ;0.62 ;0 ;0 ;0 ;0 ;0 ;1 ;0 ;0 ;0 ;1 ;
150.6 ;2 ; ;0.62 ;0 ;-4.21 ;0.62 ;0 ;0 ;0 ;0 ;0 ;1 ;0 ;0 ;0 ;1 ;
150.62 ;2 ; ;0.62 ;0 ;-4.21 ;0.62 ;0 ;0 ;0 ;0 ;0 ;1 ;0 ;0 ;0 ;1 ;
150.64 ;2 ; ;0.62 ;0 ;-4.21 ;0.62 ;0 ;0 ;0 ;0 ;0 ;1 ;0 ;0 ;0 ;1 ;
150.66 ;2 ; ;0.62 ;0 ;-4.21 ;0.62 ;0 ;0 ;0 ;0 ;0 ;1 ;0 ;0 ;0 ;1 ;
150.68 ;2 ; ;0.62 ;0 ;-4.21 ;0.62 ;0 ;0 ;0 ;0 ;0 ;1 ;0 ;0 ;0 ;1 ;
150.7 ;2 ; ;0.62 ;0 ;-4.21 ;0.62 ;0 ;0 ;0 ;0 ;0 ;1 ;0 ;0 ;0 ;1 ;
150.72 ;2 ; ;0.62 ;0 ;-4.21 ;0.62 ;0 ;0 ;0 ;0 ;0 ;1 ;0 ;0 ;0 ;1 ;
150.74 ;2 ; ;0.62 ;0 ;-4.21 ;0.62 ;0 ;0 ;0 ;0 ;0 ;1 ;0 ;0 ;0 ;1 ;
150.76 ;2 ; ;0.62 ;0 ;-4.21 ;0.62 ;0 ;0 ;0 ;0 ;0 ;1 ;0 ;0 ;0 ;1 ;
150.78 ;2 ; ;0.62 ;0 ;-4.21 ;0.62 ;0 ;0 ;0 ;0 ;0 ;1 ;0 ;0 ;0 ;1 ;
150.8 ;2 ; ;0.62 ;0 ;-4.21 ;0.62 ;0 ;0 ;0 ;0 ;0 ;1 ;0 ;0 ;0 ;1 ;
150.82 ;2 ; ;0.62 ;0 ;-4.21 ;0.62 ;0 ;0 ;0 ;0 ;0 ;1 ;0 ;0 ;0 ;1 ;
150.84 ;2 ; ;0.62 ;0 ;-4.21 ;0.62 ;0 ;0 ;0 ;0 ;0 ;1 ;0 ;0 ;0 ;1 ;
150.86 ;2 ; ;0.62 ;0 ;-4.21 ;0.62 ;0 ;0 ;0 ;0 ;0 ;1 ;0 ;0 ;0 ;1 ;
150.88 ;2 ; ;0.62 ;0 ;-4.21 ;0.62 ;0 ;0 ;0 ;0 ;0 ;1 ;0 ;0 ;0 ;1 ;
150.9 ;2 ; ;0.62 ;0 ;-4.21 ;0.62 ;0 ;0 ;0 ;0 ;0 ;1 ;0 ;0 ;0 ;1 ;
150.92 ;2 ; ;0.62 ;0 ;-4.21 ;0.62 ;0 ;0 ;0 ;0 ;0 ;1 ;0 ;0 ;0 ;1 ;
150.94 ;2 ; ;0.62 ;0 ;-4.21 ;0.62 ;0 ;0 ;0 ;0 ;0 ;1 ;0 ;0 ;0 ;1 ;
150.96 ;2 ; ;0.62 ;0 ;-4.21 ;0.62 ;0 ;0 ;0 ;0 ;0 ;1 ;0 ;0 ;0 ;1 ;
150.98 ;2 ; ;0.62 ;0 ;-4.21 ;0.62 ;0 ;0 ;0 ;0 ;0 ;1 ;0 ;0 ;0 ;1 ;
151 ;2 ; ;0.62 ;0 ;-4.21 ;0.62 ;0 ;0 ;0 ;0 ;0 ;1 ;0 ;0 ;0 ;1 ;
151.02 ;2 ; ;0.62 ;0 ;-4.21 ;0.62 ;0 ;0 ;0 ;0 ;0 ;1 ;0 ;0 ;0 ;1 ;
151.04 ;2 ; ;0.62 ;0 ;-4.21 ;0.62 ;0 ;0 ;0 ;0 ;0 ;1 ;0 ;0 ;0 ;1 ;
151.06 ;2 ; ;0.62 ;0 ;-4.21 ;0.62 ;0 ;0 ;0 ;0 ;0 ;1 ;0 ;0 ;0 ;1 ;
151.08 ;2 ; ;0.62 ;0 ;-4.21 ;0.62 ;0 ;0 ;0 ;0 ;0 ;1 ;0 ;0 ;0 ;1 ;
151.1 ;2 ; ;0.62 ;0 ;-4.21 ;0.62 ;0 ;0 ;0 ;0 ;0 ;1 ;0 ;0 ;0 ;1 ;
151.12 ;2 ; ;0.62 ;0 ;-4.21 ;0.62 ;0 ;0 ;0 ;0 ;0 ;1 ;0 ;0 ;0 ;1 ;
151.14 ;2 ; ;0.62 ;0 ;-4.21 ;0.62 ;0 ;0 ;0 ;0 ;0 ;1 ;0 ;0 ;0 ;1 ;
151.16 ;2 ; ;0.62 ;0 ;-4.21 ;0.62 ;0 ;0 ;0 ;0 ;0 ;1 ;0 ;0 ;0 ;1 ;
151.18 ;2 ; ;0.62 ;0 ;-4.21 ;0.62 ;0 ;0 ;0 ;0 ;0 ;1 ;0 ;0 ;0 ;1 ;
151.2 ;2 ; ;0.62 ;0 ;-4.21 ;0.62 ;0 ;0 ;0 ;0 ;0 ;1 ;0 ;0 ;0 ;1 ;
151.22 ;2 ; ;0.62 ;0 ;-4.21 ;0.62 ;0 ;0 ;0 ;0 ;0 ;1 ;0 ;0 ;0 ;1 ;
151.24 ;2 ; ;0.62 ;0 ;-4.21 ;0.62 ;0 ;0 ;0 ;0 ;0 ;1 ;0 ;0 ;0 ;1 ;
151.26 ;2 ; ;0.62 ;0 ;-4.21 ;0.62 ;0 ;0 ;0 ;0 ;0 ;1 ;0 ;0 ;0 ;1 ;
151.28 ;2 ; ;0.62 ;0 ;-4.21 ;0.62 ;0 ;0 ;0 ;0 ;0 ;1 ;0 ;0 ;0 ;1 ;
151.3 ;2 ; ;0.62 ;0 ;-4.21 ;0.62 ;0 ;0 ;0 ;0 ;0 ;1 ;0 ;0 ;0 ;1 ;
151.32 ;2 ; ;0.62 ;0 ;-4.21 ;0.62 ;0 ;0 ;0 ;0 ;0 ;1 ;0 ;0 ;0 ;1 ;
151.34 ;2 ; ;0.62 ;0 ;-4.21 ;0.62 ;0 ;0 ;0 ;0 ;0 ;1 ;0 ;0 ;0 ;1 ;
151.36 ;2 ; ;0.62 ;0 ;-4.21 ;0.62 ;0 ;0 ;0 ;0 ;0 ;1 ;0 ;0 ;0 ;1 ;
151.38 ;2 ; ;0.62 ;0 ;-4.21 ;0.62 ;0 ;0 ;0 ;0 ;0 ;1 ;0 ;0 ;0 ;1 ;
151.4 ;2 ; ;0.62 ;0 ;-4.21 ;0.62 ;0 ;0 ;0 ;0 ;0 ;1 ;0 ;0 ;0 ;1 ;
151.42 ;2 ; ;0.62 ;0 ;-4.21 ;0.62 ;0 ;0 ;0 ;0 ;0 ;1 ;0 ;0 ;0 ;1 ;
151.44 ;2 ; ;0.62 ;0 ;-4.21 ;0.62 ;0 ;0 ;0 ;0 ;0 ;1 ;0 ;0 ;0 ;1 ;
151.46 ;2 ; ;0.62 ;0 ;-4.21 ;0.62 ;0 ;0 ;0 ;0 ;0 ;1 ;0 ;0 ;0 ;1 ;
151.48 ;2 ; ;0.62 ;0 ;-4.21 ;0.62 ;0 ;0 ;0 ;0 ;0 ;1 ;0 ;0 ;0 ;1 ;
151.5 ;2 ; ;0.62 ;0 ;-4.21 ;0.62 ;0 ;0 ;0 ;0 ;0 ;1 ;0 ;0 ;0 ;1 ;
151.52 ;2 ; ;0.62 ;0 ;-4.21 ;0.62 ;0 ;0 ;0 ;0 ;0 ;1 ;0 ;0 ;0 ;1 ;
151.54 ;2 ; ;0.62 ;0 ;-4.21 ;0.62 ;0 ;0 ;0 ;0 ;0 ;1 ;0 ;0 ;0 ;1 ;
151.56 ;2 ; ;0.62 ;0 ;-4.21 ;0.62 ;0 ;0 ;0 ;0 ;0 ;1 ;0 ;0 ;0 ;1 ;
151.58 ;2 ; ;0.62 ;0 ;-4.21 ;0.62 ;0 ;0 ;0 ;0 ;0 ;1 ;0 ;0 ;0 ;1 ;
151.6 ;2 ; ;0.62 ;0 ;-4.21 ;0.62 ;0 ;0 ;0 ;0 ;0 ;1 ;0 ;0 ;0 ;1 ;
151.62 ;2 ; ;0.62 ;0 ;-4.21 ;0.62 ;0 ;0 ;0 ;0 ;0 ;1 ;0 ;0 ;0 ;1 ;
151.64 ;2 ; ;0.62 ;0 ;-4.21 ;0.62 ;0 ;0 ;0 ;0 ;0 ;1 ;0 ;0 ;0 ;1 ;
151.66 ;2 ; ;0.62 ;0 ;-4.21 ;0.62 ;0 ;0 ;0 ;0 ;0 ;1 ;0 ;0 ;0 ;1 ;
151.68 ;2 ; ;0.62 ;0 ;-4.21 ;0.62 ;0 ;0 ;0 ;0 ;0 ;1 ;0 ;0 ;0 ;1 ;
151.7 ;2 ; ;0.62 ;0 ;-4.21 ;0.62 ;0 ;0 ;0 ;0 ;0 ;1 ;0 ;0 ;0 ;1 ;
151.72 ;2 ; ;0.62 ;0 ;-4.21 ;0.62 ;0 ;0 ;0 ;0 ;0 ;1 ;0 ;0 ;0 ;1 ;
151.74 ;2 ; ;0.62 ;0 ;-4.21 ;0.62 ;0 ;0 ;0 ;0 ;0 ;1 ;0 ;0 ;0 ;1 ;
151.76 ;2 ; ;0.62 ;0 ;-4.21 ;0.62 ;0 ;0 ;0 ;0 ;0 ;1 ;0 ;0 ;0 ;1 ;
151.78 ;2 ; ;0.62 ;0 ;-4.21 ;0.62 ;0 ;0 ;0 ;0 ;0 ;1 ;0 ;0 ;0 ;1 ;
151.8 ;2 ; ;0.62 ;0 ;-4.21 ;0.62 ;0 ;0 ;0 ;0 ;0 ;1 ;0 ;0 ;0 ;1 ;
151.82 ;2 ; ;0.62 ;0 ;-4.21 ;0.62 ;0 ;0 ;0 ;0 ;0 ;1 ;0 ;0 ;0 ;1 ;
151.84 ;2 ; ;0.62 ;0 ;-4.21 ;0.62 ;0 ;0 ;0 ;0 ;0 ;1 ;0 ;0 ;0 ;1 ;
151.86 ;2 ; ;0.62 ;0 ;-4.21 ;0.62 ;0 ;0 ;0 ;0 ;0 ;1 ;0 ;0 ;0 ;1 ;
151.88 ;2 ; ;0.62 ;0 ;-4.21 ;0.62 ;0 ;0 ;0 ;0 ;0 ;1 ;0 ;0 ;0 ;1 ;
151.9 ;2 ; ;0.62 ;0 ;-4.21 ;0.62 ;0 ;0 ;0 ;0 ;0 ;1 ;0 ;0 ;0 ;1 ;
151.92 ;2 ; ;0.62 ;0 ;-4.21 ;0.62 ;0 ;0 ;0 ;0 ;0 ;1 ;0 ;0 ;0 ;1 ;
151.94 ;2 ; ;0.62 ;0 ;-4.21 ;0.62 ;0 ;0 ;0 ;0 ;0 ;1 ;0 ;0 ;0 ;1 ;
151.96 ;2 ; ;0.62 ;0 ;-4.21 ;0.62 ;0 ;0 ;0 ;0 ;0 ;1 ;0 ;0 ;0 ;1 ;
151.98 ;2 ; ;0.62 ;0 ;-4.21 ;0.62 ;0 ;0 ;0 ;0 ;0 ;1 ;0 ;0 ;0 ;1 ;
152 ;2 ; ;0.62 ;0 ;-4.21 ;0.62 ;0 ;0 ;0 ;0 ;0 ;1 ;0 ;0 ;0 ;1 ;
152.02 ;2 ; ;0.62 ;0 ;-4.21 ;0.62 ;0 ;0 ;0 ;0 ;0 ;1 ;0 ;0 ;0 ;1 ;
152.04 ;2 ; ;0.62 ;0 ;-4.21 ;0.62 ;0 ;0 ;0 ;0 ;0 ;1 ;0 ;0 ;0 ;1 ;
152.06 ;2 ; ;0.62 ;0 ;-4.21 ;0.62 ;0 ;0 ;0 ;0 ;0 ;1 ;0 ;0 ;0 ;1 ;
152.08 ;2 ; ;0.62 ;0 ;-4.21 ;0.62 ;0 ;0 ;0 ;0 ;0 ;1 ;0 ;0 ;0 ;1 ;
152.1 ;2 ; ;0.62 ;0 ;-4.21 ;0.62 ;0 ;0 ;0 ;0 ;0 ;1 ;0 ;0 ;0 ;1 ;
152.12 ;2 ; ;0.62 ;0 ;-4.21 ;0.62 ;0 ;0 ;0 ;0 ;0 ;1 ;0 ;0 ;0 ;1 ;
152.14 ;2 ; ;0.62 ;0 ;-4.21 ;0.62 ;0 ;0 ;0 ;0 ;0 ;1 ;0 ;0 ;0 ;1 ;
152.16 ;2 ; ;0.62 ;0 ;-4.21 ;0.62 ;0 ;0 ;0 ;0 ;0 ;1 ;0 ;0 ;0 ;1 ;
152.18 ;2 ; ;0.62 ;0 ;-4.21 ;0.62 ;0 ;0 ;0 ;0 ;0 ;1 ;0 ;0 ;0 ;1 ;
152.2 ;2 ; ;0.62 ;0 ;-4.21 ;0.62 ;0 ;0 ;0 ;0 ;0 ;1 ;0 ;0 ;0 ;1 ;
152.22 ;2 ; ;0.62 ;0 ;-4.21 ;0.62 ;0 ;0 ;0 ;0 ;0 ;1 ;0 ;0 ;0 ;1 ;
152.24 ;2 ; ;0.62 ;0 ;-4.21 ;0.62 ;0 ;0 ;0 ;0 ;0 ;1 ;0 ;0 ;0 ;1 ;
152.26 ;2 ; ;0.62 ;0 ;-4.21 ;0.62 ;0 ;0 ;0 ;0 ;0 ;1 ;0 ;0 ;0 ;1 ;
152.28 ;2 ; ;0.62 ;0 ;-4.21 ;0.62 ;0 ;0 ;0 ;0 ;0 ;1 ;0 ;0 ;0 ;1 ;
152.3 ;2 ; ;0.62 ;0 ;-4.21 ;0.62 ;0 ;0 ;0 ;0 ;0 ;1 ;0 ;0 ;0 ;1 ;
152.32 ;2 ; ;0.62 ;0 ;-4.21 ;0.62 ;0 ;0 ;0 ;0 ;0 ;1 ;0 ;0 ;0 ;1 ;
152.34 ;2 ; ;0.62 ;0 ;-4.21 ;0.62 ;0 ;0 ;0 ;0 ;0 ;1 ;0 ;0 ;0 ;1 ;
152.36 ;2 ; ;0.62 ;0 ;-4.21 ;0.62 ;0 ;0 ;0 ;0 ;0 ;1 ;0 ;0 ;0 ;1 ;
152.38 ;2 ; ;0.62 ;0 ;-4.21 ;0.62 ;0 ;0 ;0 ;0 ;0 ;1 ;0 ;0 ;0 ;1 ;
152.4 ;2 ; ;0.62 ;0 ;-4.21 ;0.62 ;0 ;0 ;0 ;0 ;0 ;1 ;0 ;0 ;0 ;1 ;
152.42 ;2 ; ;0.62 ;0 ;-4.21 ;0.62 ;0 ;0 ;0 ;0 ;0 ;1 ;0 ;0 ;0 ;1 ;
152.44 ;2 ; ;0.62 ;0 ;-4.21 ;0.62 ;0 ;0 ;0 ;0 ;0 ;1 ;0 ;0 ;0 ;1 ;
152.44 ;2 ;2 ;0.62 ;0 ;-4.21 ;0.62 ;0 ;0 ;0 ;0 ;0 ;1 ;0 ;0 ;0 ;1 ;
152.46 ;2 ; ;0.62 ;0 ;-4.21 ;0.62 ;0 ;0 ;0 ;0 ;0 ;1 ;0 ;0 ;0 ;1 ;
152.48 ;2 ; ;0.62 ;0 ;-4.21 ;0.62 ;0 ;0 ;0 ;0 ;0 ;1 ;0 ;0 ;0 ;1 ;
152.5 ;2 ; ;0.62 ;0 ;-4.21 ;0.62 ;0 ;0 ;0 ;0 ;0 ;1 ;0 ;0 ;0 ;1 ;
152.52 ;2 ; ;0.62 ;0 ;-4.21 ;0.62 ;0 ;0 ;0 ;0 ;0 ;1 ;0 ;0 ;0 ;1 ;
152.54 ;2 ; ;0.62 ;0 ;-4.21 ;0.62 ;0 ;0 ;0 ;0 ;0 ;1 ;0 ;0 ;0 ;1 ;
152.56 ;2 ; ;0.62 ;0 ;-4.21 ;0.62 ;0 ;0 ;0 ;0 ;0 ;1 ;0 ;0 ;0 ;1 ;
152.58 ;2 ; ;0.62 ;0 ;-4.21 ;0.62 ;0 ;0 ;0 ;0 ;0 ;1 ;0 ;0 ;0 ;1 ;
152.6 ;2 ; ;0.62 ;0 ;-4.21 ;0.62 ;0 ;0 ;0 ;0 ;0 ;1 ;0 ;0 ;0 ;1 ;
152.62 ;2 ; ;0.62 ;0 ;-4.21 ;0.62 ;0 ;0 ;0 ;0 ;0 ;1 ;0 ;0 ;0 ;1 ;
152.64 ;2 ; ;0.62 ;0 ;-4.21 ;0.62 ;0 ;0 ;0 ;0 ;0 ;1 ;0 ;0 ;0 ;1 ;
152.66 ;2 ; ;0.62 ;0 ;-4.21 ;0.62 ;0 ;0 ;0 ;0 ;0 ;1 ;0 ;0 ;0 ;1 ;
152.68 ;2 ; ;0.62 ;0 ;-4.21 ;0.62 ;0 ;0 ;0 ;0 ;0 ;1 ;0 ;0 ;0 ;1 ;
152.7 ;2 ; ;0.62 ;0 ;-4.21 ;0.62 ;0 ;0 ;0 ;0 ;0 ;1 ;0 ;0 ;0 ;1 ;
152.72 ;2 ; ;0.62 ;0 ;-4.21 ;0.62 ;0 ;0 ;0 ;0 ;0 ;1 ;0 ;0 ;0 ;1 ;
152.74 ;2 ; ;0.62 ;0 ;-4.21 ;0.62 ;0 ;0 ;0 ;0 ;0 ;1 ;0 ;0 ;0 ;1 ;
152.76 ;2 ; ;0.62 ;0 ;-4.21 ;0.62 ;0 ;0 ;0 ;0 ;0 ;1 ;0 ;0 ;0 ;1 ;
152.78 ;2 ; ;0.62 ;0 ;-4.21 ;0.62 ;0 ;0 ;0 ;0 ;0 ;1 ;0 ;0 ;0 ;1 ;
152.8 ;2 ; ;0.62 ;0 ;-4.21 ;0.62 ;0 ;0 ;0 ;0 ;0 ;1 ;0 ;0 ;0 ;1 ;
152.82 ;2 ; ;0.62 ;0 ;-4.21 ;0.62 ;0 ;0 ;0 ;0 ;0 ;1 ;0 ;0 ;0 ;1 ;
152.84 ;2 ; ;0.62 ;0 ;-4.21 ;0.62 ;0 ;0 ;0 ;0 ;0 ;1 ;0 ;0 ;0 ;1 ;
152.86 ;2 ; ;0.62 ;0 ;-4.21 ;0.62 ;0 ;0 ;0 ;0 ;0 ;1 ;0 ;0 ;0 ;1 ;
152.88 ;2 ; ;0.62 ;0 ;-4.21 ;0.62 ;0 ;0 ;0 ;0 ;0 ;1 ;0 ;0 ;0 ;1 ;
152.9 ;2 ; ;0.62 ;0 ;-4.21 ;0.62 ;0 ;0 ;0 ;0 ;0 ;1 ;0 ;0 ;0 ;1 ;
152.92 ;2 ; ;0.62 ;0 ;-4.21 ;0.62 ;0 ;0 ;0 ;0 ;0 ;1 ;0 ;0 ;0 ;1 ;
152.94 ;2 ; ;0.62 ;0 ;-4.21 ;0.62 ;0 ;0 ;0 ;0 ;0 ;1 ;0 ;0 ;0 ;1 ;
152.96 ;2 ; ;0.62 ;0 ;-4.21 ;0.62 ;0 ;0 ;0 ;0 ;0 ;1 ;0 ;0 ;0 ;1 ;
152.98 ;2 ; ;0.62 ;0 ;-4.21 ;0.62 ;0 ;0 ;0 ;0 ;0 ;1 ;0 ;0 ;0 ;1 ;
153 ;2 ; ;0.62 ;0 ;-4.21 ;0.62 ;0 ;0 ;0 ;0 ;0 ;1 ;0 ;0 ;0 ;1 ;
153.02 ;2 ; ;0.62 ;0 ;-4.21 ;0.62 ;0 ;0 ;0 ;0 ;0 ;1 ;0 ;0 ;0 ;1 ;
153.04 ;2 ; ;0.62 ;0 ;-4.21 ;0.62 ;0 ;0 ;0 ;0 ;0 ;1 ;0 ;0 ;0 ;1 ;
153.06 ;2 ; ;0.62 ;0 ;-4.21 ;0.62 ;0 ;0 ;0 ;0 ;0 ;1 ;0 ;0 ;0 ;1 ;
153.08 ;2 ; ;0.62 ;0 ;-4.21 ;0.62 ;0 ;0 ;0 ;0 ;0 ;1 ;0 ;0 ;0 ;1 ;
153.1 ;2 ; ;0.62 ;0 ;-4.21 ;0.62 ;0 ;0 ;0 ;0 ;0 ;1 ;0 ;0 ;0 ;1 ;
153.12 ;2 ; ;0.62 ;0 ;-4.21 ;0.62 ;0 ;0 ;0 ;0 ;0 ;1 ;0 ;0 ;0 ;1 ;
153.14 ;2 ; ;0.62 ;0 ;-4.21 ;0.62 ;0 ;0 ;0 ;0 ;0 ;1 ;0 ;0 ;0 ;1 ;
153.16 ;2 ; ;0.62 ;0 ;-4.21 ;0.62 ;0 ;0 ;0 ;0 ;0 ;1 ;0 ;0 ;0 ;1 ;
153.18 ;2 ; ;0.62 ;0 ;-4.21 ;0.62 ;0 ;0 ;0 ;0 ;0 ;1 ;0 ;0 ;0 ;1 ;
153.2 ;2 ; ;0.62 ;0 ;-4.21 ;0.62 ;0 ;0 ;0 ;0 ;0 ;1 ;0 ;0 ;0 ;1 ;
153.22 ;2 ; ;0.62 ;0 ;-4.21 ;0.62 ;0 ;0 ;0 ;0 ;0 ;1 ;0 ;0 ;0 ;1 ;
153.24 ;2 ; ;0.62 ;0 ;-4.21 ;0.62 ;0 ;0 ;0 ;0 ;0 ;1 ;0 ;0 ;0 ;1 ;
153.26 ;2 ; ;0.62 ;0 ;-4.21 ;0.62 ;0 ;0 ;0 ;0 ;0 ;1 ;0 ;0 ;0 ;1 ;
153.28 ;2 ; ;0.62 ;0 ;-4.21 ;0.62 ;0 ;0 ;0 ;0 ;0 ;1 ;0 ;0 ;0 ;1 ;
153.3 ;2 ; ;0.62 ;0 ;-4.21 ;0.62 ;0 ;0 ;0 ;0 ;0 ;1 ;0 ;0 ;0 ;1 ;
153.32 ;2 ; ;0.62 ;0 ;-4.21 ;0.62 ;0 ;0 ;0 ;0 ;0 ;1 ;0 ;0 ;0 ;1 ;
153.34 ;2 ; ;0.62 ;0 ;-4.21 ;0.62 ;0 ;0 ;0 ;0 ;0 ;1 ;0 ;0 ;0 ;1 ;
153.36 ;2 ; ;0.62 ;0 ;-4.21 ;0.62 ;0 ;0 ;0 ;0 ;0 ;1 ;0 ;0 ;0 ;1 ;
153.38 ;2 ; ;0.62 ;0 ;-4.21 ;0.62 ;0 ;0 ;0 ;0 ;0 ;1 ;0 ;0 ;0 ;1 ;
153.4 ;2 ; ;0.62 ;0 ;-4.21 ;0.62 ;0 ;0 ;0 ;0 ;0 ;1 ;0 ;0 ;0 ;1 ;
153.42 ;2 ; ;0.62 ;0 ;-4.21 ;0.62 ;0 ;0 ;0 ;0 ;0 ;1 ;0 ;0 ;0 ;1 ;
153.44 ;2 ; ;0.62 ;0 ;-4.21 ;0.62 ;0 ;0 ;0 ;0 ;0 ;1 ;0 ;0 ;0 ;1 ;
153.46 ;2 ; ;0.62 ;0 ;-4.21 ;0.62 ;0 ;0 ;0 ;0 ;0 ;1 ;0 ;0 ;0 ;1 ;
153.48 ;2 ; ;0.62 ;0 ;-4.21 ;0.62 ;0 ;0 ;0 ;0 ;0 ;1 ;0 ;0 ;0 ;1 ;
153.5 ;2 ; ;0.62 ;0 ;-4.21 ;0.62 ;0 ;0 ;0 ;0 ;0 ;1 ;0 ;0 ;0 ;1 ;
153.52 ;2 ; ;0.62 ;0 ;-4.21 ;0.62 ;0 ;0 ;0 ;0 ;0 ;1 ;0 ;0 ;0 ;1 ;
153.54 ;2 ; ;0.62 ;0 ;-4.21 ;0.62 ;0 ;0 ;0 ;0 ;0 ;1 ;0 ;0 ;0 ;1 ;
153.56 ;2 ; ;0.62 ;0 ;-4.21 ;0.62 ;0 ;0 ;0 ;0 ;0 ;1 ;0 ;0 ;0 ;1 ;
153.58 ;2 ; ;0.62 ;0 ;-4.21 ;0.62 ;0 ;0 ;0 ;0 ;0 ;1 ;0 ;0 ;0 ;1 ;
153.6 ;2 ; ;0.62 ;0 ;-4.21 ;0.62 ;0 ;0 ;0 ;0 ;0 ;1 ;0 ;0 ;0 ;1 ;
153.62 ;2 ; ;0.62 ;0 ;-4.21 ;0.62 ;0 ;0 ;0 ;0 ;0 ;1 ;0 ;0 ;0 ;1 ;
153.64 ;2 ; ;0.62 ;0 ;-4.21 ;0.62 ;0 ;0 ;0 ;0 ;0 ;1 ;0 ;0 ;0 ;1 ;
153.66 ;2 ; ;0.62 ;0 ;-4.21 ;0.62 ;0 ;0 ;0 ;0 ;0 ;1 ;0 ;0 ;0 ;1 ;
153.68 ;2 ; ;0.62 ;0 ;-4.21 ;0.62 ;0 ;0 ;0 ;0 ;0 ;1 ;0 ;0 ;0 ;1 ;
153.7 ;2 ; ;0.62 ;0 ;-4.21 ;0.62 ;0 ;0 ;0 ;0 ;0 ;1 ;0 ;0 ;0 ;1 ;
153.72 ;2 ; ;0.62 ;0 ;-4.21 ;0.62 ;0 ;0 ;0 ;0 ;0 ;1 ;0 ;0 ;0 ;1 ;
153.74 ;2 ; ;0.62 ;0 ;-4.21 ;0.62 ;0 ;0 ;0 ;0 ;0 ;1 ;0 ;0 ;0 ;1 ;
153.76 ;2 ; ;0.62 ;0 ;-4.21 ;0.62 ;0 ;0 ;0 ;0 ;0 ;1 ;0 ;0 ;0 ;1 ;
153.78 ;2 ; ;0.62 ;0 ;-4.21 ;0.62 ;0 ;0 ;0 ;0 ;0 ;1 ;0 ;0 ;0 ;1 ;
153.8 ;2 ; ;0.62 ;0 ;-4.21 ;0.62 ;0 ;0 ;0 ;0 ;0 ;1 ;0 ;0 ;0 ;1 ;
153.82 ;2 ; ;0.62 ;0 ;-4.21 ;0.62 ;0 ;0 ;0 ;0 ;0 ;1 ;0 ;0 ;0 ;1 ;
153.84 ;2 ; ;0.62 ;0 ;-4.21 ;0.62 ;0 ;0 ;0 ;0 ;0 ;1 ;0 ;0 ;0 ;1 ;
153.86 ;2 ; ;0.62 ;0 ;-4.21 ;0.62 ;0 ;0 ;0 ;0 ;0 ;1 ;0 ;0 ;0 ;1 ;
153.88 ;2 ; ;0.62 ;0 ;-4.21 ;0.62 ;0 ;0 ;0 ;0 ;0 ;1 ;0 ;0 ;0 ;1 ;
153.9 ;2 ; ;0.62 ;0 ;-4.21 ;0.62 ;0 ;0 ;0 ;0 ;0 ;1 ;0 ;0 ;0 ;1 ;
153.92 ;2 ; ;0.62 ;0 ;-4.21 ;0.62 ;0 ;0 ;0 ;0 ;0 ;1 ;0 ;0 ;0 ;1 ;
153.94 ;2 ; ;0.62 ;0 ;-4.21 ;0.62 ;0 ;0 ;0 ;0 ;0 ;1 ;0 ;0 ;0 ;1 ;
153.96 ;2 ; ;0.62 ;0 ;-4.21 ;0.62 ;0 ;0 ;0 ;0 ;0 ;1 ;0 ;0 ;0 ;1 ;
153.98 ;2 ; ;0.62 ;0 ;-4.21 ;0.62 ;0 ;0 ;0 ;0 ;0 ;1 ;0 ;0 ;0 ;1 ;
154 ;2 ; ;0.62 ;0 ;-4.21 ;0.62 ;0 ;0 ;0 ;0 ;0 ;1 ;0 ;0 ;0 ;1 ;
154.02 ;2 ; ;0.62 ;0 ;-4.21 ;0.62 ;0 ;0 ;0 ;0 ;0 ;1 ;0 ;0 ;0 ;1 ;
154.04 ;2 ; ;0.62 ;0 ;-4.21 ;0.62 ;0 ;0 ;0 ;0 ;0 ;1 ;0 ;0 ;0 ;1 ;
154.06 ;2 ; ;0.62 ;0 ;-4.21 ;0.62 ;0 ;0 ;0 ;0 ;0 ;1 ;0 ;0 ;0 ;1 ;
154.08 ;2 ; ;0.62 ;0 ;-4.21 ;0.62 ;0 ;0 ;0 ;0 ;0 ;1 ;0 ;0 ;0 ;1 ;
154.1 ;2 ; ;0.62 ;0 ;-4.21 ;0.62 ;0 ;0 ;0 ;0 ;0 ;1 ;0 ;0 ;0 ;1 ;
154.12 ;2 ; ;0.62 ;0 ;-4.21 ;0.62 ;0 ;0 ;0 ;0 ;0 ;1 ;0 ;0 ;0 ;1 ;
154.14 ;2 ; ;0.62 ;0 ;-4.21 ;0.62 ;0 ;0 ;0 ;0 ;0 ;1 ;0 ;0 ;0 ;1 ;
154.16 ;2 ; ;0.62 ;0 ;-4.21 ;0.62 ;0 ;0 ;0 ;0 ;0 ;1 ;0 ;0 ;0 ;1 ;
154.18 ;2 ; ;0.62 ;0 ;-4.21 ;0.62 ;0 ;0 ;0 ;0 ;0 ;1 ;0 ;0 ;0 ;1 ;
154.2 ;2 ; ;0.62 ;0 ;-4.21 ;0.62 ;0 ;0 ;0 ;0 ;0 ;1 ;0 ;0 ;0 ;1 ;
154.22 ;2 ; ;0.62 ;0 ;-4.21 ;0.62 ;0 ;0 ;0 ;0 ;0 ;1 ;0 ;0 ;0 ;1 ;
154.24 ;2 ; ;0.62 ;0 ;-4.21 ;0.62 ;0 ;0 ;0 ;0 ;0 ;1 ;0 ;0 ;0 ;1 ;
154.26 ;2 ; ;0.62 ;0 ;-4.21 ;0.62 ;0 ;0 ;0 ;0 ;0 ;1 ;0 ;0 ;0 ;1 ;
154.28 ;2 ; ;0.62 ;0 ;-4.21 ;0.62 ;0 ;0 ;0 ;0 ;0 ;1 ;0 ;0 ;0 ;1 ;
154.3 ;2 ; ;0.62 ;0 ;-4.21 ;0.62 ;0 ;0 ;0 ;0 ;0 ;1 ;0 ;0 ;0 ;1 ;
154.32 ;2 ; ;0.62 ;0 ;-4.21 ;0.62 ;0 ;0 ;0 ;0 ;0 ;1 ;0 ;0 ;0 ;1 ;
154.34 ;2 ; ;0.62 ;0 ;-4.21 ;0.62 ;0 ;0 ;0 ;0 ;0 ;1 ;0 ;0 ;0 ;1 ;
154.36 ;2 ; ;0.62 ;0 ;-4.21 ;0.62 ;0 ;0 ;0 ;0 ;0 ;1 ;0 ;0 ;0 ;1 ;
154.38 ;2 ; ;0.62 ;0 ;-4.21 ;0.62 ;0 ;0 ;0 ;0 ;0 ;1 ;0 ;0 ;0 ;1 ;
154.4 ;2 ; ;0.62 ;0 ;-4.21 ;0.62 ;0 ;0 ;0 ;0 ;0 ;1 ;0 ;0 ;0 ;1 ;
154.42 ;2 ; ;0.62 ;0 ;-4.21 ;0.62 ;0 ;0 ;0 ;0 ;0 ;1 ;0 ;0 ;0 ;1 ;
154.44 ;2 ; ;0.62 ;0 ;-4.21 ;0.62 ;0 ;0 ;0 ;0 ;0 ;1 ;0 ;0 ;0 ;1 ;
154.46 ;2 ; ;0.62 ;0 ;-4.21 ;0.62 ;0 ;0 ;0 ;0 ;0 ;1 ;0 ;0 ;0 ;1 ;
154.48 ;2 ; ;0.62 ;0 ;-4.21 ;0.62 ;0 ;0 ;0 ;0 ;0 ;1 ;0 ;0 ;0 ;1 ;
154.5 ;2 ; ;0.62 ;0 ;-4.21 ;0.62 ;0 ;0 ;0 ;0 ;0 ;1 ;0 ;0 ;0 ;1 ;
154.52 ;2 ; ;0.62 ;0 ;-4.21 ;0.62 ;0 ;0 ;0 ;0 ;0 ;1 ;0 ;0 ;0 ;1 ;
154.54 ;2 ; ;0.62 ;0 ;-4.21 ;0.62 ;0 ;0 ;0 ;0 ;0 ;1 ;0 ;0 ;0 ;1 ;
154.56 ;2 ; ;0.62 ;0 ;-4.21 ;0.62 ;0 ;0 ;0 ;0 ;0 ;1 ;0 ;0 ;0 ;1 ;
154.58 ;2 ; ;0.62 ;0 ;-4.21 ;0.62 ;0 ;0 ;0 ;0 ;0 ;1 ;0 ;0 ;0 ;1 ;
154.6 ;2 ; ;0.62 ;0 ;-4.21 ;0.62 ;0 ;0 ;0 ;0 ;0 ;1 ;0 ;0 ;0 ;1 ;
154.62 ;2 ; ;0.62 ;0 ;-4.21 ;0.62 ;0 ;0 ;0 ;0 ;0 ;1 ;0 ;0 ;0 ;1 ;
154.64 ;2 ; ;0.62 ;0 ;-4.21 ;0.62 ;0 ;0 ;0 ;0 ;0 ;1 ;0 ;0 ;0 ;1 ;
154.66 ;2 ; ;0.62 ;0 ;-4.21 ;0.62 ;0 ;0 ;0 ;0 ;0 ;1 ;0 ;0 ;0 ;1 ;
154.68 ;2 ; ;0.62 ;0 ;-4.21 ;0.62 ;0 ;0 ;0 ;0 ;0 ;1 ;0 ;0 ;0 ;1 ;
154.7 ;2 ; ;0.62 ;0 ;-4.21 ;0.62 ;0 ;0 ;0 ;0 ;0 ;1 ;0 ;0 ;0 ;1 ;
154.72 ;2 ; ;0.62 ;0 ;-4.21 ;0.62 ;0 ;0 ;0 ;0 ;0 ;1 ;0 ;0 ;0 ;1 ;
154.74 ;2 ; ;0.62 ;0 ;-4.21 ;0.62 ;0 ;0 ;0 ;0 ;0 ;1 ;0 ;0 ;0 ;1 ;
154.76 ;2 ; ;0.62 ;0 ;-4.21 ;0.62 ;0 ;0 ;0 ;0 ;0 ;1 ;0 ;0 ;0 ;1 ;
154.78 ;2 ; ;0.62 ;0 ;-4.21 ;0.62 ;0 ;0 ;0 ;0 ;0 ;1 ;0 ;0 ;0 ;1 ;
154.8 ;2 ; ;0.62 ;0 ;-4.21 ;0.62 ;0 ;0 ;0 ;0 ;0 ;1 ;0 ;0 ;0 ;1 ;
154.82 ;2 ; ;0.62 ;0 ;-4.21 ;0.62 ;0 ;0 ;0 ;0 ;0 ;1 ;0 ;0 ;0 ;1 ;
154.84 ;2 ; ;0.62 ;0 ;-4.21 ;0.62 ;0 ;0 ;0 ;0 ;0 ;1 ;0 ;0 ;0 ;1 ;
154.86 ;2 ; ;0.62 ;0 ;-4.21 ;0.62 ;0 ;0 ;0 ;0 ;0 ;1 ;0 ;0 ;0 ;1 ;
154.88 ;2 ; ;0.62 ;0 ;-4.21 ;0.62 ;0 ;0 ;0 ;0 ;0 ;1 ;0 ;0 ;0 ;1 ;
154.9 ;2 ; ;0.62 ;0 ;-4.21 ;0.62 ;0 ;0 ;0 ;0 ;0 ;1 ;0 ;0 ;0 ;1 ;
154.92 ;2 ; ;0.62 ;0 ;-4.21 ;0.62 ;0 ;0 ;0 ;0 ;0 ;1 ;0 ;0 ;0 ;1 ;
154.94 ;2 ; ;0.62 ;0 ;-4.21 ;0.62 ;0 ;0 ;0 ;0 ;0 ;1 ;0 ;0 ;0 ;1 ;
154.96 ;2 ; ;0.62 ;0 ;-4.21 ;0.62 ;0 ;0 ;0 ;0 ;0 ;1 ;0 ;0 ;0 ;1 ;
154.98 ;2 ; ;0.62 ;0 ;-4.21 ;0.62 ;0 ;0 ;0 ;0 ;0 ;1 ;0 ;0 ;0 ;1 ;
155 ;2 ; ;0.62 ;0 ;-4.21 ;0.62 ;0 ;0 ;0 ;0 ;0 ;1 ;0 ;0 ;0 ;1 ;
155.02 ;2 ; ;0.62 ;0 ;-4.21 ;0.62 ;0 ;0 ;0 ;0 ;0 ;1 ;0 ;0 ;0 ;1 ;
155.04 ;2 ; ;0.62 ;0 ;-4.21 ;0.62 ;0 ;0 ;0 ;0 ;0 ;1 ;0 ;0 ;0 ;1 ;
155.06 ;2 ; ;0.62 ;0 ;-4.21 ;0.62 ;0 ;0 ;0 ;0 ;0 ;1 ;0 ;0 ;0 ;1 ;
155.08 ;2 ; ;0.62 ;0 ;-4.21 ;0.62 ;0 ;0 ;0 ;0 ;0 ;1 ;0 ;0 ;0 ;1 ;
155.1 ;2 ; ;0.62 ;0 ;-4.21 ;0.62 ;0 ;0 ;0 ;0 ;0 ;1 ;0 ;0 ;0 ;1 ;
155.12 ;2 ; ;0.62 ;0 ;-4.21 ;0.62 ;0 ;0 ;0 ;0 ;0 ;1 ;0 ;0 ;0 ;1 ;
155.14 ;2 ; ;0.62 ;0 ;-4.21 ;0.62 ;0 ;0 ;0 ;0 ;0 ;1 ;0 ;0 ;0 ;1 ;
155.16 ;2 ; ;0.62 ;0 ;-4.21 ;0.62 ;0 ;0 ;0 ;0 ;0 ;1 ;0 ;0 ;0 ;1 ;
155.18 ;2 ; ;0.62 ;0 ;-4.21 ;0.62 ;0 ;0 ;0 ;0 ;0 ;1 ;0 ;0 ;0 ;1 ;
155.2 ;2 ; ;0.62 ;0 ;-4.21 ;0.62 ;0 ;0 ;0 ;0 ;0 ;1 ;0 ;0 ;0 ;1 ;
155.22 ;2 ; ;0.62 ;0 ;-4.21 ;0.62 ;0 ;0 ;0 ;0 ;0 ;1 ;0 ;0 ;0 ;1 ;
155.24 ;2 ; ;0.62 ;0 ;-4.21 ;0.62 ;0 ;0 ;0 ;0 ;0 ;1 ;0 ;0 ;0 ;1 ;
155.26 ;2 ; ;0.62 ;0 ;-4.21 ;0.62 ;0 ;0 ;0 ;0 ;0 ;1 ;0 ;0 ;0 ;1 ;
155.28 ;2 ; ;0.62 ;0 ;-4.21 ;0.62 ;0 ;0 ;0 ;0 ;0 ;1 ;0 ;0 ;0 ;1 ;
155.3 ;2 ; ;0.62 ;0 ;-4.21 ;0.62 ;0 ;0 ;0 ;0 ;0 ;1 ;0 ;0 ;0 ;1 ;
155.32 ;2 ; ;0.62 ;0 ;-4.21 ;0.62 ;0 ;0 ;0 ;0 ;0 ;1 ;0 ;0 ;0 ;1 ;
155.34 ;2 ; ;0.62 ;0 ;-4.21 ;0.62 ;0 ;0 ;0 ;0 ;0 ;1 ;0 ;0 ;0 ;1 ;
155.36 ;2 ; ;0.62 ;0 ;-4.21 ;0.62 ;0 ;0 ;0 ;0 ;0 ;1 ;0 ;0 ;0 ;1 ;
155.38 ;2 ; ;0.62 ;0 ;-4.21 ;0.62 ;0 ;0 ;0 ;0 ;0 ;1 ;0 ;0 ;0 ;1 ;
155.4 ;2 ; ;0.62 ;0 ;-4.21 ;0.62 ;0 ;0 ;0 ;0 ;0 ;1 ;0 ;0 ;0 ;1 ;
155.42 ;2 ; ;0.62 ;0 ;-4.21 ;0.62 ;0 ;0 ;0 ;0 ;0 ;1 ;0 ;0 ;0 ;1 ;
155.44 ;2 ; ;0.62 ;0 ;-4.21 ;0.62 ;0 ;0 ;0 ;0 ;0 ;1 ;0 ;0 ;0 ;1 ;
155.46 ;2 ; ;0.62 ;0 ;-4.21 ;0.62 ;0 ;0 ;0 ;0 ;0 ;1 ;0 ;0 ;0 ;1 ;
155.48 ;2 ; ;0.62 ;0 ;-4.21 ;0.62 ;0 ;0 ;0 ;0 ;0 ;1 ;0 ;0 ;0 ;1 ;
155.5 ;2 ; ;0.62 ;0 ;-4.21 ;0.62 ;0 ;0 ;0 ;0 ;0 ;1 ;0 ;0 ;0 ;1 ;
155.52 ;2 ; ;0.62 ;0 ;-4.21 ;0.62 ;0 ;0 ;0 ;0 ;0 ;1 ;0 ;0 ;0 ;1 ;
155.54 ;2 ; ;0.62 ;0 ;-4.21 ;0.62 ;0 ;0 ;0 ;0 ;0 ;1 ;0 ;0 ;0 ;1 ;
155.56 ;2 ; ;0.62 ;0 ;-4.21 ;0.62 ;0 ;0 ;0 ;0 ;0 ;1 ;0 ;0 ;0 ;1 ;
155.58 ;2 ; ;0.62 ;0 ;-4.21 ;0.62 ;0 ;0 ;0 ;0 ;0 ;1 ;0 ;0 ;0 ;1 ;
155.6 ;2 ; ;0.62 ;0 ;-4.21 ;0.62 ;0 ;0 ;0 ;0 ;0 ;1 ;0 ;0 ;0 ;1 ;
155.62 ;2 ; ;0.62 ;0 ;-4.21 ;0.62 ;0 ;0 ;0 ;0 ;0 ;1 ;0 ;0 ;0 ;1 ;
155.64 ;2 ; ;0.62 ;0 ;-4.21 ;0.62 ;0 ;0 ;0 ;0 ;0 ;1 ;0 ;0 ;0 ;1 ;
155.66 ;2 ; ;0.62 ;0 ;-4.21 ;0.62 ;0 ;0 ;0 ;0 ;0 ;1 ;0 ;0 ;0 ;1 ;
155.68 ;2 ; ;0.62 ;0 ;-4.21 ;0.62 ;0 ;0 ;0 ;0 ;0 ;1 ;0 ;0 ;0 ;1 ;
155.7 ;2 ; ;0.62 ;0 ;-4.21 ;0.62 ;0 ;0 ;0 ;0 ;0 ;1 ;0 ;0 ;0 ;1 ;
155.72 ;2 ; ;0.62 ;0 ;-4.21 ;0.62 ;0 ;0 ;0 ;0 ;0 ;1 ;0 ;0 ;0 ;1 ;
155.74 ;2 ; ;0.62 ;0 ;-4.21 ;0.62 ;0 ;0 ;0 ;0 ;0 ;1 ;0 ;0 ;0 ;1 ;
155.76 ;2 ; ;0.62 ;0 ;-4.21 ;0.62 ;0 ;0 ;0 ;0 ;0 ;1 ;0 ;0 ;0 ;1 ;
155.78 ;2 ; ;0.62 ;0 ;-4.21 ;0.62 ;0 ;0 ;0 ;0 ;0 ;1 ;0 ;0 ;0 ;1 ;
155.8 ;2 ; ;0.62 ;0 ;-4.21 ;0.62 ;0 ;0 ;0 ;0 ;0 ;1 ;0 ;0 ;0 ;1 ;
155.82 ;2 ; ;0.62 ;0 ;-4.21 ;0.62 ;0 ;0 ;0 ;0 ;0 ;1 ;0 ;0 ;0 ;1 ;
155.84 ;2 ; ;0.62 ;0 ;-4.21 ;0.62 ;0 ;0 ;0 ;0 ;0 ;1 ;0 ;0 ;0 ;1 ;
155.86 ;2 ; ;0.62 ;0 ;-4.21 ;0.62 ;0 ;0 ;0 ;0 ;0 ;1 ;0 ;0 ;0 ;1 ;
155.88 ;2 ; ;0.62 ;0 ;-4.21 ;0.62 ;0 ;0 ;0 ;0 ;0 ;1 ;0 ;0 ;0 ;1 ;
155.9 ;2 ; ;0.62 ;0 ;-4.21 ;0.62 ;0 ;0 ;0 ;0 ;0 ;1 ;0 ;0 ;0 ;1 ;
155.92 ;2 ; ;0.62 ;0 ;-4.21 ;0.62 ;0 ;0 ;0 ;0 ;0 ;1 ;0 ;0 ;0 ;1 ;
155.94 ;2 ; ;0.62 ;0 ;-4.21 ;0.62 ;0 ;0 ;0 ;0 ;0 ;1 ;0 ;0 ;0 ;1 ;
155.96 ;2 ; ;0.62 ;0 ;-4.21 ;0.62 ;0 ;0 ;0 ;0 ;0 ;1 ;0 ;0 ;0 ;1 ;
