Mouse and Keyboard; 2024-10-17 12:50:52.674 ;
timestamp; status;interrupt;MovementLR; ; ;MovementFB; ; ;PlayerOrientation; ; ;
msec; Game Status; code;x; y; ;x; y; ;x; y; ;
15.88327 ;0 ;5 ;0 ;0 ;0 ;0 ;0 ;0 ;0 ;0 ;0 ;
15.6 ;0 ; ;0 ;0 ;0 ;0 ;0 ;0 ;0 ;0 ;0 ;
15.62 ;0 ; ;0 ;0 ;0 ;0 ;0 ;0 ;0 ;0 ;0 ;
15.64 ;0 ; ;0 ;0 ;0 ;0 ;0 ;0 ;0 ;0 ;0 ;
15.66 ;0 ; ;0 ;0 ;0 ;0 ;0 ;0 ;0 ;0 ;0 ;
15.68 ;0 ; ;0 ;0 ;0 ;0 ;0 ;0 ;0 ;0 ;0 ;
15.7 ;0 ; ;0 ;0 ;0 ;0 ;0 ;0 ;0 ;0 ;0 ;
15.72 ;0 ; ;0 ;0 ;0 ;0 ;0 ;0 ;0 ;0 ;0 ;
15.74 ;0 ; ;0 ;0 ;0 ;0 ;0 ;0 ;0 ;0 ;0 ;
15.76 ;0 ; ;0 ;0 ;0 ;0 ;0 ;0 ;0 ;0 ;0 ;
15.78 ;0 ; ;0 ;0 ;0 ;0 ;0 ;0 ;0 ;0 ;0 ;
15.8 ;0 ; ;0 ;0 ;0 ;0 ;0 ;0 ;0 ;0 ;0 ;
15.82 ;0 ; ;0 ;0 ;0 ;0 ;0 ;0 ;0 ;0 ;0 ;
15.84 ;0 ; ;0 ;0 ;0 ;0 ;0 ;0 ;0 ;0 ;0 ;
15.86 ;0 ; ;0 ;0 ;0 ;0 ;0 ;0 ;0 ;0 ;0 ;
15.88 ;0 ; ;0 ;0 ;0 ;0 ;0 ;0 ;0 ;0 ;0 ;
15.9 ;0 ; ;0 ;0 ;0 ;0 ;0 ;0 ;0 ;0 ;0 ;
15.92 ;0 ; ;0 ;0 ;0 ;0 ;0 ;0 ;0 ;0 ;0 ;
15.94 ;0 ; ;0 ;0 ;0 ;0 ;0 ;0 ;0 ;0 ;0 ;
15.96 ;0 ; ;0 ;0 ;0 ;0 ;0 ;0 ;0 ;0 ;0 ;
15.98 ;0 ; ;0 ;0 ;0 ;0 ;0 ;0 ;0 ;0 ;0 ;
16 ;0 ; ;0 ;0 ;0 ;0 ;0 ;0 ;0 ;0 ;0 ;
16.02 ;0 ; ;0 ;0 ;0 ;0 ;0 ;0 ;0 ;0 ;0 ;
16.04 ;0 ; ;0 ;0 ;0 ;0 ;0 ;0 ;0 ;0 ;0 ;
16.06 ;0 ; ;0 ;0 ;0 ;0 ;0 ;0 ;0 ;0 ;0 ;
16.08 ;0 ; ;0 ;0 ;0 ;0 ;0 ;0 ;0 ;0 ;0 ;
16.1 ;0 ; ;0 ;0 ;0 ;0 ;0 ;0 ;0 ;0 ;0 ;
16.12 ;0 ; ;0 ;0 ;0 ;0 ;0 ;0 ;0 ;0 ;0 ;
16.14 ;0 ; ;0 ;0 ;0 ;0 ;0 ;0 ;0 ;0 ;0 ;
16.16 ;0 ; ;0 ;0 ;0 ;0 ;0 ;0 ;0 ;0 ;0 ;
16.18 ;0 ; ;0 ;0 ;0 ;0 ;0 ;0 ;0 ;0 ;0 ;
16.2 ;0 ; ;0 ;0 ;0 ;0 ;0 ;0 ;0 ;0 ;0 ;
16.22 ;0 ; ;0 ;0 ;0 ;0 ;0 ;0 ;0 ;0 ;0 ;
16.24 ;0 ; ;0 ;0 ;0 ;0 ;0 ;0 ;0 ;0 ;0 ;
16.26 ;0 ; ;0 ;0 ;0 ;0 ;0 ;0 ;0 ;0 ;0 ;
16.28 ;0 ; ;0 ;0 ;0 ;0 ;0 ;0 ;0 ;0 ;0 ;
16.3 ;0 ; ;0 ;0 ;0 ;0 ;0 ;0 ;0 ;0 ;0 ;
16.32 ;0 ; ;0 ;0 ;0 ;0 ;0 ;0 ;0 ;0 ;0 ;
16.34 ;0 ; ;0 ;0 ;0 ;0 ;0 ;0 ;0 ;0 ;0 ;
16.36 ;0 ; ;0 ;0 ;0 ;0 ;0 ;0 ;0 ;0 ;0 ;
16.38 ;0 ; ;0 ;0 ;0 ;0 ;0 ;0 ;0 ;0 ;0 ;
16.4 ;0 ; ;0 ;0 ;0 ;0 ;0 ;0 ;0 ;0 ;0 ;
16.42 ;0 ; ;0 ;0 ;0 ;0 ;0 ;0 ;0 ;0 ;0 ;
16.44 ;0 ; ;0 ;0 ;0 ;0 ;0 ;0 ;0 ;0 ;0 ;
16.46 ;0 ; ;0 ;0 ;0 ;0 ;0 ;0 ;0 ;0 ;0 ;
16.48 ;0 ; ;0 ;0 ;0 ;0 ;0 ;0 ;0 ;0 ;0 ;
16.5 ;0 ; ;0 ;0 ;0 ;0 ;0 ;0 ;0 ;0 ;0 ;
16.52 ;0 ; ;0 ;0 ;0 ;0 ;0 ;0 ;0 ;0 ;0 ;
16.54 ;0 ; ;0 ;0 ;0 ;0 ;0 ;0 ;0 ;0 ;0 ;
16.56 ;0 ; ;0 ;0 ;0 ;0 ;0 ;0 ;0 ;0 ;0 ;
16.58 ;0 ; ;0 ;0 ;0 ;0 ;0 ;0 ;0 ;0 ;0 ;
16.6 ;0 ; ;0 ;0 ;0 ;0 ;0 ;0 ;0 ;0 ;0 ;
16.62 ;0 ; ;0 ;0 ;0 ;0 ;0 ;0 ;0 ;0 ;0 ;
16.64 ;0 ; ;0 ;0 ;0 ;0 ;0 ;0 ;0 ;0 ;0 ;
16.66 ;0 ; ;0 ;0 ;0 ;0 ;0 ;0 ;0 ;0 ;0 ;
16.68 ;0 ; ;0 ;0 ;0 ;0 ;0 ;0 ;0 ;0 ;0 ;
16.7 ;0 ; ;0 ;0 ;0 ;0 ;0 ;0 ;0 ;0 ;0 ;
16.72 ;0 ; ;0 ;0 ;0 ;0 ;0 ;0 ;0 ;0 ;0 ;
16.74 ;0 ; ;0 ;0 ;0 ;0 ;0 ;0 ;0 ;0 ;0 ;
16.76 ;0 ; ;0 ;0 ;0 ;0 ;0 ;0 ;0 ;0 ;0 ;
16.78 ;0 ; ;0 ;0 ;0 ;0 ;0 ;0 ;0 ;0 ;0 ;
16.8 ;0 ; ;0 ;0 ;0 ;0 ;0 ;0 ;0 ;0 ;0 ;
16.82 ;0 ; ;0 ;0 ;0 ;0 ;0 ;0 ;0 ;0 ;0 ;
16.84 ;0 ; ;0 ;0 ;0 ;0 ;0 ;0 ;0 ;0 ;0 ;
16.86 ;0 ; ;0 ;0 ;0 ;0 ;0 ;0 ;0 ;0 ;0 ;
16.88 ;0 ; ;0 ;0 ;0 ;0 ;0 ;0 ;0 ;0 ;0 ;
16.9 ;0 ; ;0 ;0 ;0 ;0 ;0 ;0 ;0 ;0 ;0 ;
16.92 ;0 ; ;0 ;0 ;0 ;0 ;0 ;0 ;0 ;0 ;0 ;
16.94 ;0 ; ;0 ;0 ;0 ;0 ;0 ;0 ;0 ;0 ;0 ;
16.96 ;0 ; ;0 ;0 ;0 ;0 ;0 ;0 ;0 ;0 ;0 ;
16.98 ;0 ; ;0 ;0 ;0 ;0 ;0 ;0 ;0 ;0 ;0 ;
17 ;0 ; ;0 ;0 ;0 ;0 ;0 ;0 ;0 ;0 ;0 ;
17.02 ;0 ; ;0 ;0 ;0 ;0 ;0 ;0 ;0 ;0 ;0 ;
17.04 ;0 ; ;0 ;0 ;0 ;0 ;0 ;0 ;0 ;0 ;0 ;
17.06 ;0 ; ;0 ;0 ;0 ;0 ;0 ;0 ;0 ;0 ;0 ;
17.08 ;0 ; ;0 ;0 ;0 ;0 ;0 ;0 ;0 ;0 ;0 ;
17.1 ;0 ; ;0 ;0 ;0 ;0 ;0 ;0 ;0 ;0 ;0 ;
17.12 ;0 ; ;0 ;0 ;0 ;0 ;0 ;0 ;0 ;0 ;0 ;
17.14 ;0 ; ;0 ;0 ;0 ;0 ;0 ;0 ;0 ;0 ;0 ;
17.16 ;0 ; ;0 ;0 ;0 ;0 ;0 ;0 ;0 ;0 ;0 ;
17.18 ;0 ; ;0 ;0 ;0 ;0 ;0 ;0 ;0 ;0 ;0 ;
17.2 ;0 ; ;0 ;0 ;0 ;0 ;0 ;0 ;0 ;0 ;0 ;
17.22 ;0 ; ;0 ;0 ;0 ;0 ;0 ;0 ;0 ;0 ;0 ;
17.24 ;0 ; ;0 ;0 ;0 ;0 ;0 ;0 ;0 ;0 ;0 ;
17.26 ;0 ; ;0 ;0 ;0 ;0 ;0 ;0 ;0 ;0 ;0 ;
17.28 ;0 ; ;0 ;0 ;0 ;0 ;0 ;0 ;0 ;0 ;0 ;
17.3 ;0 ; ;0 ;0 ;0 ;0 ;0 ;0 ;0 ;0 ;0 ;
17.32 ;0 ; ;0 ;0 ;0 ;0 ;0 ;0 ;0 ;0 ;0 ;
17.34 ;0 ; ;0 ;0 ;0 ;0 ;0 ;0 ;0 ;0 ;0 ;
17.36 ;0 ; ;0 ;0 ;0 ;0 ;0 ;0 ;0 ;0 ;0 ;
17.38 ;0 ; ;0 ;0 ;0 ;0 ;0 ;0 ;0 ;0 ;0 ;
17.4 ;0 ; ;0 ;0 ;0 ;0 ;0 ;0 ;0 ;0 ;0 ;
17.42 ;0 ; ;0 ;0 ;0 ;0 ;0 ;0 ;0 ;0 ;0 ;
17.44 ;0 ; ;0 ;0 ;0 ;0 ;0 ;0 ;0 ;0 ;0 ;
17.46 ;0 ; ;0 ;0 ;0 ;0 ;0 ;0 ;0 ;0 ;0 ;
17.48 ;0 ; ;0 ;0 ;0 ;0 ;0 ;0 ;0 ;0 ;0 ;
17.5 ;0 ; ;0 ;0 ;0 ;0 ;0 ;0 ;0 ;0 ;0 ;
17.52 ;0 ; ;0 ;0 ;0 ;0 ;0 ;0 ;0 ;0 ;0 ;
17.54 ;0 ; ;0 ;0 ;0 ;0 ;0 ;0 ;0 ;0 ;0 ;
17.56 ;0 ; ;0 ;0 ;0 ;0 ;0 ;0 ;0 ;0 ;0 ;
17.58 ;0 ; ;0 ;0 ;0 ;0 ;0 ;0 ;0 ;0 ;0 ;
17.6 ;0 ; ;0 ;0 ;0 ;0 ;0 ;0 ;0 ;0 ;0 ;
17.62 ;0 ; ;0 ;0 ;0 ;0 ;0 ;0 ;0 ;0 ;0 ;
17.64 ;0 ; ;0 ;0 ;0 ;0 ;0 ;0 ;0 ;0 ;0 ;
17.66 ;0 ; ;0 ;0 ;0 ;0 ;0 ;0 ;0 ;0 ;0 ;
17.68 ;0 ; ;0 ;0 ;0 ;0 ;0 ;0 ;0 ;0 ;0 ;
17.7 ;0 ; ;0 ;0 ;0 ;0 ;0 ;0 ;0 ;0 ;0 ;
17.72 ;0 ; ;0 ;0 ;0 ;0 ;0 ;0 ;0 ;0 ;0 ;
17.74 ;0 ; ;0 ;0 ;0 ;0 ;0 ;0 ;0 ;0 ;0 ;
17.76 ;0 ; ;0 ;0 ;0 ;0 ;0 ;0 ;0 ;0 ;0 ;
17.78 ;0 ; ;0 ;0 ;0 ;0 ;0 ;0 ;0 ;0 ;0 ;
17.8 ;0 ; ;0 ;0 ;0 ;0 ;0 ;0 ;0 ;0 ;0 ;
17.82 ;0 ; ;0 ;0 ;0 ;0 ;0 ;0 ;0 ;0 ;0 ;
17.84 ;0 ; ;0 ;0 ;0 ;0 ;0 ;0 ;0 ;0 ;0 ;
17.86 ;0 ; ;0 ;0 ;0 ;0 ;0 ;0 ;0 ;0 ;0 ;
17.88 ;0 ; ;0 ;0 ;0 ;0 ;0 ;0 ;0 ;0 ;0 ;
17.9 ;0 ; ;0 ;0 ;0 ;0 ;0 ;0 ;0 ;0 ;0 ;
17.92 ;0 ; ;0 ;0 ;0 ;0 ;0 ;0 ;0 ;0 ;0 ;
17.94 ;0 ; ;0 ;0 ;0 ;0 ;0 ;0 ;0 ;0 ;0 ;
17.96 ;0 ; ;0 ;0 ;0 ;0 ;0 ;0 ;0 ;0 ;0 ;
17.98 ;0 ; ;0 ;0 ;0 ;0 ;0 ;0 ;0 ;0 ;0 ;
18 ;0 ; ;0 ;0 ;0 ;0 ;0 ;0 ;0 ;0 ;0 ;
18.02 ;0 ; ;0 ;0 ;0 ;0 ;0 ;0 ;0 ;0 ;0 ;
18.04 ;0 ; ;0 ;0 ;0 ;0 ;0 ;0 ;0 ;0 ;0 ;
18.06 ;0 ; ;0 ;0 ;0 ;0 ;0 ;0 ;0 ;0 ;0 ;
18.08 ;0 ; ;0 ;0 ;0 ;0 ;0 ;0 ;0 ;0 ;0 ;
18.1 ;0 ; ;0 ;0 ;0 ;0 ;0 ;0 ;0 ;0 ;0 ;
18.12 ;0 ; ;0 ;0 ;0 ;0 ;0 ;0 ;0 ;0 ;0 ;
18.14 ;0 ; ;0 ;0 ;0 ;0 ;0 ;0 ;0 ;0 ;0 ;
18.16 ;0 ; ;0 ;0 ;0 ;0 ;0 ;0 ;0 ;0 ;0 ;
18.18 ;0 ; ;0 ;0 ;0 ;0 ;0 ;0 ;0 ;0 ;0 ;
18.2 ;0 ; ;0 ;0 ;0 ;0 ;0 ;0 ;0 ;0 ;0 ;
18.22 ;0 ; ;0 ;0 ;0 ;0 ;0 ;0 ;0 ;0 ;0 ;
18.24 ;0 ; ;0 ;0 ;0 ;0 ;0 ;0 ;0 ;0 ;0 ;
18.26 ;0 ; ;0 ;0 ;0 ;0 ;0 ;0 ;0 ;0 ;0 ;
18.28 ;0 ; ;0 ;0 ;0 ;0 ;0 ;0 ;0 ;0 ;0 ;
18.3 ;0 ; ;0 ;0 ;0 ;0 ;0 ;0 ;0 ;0 ;0 ;
18.32 ;0 ; ;0 ;0 ;0 ;0 ;0 ;0 ;0 ;0 ;0 ;
18.34 ;0 ; ;0 ;0 ;0 ;0 ;0 ;0 ;0 ;0 ;0 ;
18.36 ;0 ; ;0 ;0 ;0 ;0 ;0 ;0 ;0 ;0 ;0 ;
18.38 ;0 ; ;0 ;0 ;0 ;0 ;0 ;0 ;0 ;0 ;0 ;
18.4 ;0 ; ;0 ;0 ;0 ;0 ;0 ;0 ;0 ;0 ;0 ;
18.42 ;0 ; ;0 ;0 ;0 ;0 ;0 ;0 ;0 ;0 ;0 ;
18.44 ;0 ; ;0 ;0 ;0 ;0 ;0 ;0 ;0 ;0 ;0 ;
18.46 ;0 ; ;0 ;0 ;0 ;0 ;0 ;0 ;0 ;0 ;0 ;
18.48 ;0 ; ;0 ;0 ;0 ;0 ;0 ;0 ;0 ;0 ;0 ;
18.5 ;0 ; ;0 ;0 ;0 ;0 ;0 ;0 ;0 ;0 ;0 ;
18.52 ;0 ; ;0 ;0 ;0 ;0 ;0 ;0 ;0 ;0 ;0 ;
18.54 ;0 ; ;0 ;0 ;0 ;0 ;0 ;0 ;0 ;0 ;0 ;
18.56 ;0 ; ;0 ;0 ;0 ;0 ;0 ;0 ;0 ;0 ;0 ;
18.58 ;0 ; ;0 ;0 ;0 ;0 ;0 ;0 ;0 ;0 ;0 ;
18.6 ;0 ; ;0 ;0 ;0 ;0 ;0 ;0 ;0 ;0 ;0 ;
18.62 ;0 ; ;0 ;0 ;0 ;0 ;0 ;0 ;0 ;0 ;0 ;
18.64 ;0 ; ;0 ;0 ;0 ;0 ;0 ;0 ;0 ;0 ;0 ;
18.66 ;0 ; ;0 ;0 ;0 ;0 ;0 ;0 ;0 ;0 ;0 ;
18.68 ;0 ; ;0 ;0 ;0 ;0 ;0 ;0 ;0 ;0 ;0 ;
18.7 ;0 ; ;0 ;0 ;0 ;0 ;0 ;0 ;0 ;0 ;0 ;
18.72 ;0 ; ;0 ;0 ;0 ;0 ;0 ;0 ;0 ;0 ;0 ;
18.74 ;0 ; ;0 ;0 ;0 ;0 ;0 ;0 ;0 ;0 ;0 ;
18.76 ;0 ; ;0 ;0 ;0 ;0 ;0 ;0 ;0 ;0 ;0 ;
18.78 ;0 ; ;0 ;0 ;0 ;0 ;0 ;0 ;0 ;0 ;0 ;
18.8 ;0 ; ;0 ;0 ;0 ;0 ;0 ;0 ;0 ;0 ;0 ;
18.82 ;0 ; ;0 ;0 ;0 ;0 ;0 ;0 ;0 ;0 ;0 ;
18.84 ;0 ; ;0 ;0 ;0 ;0 ;0 ;0 ;0 ;0 ;0 ;
18.86 ;0 ; ;0 ;0 ;0 ;0 ;0 ;0 ;0 ;0 ;0 ;
18.88 ;0 ; ;0 ;0 ;0 ;0 ;0 ;0 ;0 ;0 ;0 ;
18.9 ;0 ; ;0 ;0 ;0 ;0 ;0 ;0 ;0 ;0 ;0 ;
18.92 ;0 ; ;0 ;0 ;0 ;0 ;0 ;0 ;0 ;0 ;0 ;
18.94 ;0 ; ;0 ;0 ;0 ;0 ;0 ;0 ;0 ;0 ;0 ;
18.96 ;0 ; ;0 ;0 ;0 ;0 ;0 ;0 ;0 ;0 ;0 ;
18.98 ;0 ; ;0 ;0 ;0 ;0 ;0 ;0 ;0 ;0 ;0 ;
19 ;0 ; ;0 ;0 ;0 ;0 ;0 ;0 ;0 ;0 ;0 ;
19.02 ;0 ; ;0 ;0 ;0 ;0 ;0 ;0 ;0 ;0 ;0 ;
19.04 ;0 ; ;0 ;0 ;0 ;0 ;0 ;0 ;0 ;0 ;0 ;
19.06 ;0 ; ;0 ;0 ;0 ;0 ;0 ;0 ;0 ;0 ;0 ;
19.08 ;0 ; ;0 ;0 ;0 ;0 ;0 ;0 ;0 ;0 ;0 ;
19.1 ;0 ; ;0 ;0 ;0 ;0 ;0 ;0 ;0 ;0 ;0 ;
19.12 ;0 ; ;0 ;0 ;0 ;0 ;0 ;0 ;0 ;0 ;0 ;
19.14 ;0 ; ;0 ;0 ;0 ;0 ;0 ;0 ;0 ;0 ;0 ;
19.16 ;0 ; ;0 ;0 ;0 ;0 ;0 ;0 ;0 ;0 ;0 ;
19.18 ;0 ; ;0 ;0 ;0 ;0 ;0 ;0 ;0 ;0 ;0 ;
19.2 ;0 ; ;0 ;0 ;0 ;0 ;0 ;0 ;0 ;0 ;0 ;
19.22 ;0 ; ;0 ;0 ;0 ;0 ;0 ;0 ;0 ;0 ;0 ;
19.24 ;0 ; ;0 ;0 ;0 ;0 ;0 ;0 ;0 ;0 ;0 ;
19.26 ;0 ; ;0 ;0 ;0 ;0 ;0 ;0 ;0 ;0 ;0 ;
19.28 ;0 ; ;0 ;0 ;0 ;0 ;0 ;0 ;0 ;0 ;0 ;
19.3 ;0 ; ;0 ;0 ;0 ;0 ;0 ;0 ;0 ;0 ;0 ;
19.32 ;0 ; ;0 ;0 ;0 ;0 ;0 ;0 ;0 ;0 ;0 ;
19.34 ;0 ; ;0 ;0 ;0 ;0 ;0 ;0 ;0 ;0 ;0 ;
19.36 ;0 ; ;0 ;0 ;0 ;0 ;0 ;0 ;0 ;0 ;0 ;
19.38 ;0 ; ;0 ;0 ;0 ;0 ;0 ;0 ;0 ;0 ;0 ;
19.4 ;0 ; ;0 ;0 ;0 ;0 ;0 ;0 ;0 ;0 ;0 ;
19.42 ;0 ; ;0 ;0 ;0 ;0 ;0 ;0 ;0 ;0 ;0 ;
19.44 ;0 ; ;0 ;0 ;0 ;0 ;0 ;0 ;0 ;0 ;0 ;
19.46 ;0 ; ;0 ;0 ;0 ;0 ;0 ;0 ;0 ;0 ;0 ;
19.48 ;0 ; ;0 ;0 ;0 ;0 ;0 ;0 ;0 ;0 ;0 ;
19.5 ;0 ; ;0 ;0 ;0 ;0 ;0 ;0 ;0 ;0 ;0 ;
19.52 ;0 ; ;0 ;0 ;0 ;0 ;0 ;0 ;0 ;0 ;0 ;
19.54 ;0 ; ;0 ;0 ;0 ;0 ;0 ;0 ;0 ;0 ;0 ;
19.56 ;0 ; ;0 ;0 ;0 ;0 ;0 ;0 ;0 ;0 ;0 ;
19.58 ;0 ; ;0 ;0 ;0 ;0 ;0 ;0 ;0 ;0 ;0 ;
19.6 ;0 ; ;0 ;0 ;0 ;0 ;0 ;0 ;0 ;0 ;0 ;
19.62 ;0 ; ;0 ;0 ;0 ;0 ;0 ;0 ;0 ;0 ;0 ;
19.64 ;0 ; ;0 ;0 ;0 ;0 ;0 ;0 ;0 ;0 ;0 ;
19.66 ;0 ; ;0 ;0 ;0 ;0 ;0 ;0 ;0 ;0 ;0 ;
19.68 ;0 ; ;0 ;0 ;0 ;0 ;0 ;0 ;0 ;0 ;0 ;
19.7 ;0 ; ;0 ;0 ;0 ;0 ;0 ;0 ;0 ;0 ;0 ;
19.72 ;0 ; ;0 ;0 ;0 ;0 ;0 ;0 ;0 ;0 ;0 ;
19.74 ;0 ; ;0 ;0 ;0 ;0 ;0 ;0 ;0 ;0 ;0 ;
19.76 ;0 ; ;0 ;0 ;0 ;0 ;0 ;0 ;0 ;0 ;0 ;
19.78 ;0 ; ;0 ;0 ;0 ;0 ;0 ;0 ;0 ;0 ;0 ;
19.8 ;0 ; ;0 ;0 ;0 ;0 ;0 ;0 ;0 ;0 ;0 ;
19.82 ;0 ; ;0 ;0 ;0 ;0 ;0 ;0 ;0 ;0 ;0 ;
19.84 ;0 ; ;0 ;0 ;0 ;0 ;0 ;0 ;0 ;0 ;0 ;
19.86 ;0 ; ;0 ;0 ;0 ;0 ;0 ;0 ;0 ;0 ;0 ;
19.88 ;0 ; ;0 ;0 ;0 ;0 ;0 ;0 ;0 ;0 ;0 ;
19.9 ;0 ; ;0 ;0 ;0 ;0 ;0 ;0 ;0 ;0 ;0 ;
19.92 ;0 ; ;0 ;0 ;0 ;0 ;0 ;0 ;0 ;0 ;0 ;
19.94 ;0 ; ;0 ;0 ;0 ;0 ;0 ;0 ;0 ;0 ;0 ;
19.96 ;0 ; ;0 ;0 ;0 ;0 ;0 ;0 ;0 ;0 ;0 ;
19.98 ;0 ; ;0 ;0 ;0 ;0 ;0 ;0 ;0 ;0 ;0 ;
20 ;0 ; ;0 ;0 ;0 ;0 ;0 ;0 ;0 ;0 ;0 ;
20.02 ;0 ; ;0 ;0 ;0 ;0 ;0 ;0 ;0 ;0 ;0 ;
20.04 ;0 ; ;0 ;0 ;0 ;0 ;0 ;0 ;0 ;0 ;0 ;
20.06 ;0 ; ;0 ;0 ;0 ;0 ;0 ;0 ;0 ;0 ;0 ;
20.08 ;0 ; ;0 ;0 ;0 ;0 ;0 ;0 ;0 ;0 ;0 ;
20.1 ;0 ; ;0 ;0 ;0 ;0 ;0 ;0 ;0 ;0 ;0 ;
20.12 ;0 ; ;0 ;0 ;0 ;0 ;0 ;0 ;0 ;0 ;0 ;
20.14 ;0 ; ;0 ;0 ;0 ;0 ;0 ;0 ;0 ;0 ;0 ;
20.16 ;0 ; ;0 ;0 ;0 ;0 ;0 ;0 ;0 ;0 ;0 ;
20.18 ;0 ; ;0 ;0 ;0 ;0 ;0 ;0 ;0 ;0 ;0 ;
20.2 ;0 ; ;0 ;0 ;0 ;0 ;0 ;0 ;0 ;0 ;0 ;
20.22 ;0 ; ;0 ;0 ;0 ;0 ;0 ;0 ;0 ;0 ;0 ;
20.24 ;0 ; ;0 ;0 ;0 ;0 ;0 ;0 ;0 ;0 ;0 ;
20.26 ;0 ; ;0 ;0 ;0 ;0 ;0 ;0 ;0 ;0 ;0 ;
20.28 ;0 ; ;0 ;0 ;0 ;0 ;0 ;0 ;0 ;0 ;0 ;
20.3 ;0 ; ;0 ;0 ;0 ;0 ;0 ;0 ;0 ;0 ;0 ;
20.32 ;0 ; ;0 ;0 ;0 ;0 ;0 ;0 ;0 ;0 ;0 ;
20.34 ;0 ; ;0 ;0 ;0 ;0 ;0 ;0 ;0 ;0 ;0 ;
20.36 ;0 ; ;0 ;0 ;0 ;0 ;0 ;0 ;0 ;0 ;0 ;
20.38 ;0 ; ;0 ;0 ;0 ;0 ;0 ;0 ;0 ;0 ;0 ;
20.4 ;0 ; ;0 ;0 ;0 ;0 ;0 ;0 ;0 ;0 ;0 ;
20.42 ;0 ; ;0 ;0 ;0 ;0 ;0 ;0 ;0 ;0 ;0 ;
20.44 ;0 ; ;0 ;0 ;0 ;0 ;0 ;0 ;0 ;0 ;0 ;
20.46 ;0 ; ;0 ;0 ;0 ;0 ;0 ;0 ;0 ;0 ;0 ;
20.48 ;0 ; ;0 ;0 ;0 ;0 ;0 ;0 ;0 ;0 ;0 ;
20.5 ;0 ; ;0 ;0 ;0 ;0 ;0 ;0 ;0 ;0 ;0 ;
20.52 ;0 ; ;0 ;0 ;0 ;0 ;0 ;0 ;0 ;0 ;0 ;
20.54 ;0 ; ;0 ;0 ;0 ;0 ;0 ;0 ;0 ;0 ;0 ;
20.56 ;0 ; ;0 ;0 ;0 ;0 ;0 ;0 ;0 ;0 ;0 ;
20.58 ;0 ; ;0 ;0 ;0 ;0 ;0 ;0 ;0 ;0 ;0 ;
20.6 ;0 ; ;0 ;0 ;0 ;0 ;0 ;0 ;0 ;0 ;0 ;
20.62 ;0 ; ;0 ;0 ;0 ;0 ;0 ;0 ;0 ;0 ;0 ;
20.64 ;0 ; ;0 ;0 ;0 ;0 ;0 ;0 ;0 ;0 ;0 ;
20.66 ;0 ; ;0 ;0 ;0 ;0 ;0 ;0 ;0 ;0 ;0 ;
20.68 ;0 ; ;0 ;0 ;0 ;0 ;0 ;0 ;0 ;0 ;0 ;
20.7 ;0 ; ;0 ;0 ;0 ;0 ;0 ;0 ;0 ;0 ;0 ;
20.72 ;0 ; ;0 ;0 ;0 ;0 ;0 ;0 ;0 ;0 ;0 ;
20.74 ;0 ; ;0 ;0 ;0 ;0 ;0 ;0 ;0 ;0 ;0 ;
20.76 ;0 ; ;0 ;0 ;0 ;0 ;0 ;0 ;0 ;0 ;0 ;
20.78 ;0 ; ;0 ;0 ;0 ;0 ;0 ;0 ;0 ;0 ;0 ;
20.8 ;0 ; ;0 ;0 ;0 ;0 ;0 ;0 ;0 ;0 ;0 ;
20.82 ;0 ; ;0 ;0 ;0 ;0 ;0 ;0 ;0 ;0 ;0 ;
20.84 ;0 ; ;0 ;0 ;0 ;0 ;0 ;0 ;0 ;0 ;0 ;
20.86 ;0 ; ;0 ;0 ;0 ;0 ;0 ;0 ;0 ;0 ;0 ;
20.88 ;0 ; ;0 ;0 ;0 ;0 ;0 ;0 ;0 ;0 ;0 ;
20.9 ;0 ; ;0 ;0 ;0 ;0 ;0 ;0 ;0 ;0 ;0 ;
20.92 ;0 ; ;0 ;0 ;0 ;0 ;0 ;0 ;0 ;0 ;0 ;
20.94 ;0 ; ;0 ;0 ;0 ;0 ;0 ;0 ;0 ;0 ;0 ;
20.96 ;0 ; ;0 ;0 ;0 ;0 ;0 ;0 ;0 ;0 ;0 ;
20.98 ;0 ; ;0 ;0 ;0 ;0 ;0 ;0 ;0 ;0 ;0 ;
21 ;0 ; ;0 ;0 ;0 ;0 ;0 ;0 ;0 ;0 ;0 ;
21.02 ;0 ; ;0 ;0 ;0 ;0 ;0 ;0 ;0 ;0 ;0 ;
21.04 ;0 ; ;0 ;0 ;0 ;0 ;0 ;0 ;0 ;0 ;0 ;
21.06 ;0 ; ;0 ;0 ;0 ;0 ;0 ;0 ;0 ;0 ;0 ;
21.08 ;0 ; ;0 ;0 ;0 ;0 ;0 ;0 ;0 ;0 ;0 ;
21.1 ;0 ; ;0 ;0 ;0 ;0 ;0 ;0 ;0 ;0 ;0 ;
21.12 ;0 ; ;0 ;0 ;0 ;0 ;0 ;0 ;0 ;0 ;0 ;
21.14 ;0 ; ;0 ;0 ;0 ;0 ;0 ;0 ;0 ;0 ;0 ;
21.16 ;0 ; ;0 ;0 ;0 ;0 ;0 ;0 ;0 ;0 ;0 ;
21.18 ;0 ; ;0 ;0 ;0 ;0 ;0 ;0 ;0 ;0 ;0 ;
21.2 ;0 ; ;0 ;0 ;0 ;0 ;0 ;0 ;0 ;0 ;0 ;
21.22 ;0 ; ;0 ;0 ;0 ;0 ;0 ;0 ;0 ;0 ;0 ;
21.24 ;0 ; ;0 ;0 ;0 ;0 ;0 ;0 ;0 ;0 ;0 ;
21.26 ;0 ; ;0 ;0 ;0 ;0 ;0 ;0 ;0 ;0 ;0 ;
21.28 ;0 ; ;0 ;0 ;0 ;0 ;0 ;0 ;0 ;0 ;0 ;
21.3 ;0 ; ;0 ;0 ;0 ;0 ;0 ;0 ;0 ;0 ;0 ;
21.32 ;0 ; ;0 ;0 ;0 ;0 ;0 ;0 ;0 ;0 ;0 ;
21.34 ;0 ; ;0 ;0 ;0 ;0 ;0 ;0 ;0 ;0 ;0 ;
21.36 ;0 ; ;0 ;0 ;0 ;0 ;0 ;0 ;0 ;0 ;0 ;
21.38 ;0 ; ;0 ;0 ;0 ;0 ;0 ;0 ;0 ;0 ;0 ;
21.4 ;0 ; ;0 ;0 ;0 ;0 ;0 ;0 ;0 ;0 ;0 ;
21.42 ;0 ; ;0 ;0 ;0 ;0 ;0 ;0 ;0 ;0 ;0 ;
21.44 ;0 ; ;0 ;0 ;0 ;0 ;0 ;0 ;0 ;0 ;0 ;
21.46 ;0 ; ;0 ;0 ;0 ;0 ;0 ;0 ;0 ;0 ;0 ;
21.48 ;0 ; ;0 ;0 ;0 ;0 ;0 ;0 ;0 ;0 ;0 ;
21.5 ;0 ; ;0 ;0 ;0 ;0 ;0 ;0 ;0 ;0 ;0 ;
21.52 ;0 ; ;0 ;0 ;0 ;0 ;0 ;0 ;0 ;0 ;0 ;
21.54 ;0 ; ;0 ;0 ;0 ;0 ;0 ;0 ;0 ;0 ;0 ;
21.56 ;0 ; ;0 ;0 ;0 ;0 ;0 ;0 ;0 ;0 ;0 ;
21.58 ;0 ; ;0 ;0 ;0 ;0 ;0 ;0 ;0 ;0 ;0 ;
21.6 ;0 ; ;0 ;0 ;0 ;0 ;0 ;0 ;0 ;0 ;0 ;
21.62 ;0 ; ;0 ;0 ;0 ;0 ;0 ;0 ;0 ;0 ;0 ;
21.64 ;0 ; ;0 ;0 ;0 ;0 ;0 ;0 ;0 ;0 ;0 ;
21.66 ;0 ; ;0 ;0 ;0 ;0 ;0 ;0 ;0 ;0 ;0 ;
21.68 ;0 ; ;0 ;0 ;0 ;0 ;0 ;0 ;0 ;0 ;0 ;
21.7 ;0 ; ;0 ;0 ;0 ;0 ;0 ;0 ;0 ;0 ;0 ;
21.72 ;0 ; ;0 ;0 ;0 ;0 ;0 ;0 ;0 ;0 ;0 ;
21.74 ;0 ; ;0 ;0 ;0 ;0 ;0 ;0 ;0 ;0 ;0 ;
21.76 ;0 ; ;0 ;0 ;0 ;0 ;0 ;0 ;0 ;0 ;0 ;
21.78 ;0 ; ;0 ;0 ;0 ;0 ;0 ;0 ;0 ;0 ;0 ;
21.8 ;0 ; ;0 ;0 ;0 ;0 ;0 ;0 ;0 ;0 ;0 ;
21.82 ;0 ; ;0 ;0 ;0 ;0 ;0 ;0 ;0 ;0 ;0 ;
21.84 ;0 ; ;0 ;0 ;0 ;0 ;0 ;0 ;0 ;0 ;0 ;
21.86 ;0 ; ;0 ;0 ;0 ;0 ;0 ;0 ;0 ;0 ;0 ;
21.88 ;0 ; ;0 ;0 ;0 ;0 ;0 ;0 ;0 ;0 ;0 ;
21.9 ;0 ; ;0 ;0 ;0 ;0 ;0 ;0 ;0 ;0 ;0 ;
21.92 ;0 ; ;0 ;0 ;0 ;0 ;0 ;0 ;0 ;0 ;0 ;
21.94 ;0 ; ;0 ;0 ;0 ;0 ;0 ;0 ;0 ;0 ;0 ;
21.96 ;0 ; ;0 ;0 ;0 ;0 ;0 ;0 ;0 ;0 ;0 ;
21.98 ;0 ; ;0 ;0 ;0 ;0 ;0 ;0 ;0 ;0 ;0 ;
22 ;0 ; ;0 ;0 ;0 ;0 ;0 ;0 ;0 ;0 ;0 ;
22.02 ;0 ; ;0 ;0 ;0 ;0 ;0 ;0 ;0 ;0 ;0 ;
22.04 ;0 ; ;0 ;0 ;0 ;0 ;0 ;0 ;0 ;0 ;0 ;
22.06 ;0 ; ;0 ;0 ;0 ;0 ;0 ;0 ;0 ;0 ;0 ;
22.08 ;0 ; ;0 ;0 ;0 ;0 ;0 ;0 ;0 ;0 ;0 ;
22.1 ;0 ; ;0 ;0 ;0 ;0 ;0 ;0 ;0 ;0 ;0 ;
22.12 ;0 ; ;0 ;0 ;0 ;0 ;0 ;0 ;0 ;0 ;0 ;
22.14 ;0 ; ;0 ;0 ;0 ;0 ;0 ;0 ;0 ;0 ;0 ;
22.16 ;0 ; ;0 ;0 ;0 ;0 ;0 ;0 ;0 ;0 ;0 ;
22.18 ;0 ; ;0 ;0 ;0 ;0 ;0 ;0 ;0 ;0 ;0 ;
22.2 ;0 ; ;0 ;0 ;0 ;0 ;0 ;0 ;0 ;0 ;0 ;
22.22 ;0 ; ;0 ;0 ;0 ;0 ;0 ;0 ;0 ;0 ;0 ;
22.24 ;0 ; ;0 ;0 ;0 ;0 ;0 ;0 ;0 ;0 ;0 ;
22.26 ;0 ; ;0 ;0 ;0 ;0 ;0 ;0 ;0 ;0 ;0 ;
22.28 ;0 ; ;0 ;0 ;0 ;0 ;0 ;0 ;0 ;0 ;0 ;
22.3 ;0 ; ;0 ;0 ;0 ;0 ;0 ;0 ;0 ;0 ;0 ;
22.32 ;0 ; ;0 ;0 ;0 ;0 ;0 ;0 ;0 ;0 ;0 ;
22.34 ;0 ; ;0 ;0 ;0 ;0 ;0 ;0 ;0 ;0 ;0 ;
22.36 ;0 ; ;0 ;0 ;0 ;0 ;0 ;0 ;0 ;0 ;0 ;
22.38 ;0 ; ;0 ;0 ;0 ;0 ;0 ;0 ;0 ;0 ;0 ;
22.4 ;0 ; ;0 ;0 ;0 ;0 ;0 ;0 ;0 ;0 ;0 ;
22.42 ;0 ; ;0 ;0 ;0 ;0 ;0 ;0 ;0 ;0 ;0 ;
22.44 ;0 ; ;0 ;0 ;0 ;0 ;0 ;0 ;0 ;0 ;0 ;
22.46 ;0 ; ;0 ;0 ;0 ;0 ;0 ;0 ;0 ;0 ;0 ;
22.48 ;0 ; ;0 ;0 ;0 ;0 ;0 ;0 ;0 ;0 ;0 ;
22.5 ;0 ; ;0 ;0 ;0 ;0 ;0 ;0 ;0 ;0 ;0 ;
22.52 ;0 ; ;0 ;0 ;0 ;0 ;0 ;0 ;0 ;0 ;0 ;
22.54 ;0 ; ;0 ;0 ;0 ;0 ;0 ;0 ;0 ;0 ;0 ;
22.56 ;0 ; ;0 ;0 ;0 ;0 ;0 ;0 ;0 ;0 ;0 ;
22.58 ;0 ; ;0 ;0 ;0 ;0 ;0 ;0 ;0 ;0 ;0 ;
22.6 ;0 ; ;0 ;0 ;0 ;0 ;0 ;0 ;0 ;0 ;0 ;
22.62 ;0 ; ;0 ;0 ;0 ;0 ;0 ;0 ;0 ;0 ;0 ;
22.64 ;0 ; ;0 ;0 ;0 ;0 ;0 ;0 ;0 ;0 ;0 ;
22.66 ;0 ; ;0 ;0 ;0 ;0 ;0 ;0 ;0 ;0 ;0 ;
22.68 ;0 ; ;0 ;0 ;0 ;0 ;0 ;0 ;0 ;0 ;0 ;
22.7 ;0 ; ;0 ;0 ;0 ;0 ;0 ;0 ;0 ;0 ;0 ;
22.72 ;0 ; ;0 ;0 ;0 ;0 ;0 ;0 ;0 ;0 ;0 ;
22.74 ;0 ; ;0 ;0 ;0 ;0 ;0 ;0 ;0 ;0 ;0 ;
22.76 ;0 ; ;0 ;0 ;0 ;0 ;0 ;0 ;0 ;0 ;0 ;
22.78 ;0 ; ;0 ;0 ;0 ;0 ;0 ;0 ;0 ;0 ;0 ;
22.8 ;0 ; ;0 ;0 ;0 ;0 ;0 ;0 ;0 ;0 ;0 ;
22.82 ;0 ; ;0 ;0 ;0 ;0 ;0 ;0 ;0 ;0 ;0 ;
22.84 ;0 ; ;0 ;0 ;0 ;0 ;0 ;0 ;0 ;0 ;0 ;
22.86 ;0 ; ;0 ;0 ;0 ;0 ;0 ;0 ;0 ;0 ;0 ;
22.88 ;0 ; ;0 ;0 ;0 ;0 ;0 ;0 ;0 ;0 ;0 ;
22.9 ;0 ; ;0 ;0 ;0 ;0 ;0 ;0 ;0 ;0 ;0 ;
22.92 ;0 ; ;0 ;0 ;0 ;0 ;0 ;0 ;0 ;0 ;0 ;
22.94 ;0 ; ;0 ;0 ;0 ;0 ;0 ;0 ;0 ;0 ;0 ;
22.96 ;0 ; ;0 ;0 ;0 ;0 ;0 ;0 ;0 ;0 ;0 ;
22.98 ;0 ; ;0 ;0 ;0 ;0 ;0 ;0 ;0 ;0 ;0 ;
23 ;0 ; ;0 ;0 ;0 ;0 ;0 ;0 ;0 ;0 ;0 ;
23.02 ;0 ; ;0 ;0 ;0 ;0 ;0 ;0 ;0 ;0 ;0 ;
23.04 ;0 ; ;0 ;0 ;0 ;0 ;0 ;0 ;0 ;0 ;0 ;
23.06 ;0 ; ;0 ;0 ;0 ;0 ;0 ;0 ;0 ;0 ;0 ;
23.08 ;0 ; ;0 ;0 ;0 ;0 ;0 ;0 ;0 ;0 ;0 ;
23.1 ;0 ; ;0 ;0 ;0 ;0 ;0 ;0 ;0 ;0 ;0 ;
23.12 ;0 ; ;0 ;0 ;0 ;0 ;0 ;0 ;0 ;0 ;0 ;
23.14 ;0 ; ;0 ;0 ;0 ;0 ;0 ;0 ;0 ;0 ;0 ;
23.16 ;0 ; ;0 ;0 ;0 ;0 ;0 ;0 ;0 ;0 ;0 ;
23.18 ;0 ; ;0 ;0 ;0 ;0 ;0 ;0 ;0 ;0 ;0 ;
23.2 ;0 ; ;0 ;0 ;0 ;0 ;0 ;0 ;0 ;0 ;0 ;
23.22 ;0 ; ;0 ;0 ;0 ;0 ;0 ;0 ;0 ;0 ;0 ;
23.24 ;0 ; ;0 ;0 ;0 ;0 ;0 ;0 ;0 ;0 ;0 ;
23.26 ;0 ; ;0 ;0 ;0 ;0 ;0 ;0 ;0 ;0 ;0 ;
23.28 ;0 ; ;0 ;0 ;0 ;0 ;0 ;0 ;0 ;0 ;0 ;
23.3 ;0 ; ;0 ;0 ;0 ;0 ;0 ;0 ;0 ;0 ;0 ;
23.32 ;0 ; ;0 ;0 ;0 ;0 ;0 ;0 ;0 ;0 ;0 ;
23.34 ;0 ; ;0 ;0 ;0 ;0 ;0 ;0 ;0 ;0 ;0 ;
23.36 ;0 ; ;0 ;0 ;0 ;0 ;0 ;0 ;0 ;0 ;0 ;
23.38 ;0 ; ;0 ;0 ;0 ;0 ;0 ;0 ;0 ;0 ;0 ;
23.4 ;0 ; ;0 ;0 ;0 ;0 ;0 ;0 ;0 ;0 ;0 ;
23.42 ;0 ; ;0 ;0 ;0 ;0 ;0 ;0 ;0 ;0 ;0 ;
23.44 ;0 ; ;0 ;0 ;0 ;0 ;0 ;0 ;0 ;0 ;0 ;
23.46 ;0 ; ;0 ;0 ;0 ;0 ;0 ;0 ;0 ;0 ;0 ;
23.48 ;0 ; ;0 ;0 ;0 ;0 ;0 ;0 ;0 ;0 ;0 ;
23.5 ;0 ; ;0 ;0 ;0 ;0 ;0 ;0 ;0 ;0 ;0 ;
23.52 ;0 ; ;0 ;0 ;0 ;0 ;0 ;0 ;0 ;0 ;0 ;
23.54 ;0 ; ;0 ;0 ;0 ;0 ;0 ;0 ;0 ;0 ;0 ;
23.56 ;0 ; ;0 ;0 ;0 ;0 ;0 ;0 ;0 ;0 ;0 ;
23.58 ;0 ; ;0 ;0 ;0 ;0 ;0 ;0 ;0 ;0 ;0 ;
23.6 ;0 ; ;0 ;0 ;0 ;0 ;0 ;0 ;0 ;0 ;0 ;
23.62 ;0 ; ;0 ;0 ;0 ;0 ;0 ;0 ;0 ;0 ;0 ;
23.64 ;0 ; ;0 ;0 ;0 ;0 ;0 ;0 ;0 ;0 ;0 ;
23.66 ;0 ; ;0 ;0 ;0 ;0 ;0 ;0 ;0 ;0 ;0 ;
23.68 ;0 ; ;0 ;0 ;0 ;0 ;0 ;0 ;0 ;0 ;0 ;
23.7 ;0 ; ;0 ;0 ;0 ;0 ;0 ;0 ;0 ;0 ;0 ;
23.72 ;0 ; ;0 ;0 ;0 ;0 ;0 ;0 ;0 ;0 ;0 ;
23.74 ;0 ; ;0 ;0 ;0 ;0 ;0 ;0 ;0 ;0 ;0 ;
23.76 ;0 ; ;0 ;0 ;0 ;0 ;0 ;0 ;0 ;0 ;0 ;
23.78 ;0 ; ;0 ;0 ;0 ;0 ;0 ;0 ;0 ;0 ;0 ;
23.8 ;0 ; ;0 ;0 ;0 ;0 ;0 ;0 ;0 ;0 ;0 ;
23.82 ;0 ; ;0 ;0 ;0 ;0 ;0 ;0 ;0 ;0 ;0 ;
23.84 ;0 ; ;0 ;0 ;0 ;0 ;0 ;0 ;0 ;0 ;0 ;
23.86 ;0 ; ;0 ;0 ;0 ;0 ;0 ;0 ;0 ;0 ;0 ;
23.88 ;0 ; ;0 ;0 ;0 ;0 ;0 ;0 ;0 ;0 ;0 ;
23.9 ;0 ; ;0 ;0 ;0 ;0 ;0 ;0 ;0 ;0 ;0 ;
23.92 ;0 ; ;0 ;0 ;0 ;0 ;0 ;0 ;0 ;0 ;0 ;
23.94 ;0 ; ;0 ;0 ;0 ;0 ;0 ;0 ;0 ;0 ;0 ;
23.96 ;0 ; ;0 ;0 ;0 ;0 ;0 ;0 ;0 ;0 ;0 ;
23.98 ;0 ; ;0 ;0 ;0 ;0 ;0 ;0 ;0 ;0 ;0 ;
24 ;0 ; ;0 ;0 ;0 ;0 ;0 ;0 ;0 ;0 ;0 ;
24.02 ;0 ; ;0 ;0 ;0 ;0 ;0 ;0 ;0 ;0 ;0 ;
24.04 ;0 ; ;0 ;0 ;0 ;0 ;0 ;0 ;0 ;0 ;0 ;
24.06 ;0 ; ;0 ;0 ;0 ;0 ;0 ;0 ;0 ;0 ;0 ;
24.08 ;0 ; ;0 ;0 ;0 ;0 ;0 ;0 ;0 ;0 ;0 ;
24.1 ;0 ; ;0 ;0 ;0 ;0 ;0 ;0 ;0 ;0 ;0 ;
24.12 ;0 ; ;0 ;0 ;0 ;0 ;0 ;0 ;0 ;0 ;0 ;
24.14 ;0 ; ;0 ;0 ;0 ;0 ;0 ;0 ;0 ;0 ;0 ;
24.16 ;0 ; ;0 ;0 ;0 ;0 ;0 ;0 ;0 ;0 ;0 ;
24.18 ;0 ; ;0 ;0 ;0 ;0 ;0 ;0 ;0 ;0 ;0 ;
24.2 ;0 ; ;0 ;0 ;0 ;0 ;0 ;0 ;0 ;0 ;0 ;
24.22 ;0 ; ;0 ;0 ;0 ;0 ;0 ;0 ;0 ;0 ;0 ;
24.24 ;0 ; ;0 ;0 ;0 ;0 ;0 ;0 ;0 ;0 ;0 ;
24.26 ;0 ; ;0 ;0 ;0 ;0 ;0 ;0 ;0 ;0 ;0 ;
24.28 ;0 ; ;0 ;0 ;0 ;0 ;0 ;0 ;0 ;0 ;0 ;
24.3 ;0 ; ;0 ;0 ;0 ;0 ;0 ;0 ;0 ;0 ;0 ;
24.32 ;0 ; ;0 ;0 ;0 ;0 ;0 ;0 ;0 ;0 ;0 ;
24.34 ;0 ; ;0 ;0 ;0 ;0 ;0 ;0 ;0 ;0 ;0 ;
24.36 ;0 ; ;0 ;0 ;0 ;0 ;0 ;0 ;0 ;0 ;0 ;
24.38 ;0 ; ;0 ;0 ;0 ;0 ;0 ;0 ;0 ;0 ;0 ;
24.4 ;0 ; ;0 ;0 ;0 ;0 ;0 ;0 ;0 ;0 ;0 ;
24.42 ;0 ; ;0 ;0 ;0 ;0 ;0 ;0 ;0 ;0 ;0 ;
24.44 ;0 ; ;0 ;0 ;0 ;0 ;0 ;0 ;0 ;0 ;0 ;
24.46 ;0 ; ;0 ;0 ;0 ;0 ;0 ;0 ;0 ;0 ;0 ;
24.48 ;0 ; ;0 ;0 ;0 ;0 ;0 ;0 ;0 ;0 ;0 ;
24.5 ;0 ; ;0 ;0 ;0 ;0 ;0 ;0 ;0 ;0 ;0 ;
24.52 ;0 ; ;0 ;0 ;0 ;0 ;0 ;0 ;0 ;0 ;0 ;
24.54 ;0 ; ;0 ;0 ;0 ;0 ;0 ;0 ;0 ;0 ;0 ;
24.56 ;0 ; ;0 ;0 ;0 ;0 ;0 ;0 ;0 ;0 ;0 ;
24.58 ;0 ; ;0 ;0 ;0 ;0 ;0 ;0 ;0 ;0 ;0 ;
24.6 ;0 ; ;0 ;0 ;0 ;0 ;0 ;0 ;0 ;0 ;0 ;
24.62 ;0 ; ;0 ;0 ;0 ;0 ;0 ;0 ;0 ;0 ;0 ;
24.64 ;0 ; ;0 ;0 ;0 ;0 ;0 ;0 ;0 ;0 ;0 ;
24.66 ;0 ; ;0 ;0 ;0 ;0 ;0 ;0 ;0 ;0 ;0 ;
24.68 ;0 ; ;0 ;0 ;0 ;0 ;0 ;0 ;0 ;0 ;0 ;
24.7 ;0 ; ;0 ;0 ;0 ;0 ;0 ;0 ;0 ;0 ;0 ;
24.72 ;0 ; ;0 ;0 ;0 ;0 ;0 ;0 ;0 ;0 ;0 ;
24.74 ;0 ; ;0 ;0 ;0 ;0 ;0 ;0 ;0 ;0 ;0 ;
24.76 ;0 ; ;0 ;0 ;0 ;0 ;0 ;0 ;0 ;0 ;0 ;
24.78 ;0 ; ;0 ;0 ;0 ;0 ;0 ;0 ;0 ;0 ;0 ;
24.8 ;0 ; ;0 ;0 ;0 ;0 ;0 ;0 ;0 ;0 ;0 ;
24.82 ;0 ; ;0 ;0 ;0 ;0 ;0 ;0 ;0 ;0 ;0 ;
24.84 ;0 ; ;0 ;0 ;0 ;0 ;0 ;0 ;0 ;0 ;0 ;
24.86 ;0 ; ;0 ;0 ;0 ;0 ;0 ;0 ;0 ;0 ;0 ;
24.88 ;0 ; ;0 ;0 ;0 ;0 ;0 ;0 ;0 ;0 ;0 ;
24.9 ;0 ; ;0 ;0 ;0 ;0 ;0 ;0 ;0 ;0 ;0 ;
24.92 ;0 ; ;0 ;0 ;0 ;0 ;0 ;0 ;0 ;0 ;0 ;
24.94 ;0 ; ;0 ;0 ;0 ;0 ;0 ;0 ;0 ;0 ;0 ;
24.96 ;0 ; ;0 ;0 ;0 ;0 ;0 ;0 ;0 ;0 ;0 ;
24.98 ;0 ; ;0 ;0 ;0 ;0 ;0 ;0 ;0 ;0 ;0 ;
25 ;0 ; ;0 ;0 ;0 ;0 ;0 ;0 ;0 ;0 ;0 ;
25.02 ;0 ; ;0 ;0 ;0 ;0 ;0 ;0 ;0 ;0 ;0 ;
25.04 ;0 ; ;0 ;0 ;0 ;0 ;0 ;0 ;0 ;0 ;0 ;
25.06 ;0 ; ;0 ;0 ;0 ;0 ;0 ;0 ;0 ;0 ;0 ;
25.08 ;0 ; ;0 ;0 ;0 ;0 ;0 ;0 ;0 ;0 ;0 ;
25.1 ;0 ; ;0 ;0 ;0 ;0 ;0 ;0 ;0 ;0 ;0 ;
25.12 ;0 ; ;0 ;0 ;0 ;0 ;0 ;0 ;0 ;0 ;0 ;
25.14 ;0 ; ;0 ;0 ;0 ;0 ;0 ;0 ;0 ;0 ;0 ;
25.16 ;0 ; ;0 ;0 ;0 ;0 ;0 ;0 ;0 ;0 ;0 ;
25.18 ;0 ; ;0 ;0 ;0 ;0 ;0 ;0 ;0 ;0 ;0 ;
25.2 ;0 ; ;0 ;0 ;0 ;0 ;0 ;0 ;0 ;0 ;0 ;
25.22 ;0 ; ;0 ;0 ;0 ;0 ;0 ;0 ;0 ;0 ;0 ;
25.24 ;0 ; ;0 ;0 ;0 ;0 ;0 ;0 ;0 ;0 ;0 ;
25.26 ;0 ; ;0 ;0 ;0 ;0 ;0 ;0 ;0 ;0 ;0 ;
25.28 ;0 ; ;0 ;0 ;0 ;0 ;0 ;0 ;0 ;0 ;0 ;
25.3 ;0 ; ;0 ;0 ;0 ;0 ;0 ;0 ;0 ;0 ;0 ;
25.32 ;0 ; ;0 ;0 ;0 ;0 ;0 ;0 ;0 ;0 ;0 ;
25.34 ;0 ; ;0 ;0 ;0 ;0 ;0 ;0 ;0 ;0 ;0 ;
25.36 ;0 ; ;0 ;0 ;0 ;0 ;0 ;0 ;0 ;0 ;0 ;
25.38 ;0 ; ;0 ;0 ;0 ;0 ;0 ;0 ;0 ;0 ;0 ;
25.4 ;0 ; ;0 ;0 ;0 ;0 ;0 ;0 ;0 ;0 ;0 ;
25.42 ;0 ; ;0 ;0 ;0 ;0 ;0 ;0 ;0 ;0 ;0 ;
25.44 ;0 ; ;0 ;0 ;0 ;0 ;0 ;0 ;0 ;0 ;0 ;
25.46 ;0 ; ;0 ;0 ;0 ;0 ;0 ;0 ;0 ;0 ;0 ;
25.48 ;0 ; ;0 ;0 ;0 ;0 ;0 ;0 ;0 ;0 ;0 ;
25.5 ;0 ; ;0 ;0 ;0 ;0 ;0 ;0 ;0 ;0 ;0 ;
25.52 ;0 ; ;0 ;0 ;0 ;0 ;0 ;0 ;0 ;0 ;0 ;
25.54 ;0 ; ;0 ;0 ;0 ;0 ;0 ;0 ;0 ;0 ;0 ;
25.56 ;0 ; ;0 ;0 ;0 ;0 ;0 ;0 ;0 ;0 ;0 ;
25.58 ;0 ; ;0 ;0 ;0 ;0 ;0 ;0 ;0 ;0 ;0 ;
25.6 ;0 ; ;0 ;0 ;0 ;0 ;0 ;0 ;0 ;0 ;0 ;
25.62 ;0 ; ;0 ;0 ;0 ;0 ;0 ;0 ;0 ;0 ;0 ;
25.64 ;0 ; ;0 ;0 ;0 ;0 ;0 ;0 ;0 ;0 ;0 ;
25.66 ;0 ; ;0 ;0 ;0 ;0 ;0 ;0 ;0 ;0 ;0 ;
25.68 ;0 ; ;0 ;0 ;0 ;0 ;0 ;0 ;0 ;0 ;0 ;
25.7 ;0 ; ;0 ;0 ;0 ;0 ;0 ;0 ;0 ;0 ;0 ;
25.72 ;0 ; ;0 ;0 ;0 ;0 ;0 ;0 ;0 ;0 ;0 ;
25.74 ;0 ; ;0 ;0 ;0 ;0 ;0 ;0 ;0 ;0 ;0 ;
25.76 ;0 ; ;0 ;0 ;0 ;0 ;0 ;0 ;0 ;0 ;0 ;
25.78 ;0 ; ;0 ;0 ;0 ;0 ;0 ;0 ;0 ;0 ;0 ;
25.8 ;0 ; ;0 ;0 ;0 ;0 ;0 ;0 ;0 ;0 ;0 ;
25.82 ;0 ; ;0 ;0 ;0 ;0 ;0 ;0 ;0 ;0 ;0 ;
25.84 ;0 ; ;0 ;0 ;0 ;0 ;0 ;0 ;0 ;0 ;0 ;
25.86 ;0 ; ;0 ;0 ;0 ;0 ;0 ;0 ;0 ;0 ;0 ;
25.88 ;0 ; ;0 ;0 ;0 ;0 ;0 ;0 ;0 ;0 ;0 ;
25.9 ;0 ; ;0 ;0 ;0 ;0 ;0 ;0 ;0 ;0 ;0 ;
25.92 ;0 ; ;0 ;0 ;0 ;0 ;0 ;0 ;0 ;0 ;0 ;
25.94 ;0 ; ;0 ;0 ;0 ;0 ;0 ;0 ;0 ;0 ;0 ;
25.96 ;0 ; ;0 ;0 ;0 ;0 ;0 ;0 ;0 ;0 ;0 ;
25.98 ;0 ; ;0 ;0 ;0 ;0 ;0 ;0 ;0 ;0 ;0 ;
26 ;0 ; ;0 ;0 ;0 ;0 ;0 ;0 ;0 ;0 ;0 ;
26.02 ;0 ; ;0 ;0 ;0 ;0 ;0 ;0 ;0 ;0 ;0 ;
26.04 ;0 ; ;0 ;0 ;0 ;0 ;0 ;0 ;0 ;0 ;0 ;
26.06 ;0 ; ;0 ;0 ;0 ;0 ;0 ;0 ;0 ;0 ;0 ;
26.08 ;0 ; ;0 ;0 ;0 ;0 ;0 ;0 ;0 ;0 ;0 ;
26.1 ;0 ; ;0 ;0 ;0 ;0 ;0 ;0 ;0 ;0 ;0 ;
26.12 ;0 ; ;0 ;0 ;0 ;0 ;0 ;0 ;0 ;0 ;0 ;
26.14 ;0 ; ;0 ;0 ;0 ;0 ;0 ;0 ;0 ;0 ;0 ;
26.16 ;0 ; ;0 ;0 ;0 ;0 ;0 ;0 ;0 ;0 ;0 ;
26.18 ;0 ; ;0 ;0 ;0 ;0 ;0 ;0 ;0 ;0 ;0 ;
26.2 ;0 ; ;0 ;0 ;0 ;0 ;0 ;0 ;0 ;0 ;0 ;
26.22 ;0 ; ;0 ;0 ;0 ;0 ;0 ;0 ;0 ;0 ;0 ;
26.24 ;0 ; ;0 ;0 ;0 ;0 ;0 ;0 ;0 ;0 ;0 ;
26.26 ;0 ; ;0 ;0 ;0 ;0 ;0 ;0 ;0 ;0 ;0 ;
26.28 ;0 ; ;0 ;0 ;0 ;0 ;0 ;0 ;0 ;0 ;0 ;
26.3 ;0 ; ;0 ;0 ;0 ;0 ;0 ;0 ;0 ;0 ;0 ;
26.32 ;0 ; ;0 ;0 ;0 ;0 ;0 ;0 ;0 ;0 ;0 ;
26.34 ;0 ; ;0 ;0 ;0 ;0 ;0 ;0 ;0 ;0 ;0 ;
26.36 ;0 ; ;0 ;0 ;0 ;0 ;0 ;0 ;0 ;0 ;0 ;
26.38 ;0 ; ;0 ;0 ;0 ;0 ;0 ;0 ;0 ;0 ;0 ;
26.4 ;0 ; ;0 ;0 ;0 ;0 ;0 ;0 ;0 ;0 ;0 ;
26.42 ;0 ; ;0 ;0 ;0 ;0 ;0 ;0 ;0 ;0 ;0 ;
26.44 ;0 ; ;0 ;0 ;0 ;0 ;0 ;0 ;0 ;0 ;0 ;
26.46 ;0 ; ;0 ;0 ;0 ;0 ;0 ;0 ;0 ;0 ;0 ;
26.48 ;0 ; ;0 ;0 ;0 ;0 ;0 ;0 ;0 ;0 ;0 ;
26.5 ;0 ; ;0 ;0 ;0 ;0 ;0 ;0 ;0 ;0 ;0 ;
26.52 ;0 ; ;0 ;0 ;0 ;0 ;0 ;0 ;0 ;0 ;0 ;
26.54 ;0 ; ;0 ;0 ;0 ;0 ;0 ;0 ;0 ;0 ;0 ;
26.56 ;0 ; ;0 ;0 ;0 ;0 ;0 ;0 ;0 ;0 ;0 ;
26.58 ;0 ; ;0 ;0 ;0 ;0 ;0 ;0 ;0 ;0 ;0 ;
26.6 ;0 ; ;0 ;0 ;0 ;0 ;0 ;0 ;0 ;0 ;0 ;
26.62 ;0 ; ;0 ;0 ;0 ;0 ;0 ;0 ;0 ;0 ;0 ;
26.64 ;0 ; ;0 ;0 ;0 ;0 ;0 ;0 ;0 ;0 ;0 ;
26.66 ;0 ; ;0 ;0 ;0 ;0 ;0 ;0 ;0 ;0 ;0 ;
26.68 ;0 ; ;0 ;0 ;0 ;0 ;0 ;0 ;0 ;0 ;0 ;
26.7 ;0 ; ;0 ;0 ;0 ;0 ;0 ;0 ;0 ;0 ;0 ;
26.72 ;0 ; ;0 ;0 ;0 ;0 ;0 ;0 ;0 ;0 ;0 ;
26.74 ;0 ; ;0 ;0 ;0 ;0 ;0 ;0 ;0 ;0 ;0 ;
26.76 ;0 ; ;0 ;0 ;0 ;0 ;0 ;0 ;0 ;0 ;0 ;
26.78 ;0 ; ;0 ;0 ;0 ;0 ;0 ;0 ;0 ;0 ;0 ;
26.8 ;0 ; ;0 ;0 ;0 ;0 ;0 ;0 ;0 ;0 ;0 ;
26.82 ;0 ; ;0 ;0 ;0 ;0 ;0 ;0 ;0 ;0 ;0 ;
26.84 ;0 ; ;0 ;0 ;0 ;0 ;0 ;0 ;0 ;0 ;0 ;
26.86 ;0 ; ;0 ;0 ;0 ;0 ;0 ;0 ;0 ;0 ;0 ;
26.88 ;0 ; ;0 ;0 ;0 ;0 ;0 ;0 ;0 ;0 ;0 ;
26.9 ;0 ; ;0 ;0 ;0 ;0 ;0 ;0 ;0 ;0 ;0 ;
26.92 ;0 ; ;0 ;0 ;0 ;0 ;0 ;0 ;0 ;0 ;0 ;
26.94 ;0 ; ;0 ;0 ;0 ;0 ;0 ;0 ;0 ;0 ;0 ;
26.96 ;0 ; ;0 ;0 ;0 ;0 ;0 ;0 ;0 ;0 ;0 ;
26.98 ;0 ; ;0 ;0 ;0 ;0 ;0 ;0 ;0 ;0 ;0 ;
27 ;0 ; ;0 ;0 ;0 ;0 ;0 ;0 ;0 ;0 ;0 ;
27.02 ;0 ; ;0 ;0 ;0 ;0 ;0 ;0 ;0 ;0 ;0 ;
27.04 ;0 ; ;0 ;0 ;0 ;0 ;0 ;0 ;0 ;0 ;0 ;
27.06 ;0 ; ;0 ;0 ;0 ;0 ;0 ;0 ;0 ;0 ;0 ;
27.08 ;0 ; ;0 ;0 ;0 ;0 ;0 ;0 ;0 ;0 ;0 ;
27.1 ;0 ; ;0 ;0 ;0 ;0 ;0 ;0 ;0 ;0 ;0 ;
27.12 ;0 ; ;0 ;0 ;0 ;0 ;0 ;0 ;0 ;0 ;0 ;
27.14 ;0 ; ;0 ;0 ;0 ;0 ;0 ;0 ;0 ;0 ;0 ;
27.16 ;0 ; ;0 ;0 ;0 ;0 ;0 ;0 ;0 ;0 ;0 ;
27.18 ;0 ; ;0 ;0 ;0 ;0 ;0 ;0 ;0 ;0 ;0 ;
27.2 ;0 ; ;0 ;0 ;0 ;0 ;0 ;0 ;0 ;0 ;0 ;
27.22 ;0 ; ;0 ;0 ;0 ;0 ;0 ;0 ;0 ;0 ;0 ;
27.24 ;0 ; ;0 ;0 ;0 ;0 ;0 ;0 ;0 ;0 ;0 ;
27.26 ;0 ; ;0 ;0 ;0 ;0 ;0 ;0 ;0 ;0 ;0 ;
27.28 ;0 ; ;0 ;0 ;0 ;0 ;0 ;0 ;0 ;0 ;0 ;
27.3 ;0 ; ;0 ;0 ;0 ;0 ;0 ;0 ;0 ;0 ;0 ;
27.32 ;0 ; ;0 ;0 ;0 ;0 ;0 ;0 ;0 ;0 ;0 ;
27.34 ;0 ; ;0 ;0 ;0 ;0 ;0 ;0 ;0 ;0 ;0 ;
27.36 ;0 ; ;0 ;0 ;0 ;0 ;0 ;0 ;0 ;0 ;0 ;
27.38 ;0 ; ;0 ;0 ;0 ;0 ;0 ;0 ;0 ;0 ;0 ;
27.4 ;0 ; ;0 ;0 ;0 ;0 ;0 ;0 ;0 ;0 ;0 ;
27.42 ;0 ; ;0 ;0 ;0 ;0 ;0 ;0 ;0 ;0 ;0 ;
27.44 ;0 ; ;0 ;0 ;0 ;0 ;0 ;0 ;0 ;0 ;0 ;
27.46 ;0 ; ;0 ;0 ;0 ;0 ;0 ;0 ;0 ;0 ;0 ;
27.48 ;0 ; ;0 ;0 ;0 ;0 ;0 ;0 ;0 ;0 ;0 ;
27.5 ;0 ; ;0 ;0 ;0 ;0 ;0 ;0 ;0 ;0 ;0 ;
27.52 ;0 ; ;0 ;0 ;0 ;0 ;0 ;0 ;0 ;0 ;0 ;
27.54 ;0 ; ;0 ;0 ;0 ;0 ;0 ;0 ;0 ;0 ;0 ;
27.56 ;0 ; ;0 ;0 ;0 ;0 ;0 ;0 ;0 ;0 ;0 ;
27.58 ;0 ; ;0 ;0 ;0 ;0 ;0 ;0 ;0 ;0 ;0 ;
27.6 ;0 ; ;0 ;0 ;0 ;0 ;0 ;0 ;0 ;0 ;0 ;
27.62 ;0 ; ;0 ;0 ;0 ;0 ;0 ;0 ;0 ;0 ;0 ;
27.64 ;0 ; ;0 ;0 ;0 ;0 ;0 ;0 ;0 ;0 ;0 ;
27.66 ;0 ; ;0 ;0 ;0 ;0 ;0 ;0 ;0 ;0 ;0 ;
27.68 ;0 ; ;0 ;0 ;0 ;0 ;0 ;0 ;0 ;0 ;0 ;
27.7 ;0 ; ;0 ;0 ;0 ;0 ;0 ;0 ;0 ;0 ;0 ;
27.72 ;0 ; ;0 ;0 ;0 ;0 ;0 ;0 ;0 ;0 ;0 ;
27.74 ;0 ; ;0 ;0 ;0 ;0 ;0 ;0 ;0 ;0 ;0 ;
27.76 ;0 ; ;0 ;0 ;0 ;0 ;0 ;0 ;0 ;0 ;0 ;
27.78 ;0 ; ;0 ;0 ;0 ;0 ;0 ;0 ;0 ;0 ;0 ;
27.8 ;0 ; ;0 ;0 ;0 ;0 ;0 ;0 ;0 ;0 ;0 ;
27.82 ;0 ; ;0 ;0 ;0 ;0 ;0 ;0 ;0 ;0 ;0 ;
27.84 ;0 ; ;0 ;0 ;0 ;0 ;0 ;0 ;0 ;0 ;0 ;
27.86 ;0 ; ;0 ;0 ;0 ;0 ;0 ;0 ;0 ;0 ;0 ;
27.88 ;0 ; ;0 ;0 ;0 ;0 ;0 ;0 ;0 ;0 ;0 ;
27.9 ;0 ; ;0 ;0 ;0 ;0 ;0 ;0 ;0 ;0 ;0 ;
27.92 ;0 ; ;0 ;0 ;0 ;0 ;0 ;0 ;0 ;0 ;0 ;
27.94 ;0 ; ;0 ;0 ;0 ;0 ;0 ;0 ;0 ;0 ;0 ;
27.96 ;0 ; ;0 ;0 ;0 ;0 ;0 ;0 ;0 ;0 ;0 ;
27.98 ;0 ; ;0 ;0 ;0 ;0 ;0 ;0 ;0 ;0 ;0 ;
28 ;0 ; ;0 ;0 ;0 ;0 ;0 ;0 ;0 ;0 ;0 ;
28.02 ;0 ; ;0 ;0 ;0 ;0 ;0 ;0 ;0 ;0 ;0 ;
28.04 ;0 ; ;0 ;0 ;0 ;0 ;0 ;0 ;0 ;0 ;0 ;
28.06 ;0 ; ;0 ;0 ;0 ;0 ;0 ;0 ;0 ;0 ;0 ;
28.08 ;0 ; ;0 ;0 ;0 ;0 ;0 ;0 ;0 ;0 ;0 ;
28.1 ;0 ; ;0 ;0 ;0 ;0 ;0 ;0 ;0 ;0 ;0 ;
28.12 ;0 ; ;0 ;0 ;0 ;0 ;0 ;0 ;0 ;0 ;0 ;
28.14 ;0 ; ;0 ;0 ;0 ;0 ;0 ;0 ;0 ;0 ;0 ;
28.16 ;0 ; ;0 ;0 ;0 ;0 ;0 ;0 ;0 ;0 ;0 ;
28.18 ;0 ; ;0 ;0 ;0 ;0 ;0 ;0 ;0 ;0 ;0 ;
28.2 ;0 ; ;0 ;0 ;0 ;0 ;0 ;0 ;0 ;0 ;0 ;
28.22 ;0 ; ;0 ;0 ;0 ;0 ;0 ;0 ;0 ;0 ;0 ;
28.24 ;0 ; ;0 ;0 ;0 ;0 ;0 ;0 ;0 ;0 ;0 ;
28.26 ;0 ; ;0 ;0 ;0 ;0 ;0 ;0 ;0 ;0 ;0 ;
28.28 ;0 ; ;0 ;0 ;0 ;0 ;0 ;0 ;0 ;0 ;0 ;
28.3 ;0 ; ;0 ;0 ;0 ;0 ;0 ;0 ;0 ;0 ;0 ;
28.32 ;0 ; ;0 ;0 ;0 ;0 ;0 ;0 ;0 ;0 ;0 ;
28.34 ;0 ; ;0 ;0 ;0 ;0 ;0 ;0 ;0 ;0 ;0 ;
28.36 ;0 ; ;0 ;0 ;0 ;0 ;0 ;0 ;0 ;0 ;0 ;
28.38 ;0 ; ;0 ;0 ;0 ;0 ;0 ;0 ;0 ;0 ;0 ;
28.4 ;0 ; ;0 ;0 ;0 ;0 ;0 ;0 ;0 ;0 ;0 ;
28.42 ;0 ; ;0 ;0 ;0 ;0 ;0 ;0 ;0 ;0 ;0 ;
28.44 ;0 ; ;0 ;0 ;0 ;0 ;0 ;0 ;0 ;0 ;0 ;
28.46 ;0 ; ;0 ;0 ;0 ;0 ;0 ;0 ;0 ;0 ;0 ;
28.48 ;0 ; ;0 ;0 ;0 ;0 ;0 ;0 ;0 ;0 ;0 ;
28.5 ;0 ; ;0 ;0 ;0 ;0 ;0 ;0 ;0 ;0 ;0 ;
28.52 ;0 ; ;0 ;0 ;0 ;0 ;0 ;0 ;0 ;0 ;0 ;
28.54 ;0 ; ;0 ;0 ;0 ;0 ;0 ;0 ;0 ;0 ;0 ;
28.56 ;0 ; ;0 ;0 ;0 ;0 ;0 ;0 ;0 ;0 ;0 ;
28.58 ;0 ; ;0 ;0 ;0 ;0 ;0 ;0 ;0 ;0 ;0 ;
28.6 ;0 ; ;0 ;0 ;0 ;0 ;0 ;0 ;0 ;0 ;0 ;
28.62 ;0 ; ;0 ;0 ;0 ;0 ;0 ;0 ;0 ;0 ;0 ;
28.64 ;0 ; ;0 ;0 ;0 ;0 ;0 ;0 ;0 ;0 ;0 ;
28.66 ;0 ; ;0 ;0 ;0 ;0 ;0 ;0 ;0 ;0 ;0 ;
28.68 ;0 ; ;0 ;0 ;0 ;0 ;0 ;0 ;0 ;0 ;0 ;
28.7 ;0 ; ;0 ;0 ;0 ;0 ;0 ;0 ;0 ;0 ;0 ;
28.72 ;0 ; ;0 ;0 ;0 ;0 ;0 ;0 ;0 ;0 ;0 ;
28.74 ;0 ; ;0 ;0 ;0 ;0 ;0 ;0 ;0 ;0 ;0 ;
28.76 ;0 ; ;0 ;0 ;0 ;0 ;0 ;0 ;0 ;0 ;0 ;
28.78 ;0 ; ;0 ;0 ;0 ;0 ;0 ;0 ;0 ;0 ;0 ;
28.8 ;0 ; ;0 ;0 ;0 ;0 ;0 ;0 ;0 ;0 ;0 ;
28.82 ;0 ; ;0 ;0 ;0 ;0 ;0 ;0 ;0 ;0 ;0 ;
28.84 ;0 ; ;0 ;0 ;0 ;0 ;0 ;0 ;0 ;0 ;0 ;
28.86 ;0 ; ;0 ;0 ;0 ;0 ;0 ;0 ;0 ;0 ;0 ;
28.88 ;0 ; ;0 ;0 ;0 ;0 ;0 ;0 ;0 ;0 ;0 ;
28.9 ;0 ; ;0 ;0 ;0 ;0 ;0 ;0 ;0 ;0 ;0 ;
28.92 ;0 ; ;0 ;0 ;0 ;0 ;0 ;0 ;0 ;0 ;0 ;
28.94 ;0 ; ;0 ;0 ;0 ;0 ;0 ;0 ;0 ;0 ;0 ;
28.96 ;0 ; ;0 ;0 ;0 ;0 ;0 ;0 ;0 ;0 ;0 ;
28.98 ;0 ; ;0 ;0 ;0 ;0 ;0 ;0 ;0 ;0 ;0 ;
29 ;0 ; ;0 ;0 ;0 ;0 ;0 ;0 ;0 ;0 ;0 ;
29.02 ;0 ; ;0 ;0 ;0 ;0 ;0 ;0 ;0 ;0 ;0 ;
29.04 ;0 ; ;0 ;0 ;0 ;0 ;0 ;0 ;0 ;0 ;0 ;
29.06 ;0 ; ;0 ;0 ;0 ;0 ;0 ;0 ;0 ;0 ;0 ;
29.08 ;0 ; ;0 ;0 ;0 ;0 ;0 ;0 ;0 ;0 ;0 ;
29.1 ;0 ; ;0 ;0 ;0 ;0 ;0 ;0 ;0 ;0 ;0 ;
29.12 ;0 ; ;0 ;0 ;0 ;0 ;0 ;0 ;0 ;0 ;0 ;
29.14 ;0 ; ;0 ;0 ;0 ;0 ;0 ;0 ;0 ;0 ;0 ;
29.16 ;0 ; ;0 ;0 ;0 ;0 ;0 ;0 ;0 ;0 ;0 ;
29.18 ;0 ; ;0 ;0 ;0 ;0 ;0 ;0 ;0 ;0 ;0 ;
29.2 ;0 ; ;0 ;0 ;0 ;0 ;0 ;0 ;0 ;0 ;0 ;
29.22 ;0 ; ;0 ;0 ;0 ;0 ;0 ;0 ;0 ;0 ;0 ;
29.24 ;0 ; ;0 ;0 ;0 ;0 ;0 ;0 ;0 ;0 ;0 ;
29.26 ;0 ; ;0 ;0 ;0 ;0 ;0 ;0 ;0 ;0 ;0 ;
29.28 ;0 ; ;0 ;0 ;0 ;0 ;0 ;0 ;0 ;0 ;0 ;
29.3 ;0 ; ;0 ;0 ;0 ;0 ;0 ;0 ;0 ;0 ;0 ;
29.32 ;0 ; ;0 ;0 ;0 ;0 ;0 ;0 ;0 ;0 ;0 ;
29.34 ;0 ; ;0 ;0 ;0 ;0 ;0 ;0 ;0 ;0 ;0 ;
29.36 ;0 ; ;0 ;0 ;0 ;0 ;0 ;0 ;0 ;0 ;0 ;
29.38 ;0 ; ;0 ;0 ;0 ;0 ;0 ;0 ;0 ;0 ;0 ;
29.4 ;0 ; ;0 ;0 ;0 ;0 ;0 ;0 ;0 ;0 ;0 ;
29.42 ;0 ; ;0 ;0 ;0 ;0 ;0 ;0 ;0 ;0 ;0 ;
29.44 ;0 ; ;0 ;0 ;0 ;0 ;0 ;0 ;0 ;0 ;0 ;
29.46 ;0 ; ;0 ;0 ;0 ;0 ;0 ;0 ;0 ;0 ;0 ;
29.48 ;0 ; ;0 ;0 ;0 ;0 ;0 ;0 ;0 ;0 ;0 ;
29.5 ;0 ; ;0 ;0 ;0 ;0 ;0 ;0 ;0 ;0 ;0 ;
29.52 ;0 ; ;0 ;0 ;0 ;0 ;0 ;0 ;0 ;0 ;0 ;
29.54 ;0 ; ;0 ;0 ;0 ;0 ;0 ;0 ;0 ;0 ;0 ;
29.56 ;0 ; ;0 ;0 ;0 ;0 ;0 ;0 ;0 ;0 ;0 ;
29.58 ;0 ; ;0 ;0 ;0 ;0 ;0 ;0 ;0 ;0 ;0 ;
29.6 ;0 ; ;0 ;0 ;0 ;0 ;0 ;0 ;0 ;0 ;0 ;
29.62 ;0 ; ;0 ;0 ;0 ;0 ;0 ;0 ;0 ;0 ;0 ;
29.64 ;0 ; ;0 ;0 ;0 ;0 ;0 ;0 ;0 ;0 ;0 ;
29.66 ;0 ; ;0 ;0 ;0 ;0 ;0 ;0 ;0 ;0 ;0 ;
29.68 ;0 ; ;0 ;0 ;0 ;0 ;0 ;0 ;0 ;0 ;0 ;
29.7 ;0 ; ;0 ;0 ;0 ;0 ;0 ;0 ;0 ;0 ;0 ;
29.72 ;0 ; ;0 ;0 ;0 ;0 ;0 ;0 ;0 ;0 ;0 ;
29.74 ;0 ; ;0 ;0 ;0 ;0 ;0 ;0 ;0 ;0 ;0 ;
29.76 ;0 ; ;0 ;0 ;0 ;0 ;0 ;0 ;0 ;0 ;0 ;
29.78 ;0 ; ;0 ;0 ;0 ;0 ;0 ;0 ;0 ;0 ;0 ;
29.8 ;0 ; ;0 ;0 ;0 ;0 ;0 ;0 ;0 ;0 ;0 ;
29.82 ;0 ; ;0 ;0 ;0 ;0 ;0 ;0 ;0 ;0 ;0 ;
29.84 ;0 ; ;0 ;0 ;0 ;0 ;0 ;0 ;0 ;0 ;0 ;
29.86 ;0 ; ;0 ;0 ;0 ;0 ;0 ;0 ;0 ;0 ;0 ;
29.88 ;0 ; ;0 ;0 ;0 ;0 ;0 ;0 ;0 ;0 ;0 ;
29.9 ;0 ; ;0 ;0 ;0 ;0 ;0 ;0 ;0 ;0 ;0 ;
29.92 ;0 ; ;0 ;0 ;0 ;0 ;0 ;0 ;0 ;0 ;0 ;
29.94 ;0 ; ;0 ;0 ;0 ;0 ;0 ;0 ;0 ;0 ;0 ;
29.96 ;0 ; ;0 ;0 ;0 ;0 ;0 ;0 ;0 ;0 ;0 ;
29.98 ;0 ; ;0 ;0 ;0 ;0 ;0 ;0 ;0 ;0 ;0 ;
30 ;0 ; ;0 ;0 ;0 ;0 ;0 ;0 ;0 ;0 ;0 ;
30.02 ;0 ; ;0 ;0 ;0 ;0 ;0 ;0 ;0 ;0 ;0 ;
30.04 ;0 ; ;0 ;0 ;0 ;0 ;0 ;0 ;0 ;0 ;0 ;
30.06 ;0 ; ;0 ;0 ;0 ;0 ;0 ;0 ;0 ;0 ;0 ;
30.08 ;0 ; ;0 ;0 ;0 ;0 ;0 ;0 ;0 ;0 ;0 ;
30.1 ;0 ; ;0 ;0 ;0 ;0 ;0 ;0 ;0 ;0 ;0 ;
30.12 ;0 ; ;0 ;0 ;0 ;0 ;0 ;0 ;0 ;0 ;0 ;
30.14 ;0 ; ;0 ;0 ;0 ;0 ;0 ;0 ;0 ;0 ;0 ;
30.16 ;0 ; ;0 ;0 ;0 ;0 ;0 ;0 ;0 ;0 ;0 ;
30.18 ;0 ; ;0 ;0 ;0 ;0 ;0 ;0 ;0 ;0 ;0 ;
30.2 ;0 ; ;0 ;0 ;0 ;0 ;0 ;0 ;0 ;0 ;0 ;
30.22 ;0 ; ;0 ;0 ;0 ;0 ;0 ;0 ;0 ;0 ;0 ;
30.24 ;0 ; ;0 ;0 ;0 ;0 ;0 ;0 ;0 ;0 ;0 ;
30.26 ;0 ; ;0 ;0 ;0 ;0 ;0 ;0 ;0 ;0 ;0 ;
30.28 ;0 ; ;0 ;0 ;0 ;0 ;0 ;0 ;0 ;0 ;0 ;
30.3 ;0 ; ;0 ;0 ;0 ;0 ;0 ;0 ;0 ;0 ;0 ;
30.32 ;0 ; ;0 ;0 ;0 ;0 ;0 ;0 ;0 ;0 ;0 ;
30.34 ;0 ; ;0 ;0 ;0 ;0 ;0 ;0 ;0 ;0 ;0 ;
30.36 ;0 ; ;0 ;0 ;0 ;0 ;0 ;0 ;0 ;0 ;0 ;
30.38 ;0 ; ;0 ;0 ;0 ;0 ;0 ;0 ;0 ;0 ;0 ;
30.4 ;0 ; ;0 ;0 ;0 ;0 ;0 ;0 ;0 ;0 ;0 ;
30.42 ;0 ; ;0 ;0 ;0 ;0 ;0 ;0 ;0 ;0 ;0 ;
30.44 ;0 ; ;0 ;0 ;0 ;0 ;0 ;0 ;0 ;0 ;0 ;
30.46 ;0 ; ;0 ;0 ;0 ;0 ;0 ;0 ;0 ;0 ;0 ;
30.48 ;0 ; ;0 ;0 ;0 ;0 ;0 ;0 ;0 ;0 ;0 ;
30.5 ;0 ; ;0 ;0 ;0 ;0 ;0 ;0 ;0 ;0 ;0 ;
30.52 ;0 ; ;0 ;0 ;0 ;0 ;0 ;0 ;0 ;0 ;0 ;
30.54 ;0 ; ;0 ;0 ;0 ;0 ;0 ;0 ;0 ;0 ;0 ;
30.56 ;0 ; ;0 ;0 ;0 ;0 ;0 ;0 ;0 ;0 ;0 ;
30.58 ;0 ; ;0 ;0 ;0 ;0 ;0 ;0 ;0 ;0 ;0 ;
30.6 ;0 ; ;0 ;0 ;0 ;0 ;0 ;0 ;0 ;0 ;0 ;
30.62 ;0 ; ;0 ;0 ;0 ;0 ;0 ;0 ;0 ;0 ;0 ;
30.64 ;0 ; ;0 ;0 ;0 ;0 ;0 ;0 ;0 ;0 ;0 ;
30.66 ;0 ; ;0 ;0 ;0 ;0 ;0 ;0 ;0 ;0 ;0 ;
30.68 ;0 ; ;0 ;0 ;0 ;0 ;0 ;0 ;0 ;0 ;0 ;
30.7 ;0 ; ;0 ;0 ;0 ;0 ;0 ;0 ;0 ;0 ;0 ;
30.72 ;0 ; ;0 ;0 ;0 ;0 ;0 ;0 ;0 ;0 ;0 ;
30.74 ;0 ; ;0 ;0 ;0 ;0 ;0 ;0 ;0 ;0 ;0 ;
30.76 ;0 ; ;0 ;0 ;0 ;0 ;0 ;0 ;0 ;0 ;0 ;
30.78 ;0 ; ;0 ;0 ;0 ;0 ;0 ;0 ;0 ;0 ;0 ;
30.8 ;0 ; ;0 ;0 ;0 ;0 ;0 ;0 ;0 ;0 ;0 ;
30.82 ;0 ; ;0 ;0 ;0 ;0 ;0 ;0 ;0 ;0 ;0 ;
30.84 ;0 ; ;0 ;0 ;0 ;0 ;0 ;0 ;0 ;0 ;0 ;
30.86 ;0 ; ;0 ;0 ;0 ;0 ;0 ;0 ;0 ;0 ;0 ;
30.88 ;0 ; ;0 ;0 ;0 ;0 ;0 ;0 ;0 ;0 ;0 ;
30.9 ;0 ; ;0 ;0 ;0 ;0 ;0 ;0 ;0 ;0 ;0 ;
30.92 ;0 ; ;0 ;0 ;0 ;0 ;0 ;0 ;0 ;0 ;0 ;
30.94 ;0 ; ;0 ;0 ;0 ;0 ;0 ;0 ;0 ;0 ;0 ;
30.96 ;0 ; ;0 ;0 ;0 ;0 ;0 ;0 ;0 ;0 ;0 ;
30.98 ;0 ; ;0 ;0 ;0 ;0 ;0 ;0 ;0 ;0 ;0 ;
31 ;0 ; ;0 ;0 ;0 ;0 ;0 ;0 ;0 ;0 ;0 ;
31.02 ;0 ; ;0 ;0 ;0 ;0 ;0 ;0 ;0 ;0 ;0 ;
31.04 ;0 ; ;0 ;0 ;0 ;0 ;0 ;0 ;0 ;0 ;0 ;
31.06 ;0 ; ;0 ;0 ;0 ;0 ;0 ;0 ;0 ;0 ;0 ;
31.08 ;0 ; ;0 ;0 ;0 ;0 ;0 ;0 ;0 ;0 ;0 ;
31.1 ;0 ; ;0 ;0 ;0 ;0 ;0 ;0 ;0 ;0 ;0 ;
31.12 ;0 ; ;0 ;0 ;0 ;0 ;0 ;0 ;0 ;0 ;0 ;
31.14 ;0 ; ;0 ;0 ;0 ;0 ;0 ;0 ;0 ;0 ;0 ;
31.16 ;0 ; ;0 ;0 ;0 ;0 ;0 ;0 ;0 ;0 ;0 ;
31.18 ;0 ; ;0 ;0 ;0 ;0 ;0 ;0 ;0 ;0 ;0 ;
31.2 ;0 ; ;0 ;0 ;0 ;0 ;0 ;0 ;0 ;0 ;0 ;
31.22 ;0 ; ;0 ;0 ;0 ;0 ;0 ;0 ;0 ;0 ;0 ;
31.24 ;0 ; ;0 ;0 ;0 ;0 ;0 ;0 ;0 ;0 ;0 ;
31.26 ;0 ; ;0 ;0 ;0 ;0 ;0 ;0 ;0 ;0 ;0 ;
31.28 ;0 ; ;0 ;0 ;0 ;0 ;0 ;0 ;0 ;0 ;0 ;
31.3 ;0 ; ;0 ;0 ;0 ;0 ;0 ;0 ;0 ;0 ;0 ;
31.32 ;0 ; ;0 ;0 ;0 ;0 ;0 ;0 ;0 ;0 ;0 ;
31.34 ;0 ; ;0 ;0 ;0 ;0 ;0 ;0 ;0 ;0 ;0 ;
31.36 ;0 ; ;0 ;0 ;0 ;0 ;0 ;0 ;0 ;0 ;0 ;
31.38 ;0 ; ;0 ;0 ;0 ;0 ;0 ;0 ;0 ;0 ;0 ;
31.4 ;0 ; ;0 ;0 ;0 ;0 ;0 ;0 ;0 ;0 ;0 ;
31.42 ;0 ; ;0 ;0 ;0 ;0 ;0 ;0 ;0 ;0 ;0 ;
31.44 ;0 ; ;0 ;0 ;0 ;0 ;0 ;0 ;0 ;0 ;0 ;
31.46 ;0 ; ;0 ;0 ;0 ;0 ;0 ;0 ;0 ;0 ;0 ;
31.48 ;0 ; ;0 ;0 ;0 ;0 ;0 ;0 ;0 ;0 ;0 ;
31.5 ;0 ; ;0 ;0 ;0 ;0 ;0 ;0 ;0 ;0 ;0 ;
31.52 ;0 ; ;0 ;0 ;0 ;0 ;0 ;0 ;0 ;0 ;0 ;
31.54 ;0 ; ;0 ;0 ;0 ;0 ;0 ;0 ;0 ;0 ;0 ;
31.56 ;0 ; ;0 ;0 ;0 ;0 ;0 ;0 ;0 ;0 ;0 ;
31.58 ;0 ; ;0 ;0 ;0 ;0 ;0 ;0 ;0 ;0 ;0 ;
31.6 ;0 ; ;0 ;0 ;0 ;0 ;0 ;0 ;0 ;0 ;0 ;
31.62 ;0 ; ;0 ;0 ;0 ;0 ;0 ;0 ;0 ;0 ;0 ;
31.64 ;0 ; ;0 ;0 ;0 ;0 ;0 ;0 ;0 ;0 ;0 ;
31.66 ;0 ; ;0 ;0 ;0 ;0 ;0 ;0 ;0 ;0 ;0 ;
31.68 ;0 ; ;0 ;0 ;0 ;0 ;0 ;0 ;0 ;0 ;0 ;
31.7 ;0 ; ;0 ;0 ;0 ;0 ;0 ;0 ;0 ;0 ;0 ;
31.72 ;0 ; ;0 ;0 ;0 ;0 ;0 ;0 ;0 ;0 ;0 ;
31.74 ;0 ; ;0 ;0 ;0 ;0 ;0 ;0 ;0 ;0 ;0 ;
31.76 ;0 ; ;0 ;0 ;0 ;0 ;0 ;0 ;0 ;0 ;0 ;
31.78 ;0 ; ;0 ;0 ;0 ;0 ;0 ;0 ;0 ;0 ;0 ;
31.8 ;0 ; ;0 ;0 ;0 ;0 ;0 ;0 ;0 ;0 ;0 ;
31.82 ;0 ; ;0 ;0 ;0 ;0 ;0 ;0 ;0 ;0 ;0 ;
31.84 ;0 ; ;0 ;0 ;0 ;0 ;0 ;0 ;0 ;0 ;0 ;
31.86 ;0 ; ;0 ;0 ;0 ;0 ;0 ;0 ;0 ;0 ;0 ;
31.88 ;0 ; ;0 ;0 ;0 ;0 ;0 ;0 ;0 ;0 ;0 ;
31.9 ;0 ; ;0 ;0 ;0 ;0 ;0 ;0 ;0 ;0 ;0 ;
31.92 ;0 ; ;0 ;0 ;0 ;0 ;0 ;0 ;0 ;0 ;0 ;
31.94 ;0 ; ;0 ;0 ;0 ;0 ;0 ;0 ;0 ;0 ;0 ;
31.96 ;0 ; ;0 ;0 ;0 ;0 ;0 ;0 ;0 ;0 ;0 ;
31.98 ;0 ; ;0 ;0 ;0 ;0 ;0 ;0 ;0 ;0 ;0 ;
32 ;0 ; ;0 ;0 ;0 ;0 ;0 ;0 ;0 ;0 ;0 ;
32.02 ;0 ; ;0 ;0 ;0 ;0 ;0 ;0 ;0 ;0 ;0 ;
32.04 ;0 ; ;0 ;0 ;0 ;0 ;0 ;0 ;0 ;0 ;0 ;
32.06 ;0 ; ;0 ;0 ;0 ;0 ;0 ;0 ;0 ;0 ;0 ;
32.08 ;0 ; ;0 ;0 ;0 ;0 ;0 ;0 ;0 ;0 ;0 ;
32.1 ;0 ; ;0 ;0 ;0 ;0 ;0 ;0 ;0 ;0 ;0 ;
32.12 ;0 ; ;0 ;0 ;0 ;0 ;0 ;0 ;0 ;0 ;0 ;
32.14 ;0 ; ;0 ;0 ;0 ;0 ;0 ;0 ;0 ;0 ;0 ;
32.16 ;0 ; ;0 ;0 ;0 ;0 ;0 ;0 ;0 ;0 ;0 ;
32.18 ;0 ; ;0 ;0 ;0 ;0 ;0 ;0 ;0 ;0 ;0 ;
32.2 ;0 ; ;0 ;0 ;0 ;0 ;0 ;0 ;0 ;0 ;0 ;
32.22 ;0 ; ;0 ;0 ;0 ;0 ;0 ;0 ;0 ;0 ;0 ;
32.24 ;0 ; ;0 ;0 ;0 ;0 ;0 ;0 ;0 ;0 ;0 ;
32.26 ;0 ; ;0 ;0 ;0 ;0 ;0 ;0 ;0 ;0 ;0 ;
32.28 ;0 ; ;0 ;0 ;0 ;0 ;0 ;0 ;0 ;0 ;0 ;
32.3 ;0 ; ;0 ;0 ;0 ;0 ;0 ;0 ;0 ;0 ;0 ;
32.32 ;0 ; ;0 ;0 ;0 ;0 ;0 ;0 ;0 ;0 ;0 ;
32.34 ;0 ; ;0 ;0 ;0 ;0 ;0 ;0 ;0 ;0 ;0 ;
32.36 ;0 ; ;0 ;0 ;0 ;0 ;0 ;0 ;0 ;0 ;0 ;
32.38 ;0 ; ;0 ;0 ;0 ;0 ;0 ;0 ;0 ;0 ;0 ;
32.4 ;0 ; ;0 ;0 ;0 ;0 ;0 ;0 ;0 ;0 ;0 ;
32.42 ;0 ; ;0 ;0 ;0 ;0 ;0 ;0 ;0 ;0 ;0 ;
32.44 ;0 ; ;0 ;0 ;0 ;0 ;0 ;0 ;0 ;0 ;0 ;
32.46 ;0 ; ;0 ;0 ;0 ;0 ;0 ;0 ;0 ;0 ;0 ;
32.48 ;0 ; ;0 ;0 ;0 ;0 ;0 ;0 ;0 ;0 ;0 ;
32.5 ;0 ; ;0 ;0 ;0 ;0 ;0 ;0 ;0 ;0 ;0 ;
32.52 ;0 ; ;0 ;0 ;0 ;0 ;0 ;0 ;0 ;0 ;0 ;
32.54 ;0 ; ;0 ;0 ;0 ;0 ;0 ;0 ;0 ;0 ;0 ;
32.56 ;0 ; ;0 ;0 ;0 ;0 ;0 ;0 ;0 ;0 ;0 ;
32.58 ;0 ; ;0 ;0 ;0 ;0 ;0 ;0 ;0 ;0 ;0 ;
32.6 ;0 ; ;0 ;0 ;0 ;0 ;0 ;0 ;0 ;0 ;0 ;
32.62 ;0 ; ;0 ;0 ;0 ;0 ;0 ;0 ;0 ;0 ;0 ;
32.64 ;0 ; ;0 ;0 ;0 ;0 ;0 ;0 ;0 ;0 ;0 ;
32.66 ;0 ; ;0 ;0 ;0 ;0 ;0 ;0 ;0 ;0 ;0 ;
32.68 ;0 ; ;0 ;0 ;0 ;0 ;0 ;0 ;0 ;0 ;0 ;
32.7 ;0 ; ;0 ;0 ;0 ;0 ;0 ;0 ;0 ;0 ;0 ;
32.72 ;0 ; ;0 ;0 ;0 ;0 ;0 ;0 ;0 ;0 ;0 ;
32.74 ;0 ; ;0 ;0 ;0 ;0 ;0 ;0 ;0 ;0 ;0 ;
32.76 ;0 ; ;0 ;0 ;0 ;0 ;0 ;0 ;0 ;0 ;0 ;
32.78 ;0 ; ;0 ;0 ;0 ;0 ;0 ;0 ;0 ;0 ;0 ;
32.8 ;0 ; ;0 ;0 ;0 ;0 ;0 ;0 ;0 ;0 ;0 ;
32.82 ;0 ; ;0 ;0 ;0 ;0 ;0 ;0 ;0 ;0 ;0 ;
32.84 ;0 ; ;0 ;0 ;0 ;0 ;0 ;0 ;0 ;0 ;0 ;
32.86 ;0 ; ;0 ;0 ;0 ;0 ;0 ;0 ;0 ;0 ;0 ;
32.88 ;0 ; ;0 ;0 ;0 ;0 ;0 ;0 ;0 ;0 ;0 ;
32.9 ;0 ; ;0 ;0 ;0 ;0 ;0 ;0 ;0 ;0 ;0 ;
32.92 ;0 ; ;0 ;0 ;0 ;0 ;0 ;0 ;0 ;0 ;0 ;
32.94 ;0 ; ;0 ;0 ;0 ;0 ;0 ;0 ;0 ;0 ;0 ;
32.96 ;0 ; ;0 ;0 ;0 ;0 ;0 ;0 ;0 ;0 ;0 ;
32.98 ;0 ; ;0 ;0 ;0 ;0 ;0 ;0 ;0 ;0 ;0 ;
33 ;0 ; ;0 ;0 ;0 ;0 ;0 ;0 ;0 ;0 ;0 ;
33.02 ;0 ; ;0 ;0 ;0 ;0 ;0 ;0 ;0 ;0 ;0 ;
33.04 ;0 ; ;0 ;0 ;0 ;0 ;0 ;0 ;0 ;0 ;0 ;
33.06 ;0 ; ;0 ;0 ;0 ;0 ;0 ;0 ;0 ;0 ;0 ;
33.08 ;0 ; ;0 ;0 ;0 ;0 ;0 ;0 ;0 ;0 ;0 ;
33.1 ;0 ; ;0 ;0 ;0 ;0 ;0 ;0 ;0 ;0 ;0 ;
33.12 ;0 ; ;0 ;0 ;0 ;0 ;0 ;0 ;0 ;0 ;0 ;
33.14 ;0 ; ;0 ;0 ;0 ;0 ;0 ;0 ;0 ;0 ;0 ;
33.16 ;0 ; ;0 ;0 ;0 ;0 ;0 ;0 ;0 ;0 ;0 ;
33.18 ;0 ; ;0 ;0 ;0 ;0 ;0 ;0 ;0 ;0 ;0 ;
33.2 ;0 ; ;0 ;0 ;0 ;0 ;0 ;0 ;0 ;0 ;0 ;
33.22 ;0 ; ;0 ;0 ;0 ;0 ;0 ;0 ;0 ;0 ;0 ;
33.24 ;0 ; ;0 ;0 ;0 ;0 ;0 ;0 ;0 ;0 ;0 ;
33.26 ;0 ; ;0 ;0 ;0 ;0 ;0 ;0 ;0 ;0 ;0 ;
33.28 ;0 ; ;0 ;0 ;0 ;0 ;0 ;0 ;0 ;0 ;0 ;
33.3 ;0 ; ;0 ;0 ;0 ;0 ;0 ;0 ;0 ;0 ;0 ;
33.32 ;0 ; ;0 ;0 ;0 ;0 ;0 ;0 ;0 ;0 ;0 ;
33.34 ;0 ; ;0 ;0 ;0 ;0 ;0 ;0 ;0 ;0 ;0 ;
33.36 ;0 ; ;0 ;0 ;0 ;0 ;0 ;0 ;0 ;0 ;0 ;
33.38 ;0 ; ;0 ;0 ;0 ;0 ;0 ;0 ;0 ;0 ;0 ;
33.4 ;0 ; ;0 ;0 ;0 ;0 ;0 ;0 ;0 ;0 ;0 ;
33.42 ;0 ; ;0 ;0 ;0 ;0 ;0 ;0 ;0 ;0 ;0 ;
33.44 ;0 ; ;0 ;0 ;0 ;0 ;0 ;0 ;0 ;0 ;0 ;
33.46 ;0 ; ;0 ;0 ;0 ;0 ;0 ;0 ;0 ;0 ;0 ;
33.48 ;0 ; ;0 ;0 ;0 ;0 ;0 ;0 ;0 ;0 ;0 ;
33.5 ;0 ; ;0 ;0 ;0 ;0 ;0 ;0 ;0 ;0 ;0 ;
33.52 ;0 ; ;0 ;0 ;0 ;0 ;0 ;0 ;0 ;0 ;0 ;
33.54 ;0 ; ;0 ;0 ;0 ;0 ;0 ;0 ;0 ;0 ;0 ;
33.56 ;0 ; ;0 ;0 ;0 ;0 ;0 ;0 ;0 ;0 ;0 ;
33.58 ;0 ; ;0 ;0 ;0 ;0 ;0 ;0 ;0 ;0 ;0 ;
33.6 ;0 ; ;0 ;0 ;0 ;0 ;0 ;0 ;0 ;0 ;0 ;
33.62 ;0 ; ;0 ;0 ;0 ;0 ;0 ;0 ;0 ;0 ;0 ;
33.64 ;0 ; ;0 ;0 ;0 ;0 ;0 ;0 ;0 ;0 ;0 ;
33.66 ;0 ; ;0 ;0 ;0 ;0 ;0 ;0 ;0 ;0 ;0 ;
33.68 ;0 ; ;0 ;0 ;0 ;0 ;0 ;0 ;0 ;0 ;0 ;
33.7 ;0 ; ;0 ;0 ;0 ;0 ;0 ;0 ;0 ;0 ;0 ;
33.72 ;0 ; ;0 ;0 ;0 ;0 ;0 ;0 ;0 ;0 ;0 ;
33.74 ;0 ; ;0 ;0 ;0 ;0 ;0 ;0 ;0 ;0 ;0 ;
33.76 ;0 ; ;0 ;0 ;0 ;0 ;0 ;0 ;0 ;0 ;0 ;
33.78 ;0 ; ;0 ;0 ;0 ;0 ;0 ;0 ;0 ;0 ;0 ;
33.8 ;0 ; ;0 ;0 ;0 ;0 ;0 ;0 ;0 ;0 ;0 ;
33.82 ;0 ; ;0 ;0 ;0 ;0 ;0 ;0 ;0 ;0 ;0 ;
33.84 ;0 ; ;0 ;0 ;0 ;0 ;0 ;0 ;0 ;0 ;0 ;
33.86 ;0 ; ;0 ;0 ;0 ;0 ;0 ;0 ;0 ;0 ;0 ;
33.88 ;0 ; ;0 ;0 ;0 ;0 ;0 ;0 ;0 ;0 ;0 ;
33.9 ;0 ; ;0 ;0 ;0 ;0 ;0 ;0 ;0 ;0 ;0 ;
33.92 ;0 ; ;0 ;0 ;0 ;0 ;0 ;0 ;0 ;0 ;0 ;
33.94 ;0 ; ;0 ;0 ;0 ;0 ;0 ;0 ;0 ;0 ;0 ;
33.96 ;0 ; ;0 ;0 ;0 ;0 ;0 ;0 ;0 ;0 ;0 ;
33.98 ;0 ; ;0 ;0 ;0 ;0 ;0 ;0 ;0 ;0 ;0 ;
34 ;0 ; ;0 ;0 ;0 ;0 ;0 ;0 ;0 ;0 ;0 ;
34.02 ;0 ; ;0 ;0 ;0 ;0 ;0 ;0 ;0 ;0 ;0 ;
34.04 ;0 ; ;0 ;0 ;0 ;0 ;0 ;0 ;0 ;0 ;0 ;
34.06 ;0 ; ;0 ;0 ;0 ;0 ;0 ;0 ;0 ;0 ;0 ;
34.08 ;0 ; ;0 ;0 ;0 ;0 ;0 ;0 ;0 ;0 ;0 ;
34.1 ;0 ; ;0 ;0 ;0 ;0 ;0 ;0 ;0 ;0 ;0 ;
34.12 ;0 ; ;0 ;0 ;0 ;0 ;0 ;0 ;0 ;0 ;0 ;
34.14 ;0 ; ;0 ;0 ;0 ;0 ;0 ;0 ;0 ;0 ;0 ;
34.16 ;0 ; ;0 ;0 ;0 ;0 ;0 ;0 ;0 ;0 ;0 ;
34.18 ;0 ; ;0 ;0 ;0 ;0 ;0 ;0 ;0 ;0 ;0 ;
34.2 ;0 ; ;0 ;0 ;0 ;0 ;0 ;0 ;0 ;0 ;0 ;
34.22 ;0 ; ;0 ;0 ;0 ;0 ;0 ;0 ;0 ;0 ;0 ;
34.24 ;0 ; ;0 ;0 ;0 ;0 ;0 ;0 ;0 ;0 ;0 ;
34.26 ;0 ; ;0 ;0 ;0 ;0 ;0 ;0 ;0 ;0 ;0 ;
34.28 ;0 ; ;0 ;0 ;0 ;0 ;0 ;0 ;0 ;0 ;0 ;
34.3 ;0 ; ;0 ;0 ;0 ;0 ;0 ;0 ;0 ;0 ;0 ;
34.32 ;0 ; ;0 ;0 ;0 ;0 ;0 ;0 ;0 ;0 ;0 ;
34.34 ;0 ; ;0 ;0 ;0 ;0 ;0 ;0 ;0 ;0 ;0 ;
34.36 ;0 ; ;0 ;0 ;0 ;0 ;0 ;0 ;0 ;0 ;0 ;
34.38 ;0 ; ;0 ;0 ;0 ;0 ;0 ;0 ;0 ;0 ;0 ;
34.4 ;0 ; ;0 ;0 ;0 ;0 ;0 ;0 ;0 ;0 ;0 ;
34.42 ;0 ; ;0 ;0 ;0 ;0 ;0 ;0 ;0 ;0 ;0 ;
34.44 ;0 ; ;0 ;0 ;0 ;0 ;0 ;0 ;0 ;0 ;0 ;
34.46 ;0 ; ;0 ;0 ;0 ;0 ;0 ;0 ;0 ;0 ;0 ;
34.48 ;0 ; ;0 ;0 ;0 ;0 ;0 ;0 ;0 ;0 ;0 ;
34.5 ;0 ; ;0 ;0 ;0 ;0 ;0 ;0 ;0 ;0 ;0 ;
34.52 ;0 ; ;0 ;0 ;0 ;0 ;0 ;0 ;0 ;0 ;0 ;
34.54 ;0 ; ;0 ;0 ;0 ;0 ;0 ;0 ;0 ;0 ;0 ;
34.56 ;0 ; ;0 ;0 ;0 ;0 ;0 ;0 ;0 ;0 ;0 ;
34.58 ;0 ; ;0 ;0 ;0 ;0 ;0 ;0 ;0 ;0 ;0 ;
34.6 ;0 ; ;0 ;0 ;0 ;0 ;0 ;0 ;0 ;0 ;0 ;
34.62 ;0 ; ;0 ;0 ;0 ;0 ;0 ;0 ;0 ;0 ;0 ;
34.64 ;0 ; ;0 ;0 ;0 ;0 ;0 ;0 ;0 ;0 ;0 ;
34.66 ;0 ; ;0 ;0 ;0 ;0 ;0 ;0 ;0 ;0 ;0 ;
34.68 ;0 ; ;0 ;0 ;0 ;0 ;0 ;0 ;0 ;0 ;0 ;
34.7 ;0 ; ;0 ;0 ;0 ;0 ;0 ;0 ;0 ;0 ;0 ;
34.72 ;0 ; ;0 ;0 ;0 ;0 ;0 ;0 ;0 ;0 ;0 ;
34.74 ;0 ; ;0 ;0 ;0 ;0 ;0 ;0 ;0 ;0 ;0 ;
34.76 ;0 ; ;0 ;0 ;0 ;0 ;0 ;0 ;0 ;0 ;0 ;
34.78 ;0 ; ;0 ;0 ;0 ;0 ;0 ;0 ;0 ;0 ;0 ;
34.8 ;0 ; ;0 ;0 ;0 ;0 ;0 ;0 ;0 ;0 ;0 ;
34.82 ;0 ; ;0 ;0 ;0 ;0 ;0 ;0 ;0 ;0 ;0 ;
34.84 ;0 ; ;0 ;0 ;0 ;0 ;0 ;0 ;0 ;0 ;0 ;
34.86 ;0 ; ;0 ;0 ;0 ;0 ;0 ;0 ;0 ;0 ;0 ;
34.88 ;0 ; ;0 ;0 ;0 ;0 ;0 ;0 ;0 ;0 ;0 ;
34.9 ;0 ; ;0 ;0 ;0 ;0 ;0 ;0 ;0 ;0 ;0 ;
34.92 ;0 ; ;0 ;0 ;0 ;0 ;0 ;0 ;0 ;0 ;0 ;
34.94 ;0 ; ;0 ;0 ;0 ;0 ;0 ;0 ;0 ;0 ;0 ;
34.96 ;0 ; ;0 ;0 ;0 ;0 ;0 ;0 ;0 ;0 ;0 ;
34.98 ;0 ; ;0 ;0 ;0 ;0 ;0 ;0 ;0 ;0 ;0 ;
35 ;0 ; ;0 ;0 ;0 ;0 ;0 ;0 ;0 ;0 ;0 ;
35.02 ;0 ; ;0 ;0 ;0 ;0 ;0 ;0 ;0 ;0 ;0 ;
35.04 ;0 ; ;0 ;0 ;0 ;0 ;0 ;0 ;0 ;0 ;0 ;
35.06 ;0 ; ;0 ;0 ;0 ;0 ;0 ;0 ;0 ;0 ;0 ;
35.08 ;0 ; ;0 ;0 ;0 ;0 ;0 ;0 ;0 ;0 ;0 ;
35.1 ;0 ; ;0 ;0 ;0 ;0 ;0 ;0 ;0 ;0 ;0 ;
35.12 ;0 ; ;0 ;0 ;0 ;0 ;0 ;0 ;0 ;0 ;0 ;
35.14 ;0 ; ;0 ;0 ;0 ;0 ;0 ;0 ;0 ;0 ;0 ;
35.16 ;0 ; ;0 ;0 ;0 ;0 ;0 ;0 ;0 ;0 ;0 ;
35.18 ;0 ; ;0 ;0 ;0 ;0 ;0 ;0 ;0 ;0 ;0 ;
35.2 ;0 ; ;0 ;0 ;0 ;0 ;0 ;0 ;0 ;0 ;0 ;
35.22 ;0 ; ;0 ;0 ;0 ;0 ;0 ;0 ;0 ;0 ;0 ;
35.24 ;0 ; ;0 ;0 ;0 ;0 ;0 ;0 ;0 ;0 ;0 ;
35.26 ;0 ; ;0 ;0 ;0 ;0 ;0 ;0 ;0 ;0 ;0 ;
35.28 ;0 ; ;0 ;0 ;0 ;0 ;0 ;0 ;0 ;0 ;0 ;
35.3 ;0 ; ;0 ;0 ;0 ;0 ;0 ;0 ;0 ;0 ;0 ;
35.32 ;0 ; ;0 ;0 ;0 ;0 ;0 ;0 ;0 ;0 ;0 ;
35.34 ;0 ; ;0 ;0 ;0 ;0 ;0 ;0 ;0 ;0 ;0 ;
35.36 ;0 ; ;0 ;0 ;0 ;0 ;0 ;0 ;0 ;0 ;0 ;
35.38 ;0 ; ;0 ;0 ;0 ;0 ;0 ;0 ;0 ;0 ;0 ;
35.4 ;0 ; ;0 ;0 ;0 ;0 ;0 ;0 ;0 ;0 ;0 ;
35.42 ;0 ; ;0 ;0 ;0 ;0 ;0 ;0 ;0 ;0 ;0 ;
35.44 ;0 ; ;0 ;0 ;0 ;0 ;0 ;0 ;0 ;0 ;0 ;
35.46 ;0 ; ;0 ;0 ;0 ;0 ;0 ;0 ;0 ;0 ;0 ;
35.48 ;0 ; ;0 ;0 ;0 ;0 ;0 ;0 ;0 ;0 ;0 ;
35.5 ;0 ; ;0 ;0 ;0 ;0 ;0 ;0 ;0 ;0 ;0 ;
35.52 ;0 ; ;0 ;0 ;0 ;0 ;0 ;0 ;0 ;0 ;0 ;
35.54 ;0 ; ;0 ;0 ;0 ;0 ;0 ;0 ;0 ;0 ;0 ;
35.56 ;0 ; ;0 ;0 ;0 ;0 ;0 ;0 ;0 ;0 ;0 ;
35.58 ;0 ; ;0 ;0 ;0 ;0 ;0 ;0 ;0 ;0 ;0 ;
35.6 ;0 ; ;0 ;0 ;0 ;0 ;0 ;0 ;0 ;0 ;0 ;
35.62 ;0 ; ;0 ;0 ;0 ;0 ;0 ;0 ;0 ;0 ;0 ;
35.64 ;0 ; ;0 ;0 ;0 ;0 ;0 ;0 ;0 ;0 ;0 ;
35.66 ;0 ; ;0 ;0 ;0 ;0 ;0 ;0 ;0 ;0 ;0 ;
35.68 ;0 ; ;0 ;0 ;0 ;0 ;0 ;0 ;0 ;0 ;0 ;
35.7 ;0 ; ;0 ;0 ;0 ;0 ;0 ;0 ;0 ;0 ;0 ;
35.72 ;0 ; ;0 ;0 ;0 ;0 ;0 ;0 ;0 ;0 ;0 ;
35.74 ;0 ; ;0 ;0 ;0 ;0 ;0 ;0 ;0 ;0 ;0 ;
35.76 ;0 ; ;0 ;0 ;0 ;0 ;0 ;0 ;0 ;0 ;0 ;
35.78 ;0 ; ;0 ;0 ;0 ;0 ;0 ;0 ;0 ;0 ;0 ;
35.8 ;0 ; ;0 ;0 ;0 ;0 ;0 ;0 ;0 ;0 ;0 ;
35.82 ;0 ; ;0 ;0 ;0 ;0 ;0 ;0 ;0 ;0 ;0 ;
35.84 ;0 ; ;0 ;0 ;0 ;0 ;0 ;0 ;0 ;0 ;0 ;
35.86 ;0 ; ;0 ;0 ;0 ;0 ;0 ;0 ;0 ;0 ;0 ;
35.88 ;0 ; ;0 ;0 ;0 ;0 ;0 ;0 ;0 ;0 ;0 ;
35.9 ;0 ; ;0 ;0 ;0 ;0 ;0 ;0 ;0 ;0 ;0 ;
35.92 ;0 ; ;0 ;0 ;0 ;0 ;0 ;0 ;0 ;0 ;0 ;
35.94 ;0 ; ;0 ;0 ;0 ;0 ;0 ;0 ;0 ;0 ;0 ;
35.96 ;0 ; ;0 ;0 ;0 ;0 ;0 ;0 ;0 ;0 ;0 ;
35.98 ;0 ; ;0 ;0 ;0 ;0 ;0 ;0 ;0 ;0 ;0 ;
36 ;0 ; ;0 ;0 ;0 ;0 ;0 ;0 ;0 ;0 ;0 ;
36.02 ;0 ; ;0 ;0 ;0 ;0 ;0 ;0 ;0 ;0 ;0 ;
36.04 ;0 ; ;0 ;0 ;0 ;0 ;0 ;0 ;0 ;0 ;0 ;
36.06 ;0 ; ;0 ;0 ;0 ;0 ;0 ;0 ;0 ;0 ;0 ;
36.08 ;0 ; ;0 ;0 ;0 ;0 ;0 ;0 ;0 ;0 ;0 ;
36.1 ;0 ; ;0 ;0 ;0 ;0 ;0 ;0 ;0 ;0 ;0 ;
36.12 ;0 ; ;0 ;0 ;0 ;0 ;0 ;0 ;0 ;0 ;0 ;
36.14 ;0 ; ;0 ;0 ;0 ;0 ;0 ;0 ;0 ;0 ;0 ;
36.16 ;0 ; ;0 ;0 ;0 ;0 ;0 ;0 ;0 ;0 ;0 ;
36.18 ;0 ; ;0 ;0 ;0 ;0 ;0 ;0 ;0 ;0 ;0 ;
36.2 ;0 ; ;0 ;0 ;0 ;0 ;0 ;0 ;0 ;0 ;0 ;
36.22 ;0 ; ;0 ;0 ;0 ;0 ;0 ;0 ;0 ;0 ;0 ;
36.24 ;0 ; ;0 ;0 ;0 ;0 ;0 ;0 ;0 ;0 ;0 ;
36.26 ;0 ; ;0 ;0 ;0 ;0 ;0 ;0 ;0 ;0 ;0 ;
36.28 ;0 ; ;0 ;0 ;0 ;0 ;0 ;0 ;0 ;0 ;0 ;
36.3 ;0 ; ;0 ;0 ;0 ;0 ;0 ;0 ;0 ;0 ;0 ;
36.32 ;0 ; ;0 ;0 ;0 ;0 ;0 ;0 ;0 ;0 ;0 ;
36.34 ;0 ; ;0 ;0 ;0 ;0 ;0 ;0 ;0 ;0 ;0 ;
36.36 ;0 ; ;0 ;0 ;0 ;0 ;0 ;0 ;0 ;0 ;0 ;
36.38 ;0 ; ;0 ;0 ;0 ;0 ;0 ;0 ;0 ;0 ;0 ;
36.4 ;0 ; ;0 ;0 ;0 ;0 ;0 ;0 ;0 ;0 ;0 ;
36.42 ;0 ; ;0 ;0 ;0 ;0 ;0 ;0 ;0 ;0 ;0 ;
36.44 ;0 ; ;0 ;0 ;0 ;0 ;0 ;0 ;0 ;0 ;0 ;
36.46 ;0 ; ;0 ;0 ;0 ;0 ;0 ;0 ;0 ;0 ;0 ;
36.48 ;0 ; ;0 ;0 ;0 ;0 ;0 ;0 ;0 ;0 ;0 ;
36.5 ;0 ; ;0 ;0 ;0 ;0 ;0 ;0 ;0 ;0 ;0 ;
36.52 ;0 ; ;0 ;0 ;0 ;0 ;0 ;0 ;0 ;0 ;0 ;
36.54 ;0 ; ;0 ;0 ;0 ;0 ;0 ;0 ;0 ;0 ;0 ;
36.56 ;0 ; ;0 ;0 ;0 ;0 ;0 ;0 ;0 ;0 ;0 ;
36.58 ;0 ; ;0 ;0 ;0 ;0 ;0 ;0 ;0 ;0 ;0 ;
36.6 ;0 ; ;0 ;0 ;0 ;0 ;0 ;0 ;0 ;0 ;0 ;
36.62 ;0 ; ;0 ;0 ;0 ;0 ;0 ;0 ;0 ;0 ;0 ;
36.64 ;0 ; ;0 ;0 ;0 ;0 ;0 ;0 ;0 ;0 ;0 ;
36.66 ;0 ; ;0 ;0 ;0 ;0 ;0 ;0 ;0 ;0 ;0 ;
36.68 ;0 ; ;0 ;0 ;0 ;0 ;0 ;0 ;0 ;0 ;0 ;
36.7 ;0 ; ;0 ;0 ;0 ;0 ;0 ;0 ;0 ;0 ;0 ;
36.72 ;0 ; ;0 ;0 ;0 ;0 ;0 ;0 ;0 ;0 ;0 ;
36.74 ;0 ; ;0 ;0 ;0 ;0 ;0 ;0 ;0 ;0 ;0 ;
36.76 ;0 ; ;0 ;0 ;0 ;0 ;0 ;0 ;0 ;0 ;0 ;
36.78 ;0 ; ;0 ;0 ;0 ;0 ;0 ;0 ;0 ;0 ;0 ;
36.8 ;0 ; ;0 ;0 ;0 ;0 ;0 ;0 ;0 ;0 ;0 ;
36.82 ;0 ; ;0 ;0 ;0 ;0 ;0 ;0 ;0 ;0 ;0 ;
36.84 ;0 ; ;0 ;0 ;0 ;0 ;0 ;0 ;0 ;0 ;0 ;
36.86 ;0 ; ;0 ;0 ;0 ;0 ;0 ;0 ;0 ;0 ;0 ;
36.88 ;0 ; ;0 ;0 ;0 ;0 ;0 ;0 ;0 ;0 ;0 ;
36.9 ;0 ; ;0 ;0 ;0 ;0 ;0 ;0 ;0 ;0 ;0 ;
36.92 ;0 ; ;0 ;0 ;0 ;0 ;0 ;0 ;0 ;0 ;0 ;
36.94 ;0 ; ;0 ;0 ;0 ;0 ;0 ;0 ;0 ;0 ;0 ;
36.96 ;0 ; ;0 ;0 ;0 ;0 ;0 ;0 ;0 ;0 ;0 ;
36.98 ;0 ; ;0 ;0 ;0 ;0 ;0 ;0 ;0 ;0 ;0 ;
37 ;0 ; ;0 ;0 ;0 ;0 ;0 ;0 ;0 ;0 ;0 ;
37.02 ;0 ; ;0 ;0 ;0 ;0 ;0 ;0 ;0 ;0 ;0 ;
37.04 ;0 ; ;0 ;0 ;0 ;0 ;0 ;0 ;0 ;0 ;0 ;
37.06 ;0 ; ;0 ;0 ;0 ;0 ;0 ;0 ;0 ;0 ;0 ;
37.08 ;0 ; ;0 ;0 ;0 ;0 ;0 ;0 ;0 ;0 ;0 ;
37.1 ;0 ; ;0 ;0 ;0 ;0 ;0 ;0 ;0 ;0 ;0 ;
37.12 ;0 ; ;0 ;0 ;0 ;0 ;0 ;0 ;0 ;0 ;0 ;
37.14 ;0 ; ;0 ;0 ;0 ;0 ;0 ;0 ;0 ;0 ;0 ;
37.16 ;0 ; ;0 ;0 ;0 ;0 ;0 ;0 ;0 ;0 ;0 ;
37.18 ;0 ; ;0 ;0 ;0 ;0 ;0 ;0 ;0 ;0 ;0 ;
37.2 ;0 ; ;0 ;0 ;0 ;0 ;0 ;0 ;0 ;0 ;0 ;
37.22 ;0 ; ;0 ;0 ;0 ;0 ;0 ;0 ;0 ;0 ;0 ;
37.24 ;0 ; ;0 ;0 ;0 ;0 ;0 ;0 ;0 ;0 ;0 ;
37.26 ;0 ; ;0 ;0 ;0 ;0 ;0 ;0 ;0 ;0 ;0 ;
37.28 ;0 ; ;0 ;0 ;0 ;0 ;0 ;0 ;0 ;0 ;0 ;
37.3 ;0 ; ;0 ;0 ;0 ;0 ;0 ;0 ;0 ;0 ;0 ;
37.32 ;0 ; ;0 ;0 ;0 ;0 ;0 ;0 ;0 ;0 ;0 ;
37.34 ;0 ; ;0 ;0 ;0 ;0 ;0 ;0 ;0 ;0 ;0 ;
37.36 ;0 ; ;0 ;0 ;0 ;0 ;0 ;0 ;0 ;0 ;0 ;
37.38 ;0 ; ;0 ;0 ;0 ;0 ;0 ;0 ;0 ;0 ;0 ;
37.4 ;0 ; ;0 ;0 ;0 ;0 ;0 ;0 ;0 ;0 ;0 ;
37.42 ;0 ; ;0 ;0 ;0 ;0 ;0 ;0 ;0 ;0 ;0 ;
37.44 ;0 ; ;0 ;0 ;0 ;0 ;0 ;0 ;0 ;0 ;0 ;
37.46 ;0 ; ;0 ;0 ;0 ;0 ;0 ;0 ;0 ;0 ;0 ;
37.48 ;0 ; ;0 ;0 ;0 ;0 ;0 ;0 ;0 ;0 ;0 ;
37.5 ;0 ; ;0 ;0 ;0 ;0 ;0 ;0 ;0 ;0 ;0 ;
37.52 ;0 ; ;0 ;0 ;0 ;0 ;0 ;0 ;0 ;0 ;0 ;
37.54 ;0 ; ;0 ;0 ;0 ;0 ;0 ;0 ;0 ;0 ;0 ;
37.56 ;0 ; ;0 ;0 ;0 ;0 ;0 ;0 ;0 ;0 ;0 ;
37.58 ;0 ; ;0 ;0 ;0 ;0 ;0 ;0 ;0 ;0 ;0 ;
37.6 ;0 ; ;0 ;0 ;0 ;0 ;0 ;0 ;0 ;0 ;0 ;
37.62 ;0 ; ;0 ;0 ;0 ;0 ;0 ;0 ;0 ;0 ;0 ;
37.64 ;0 ; ;0 ;0 ;0 ;0 ;0 ;0 ;0 ;0 ;0 ;
37.66 ;0 ; ;0 ;0 ;0 ;0 ;0 ;0 ;0 ;0 ;0 ;
37.68 ;0 ; ;0 ;0 ;0 ;0 ;0 ;0 ;0 ;0 ;0 ;
37.7 ;0 ; ;0 ;0 ;0 ;0 ;0 ;0 ;0 ;0 ;0 ;
37.72 ;0 ; ;0 ;0 ;0 ;0 ;0 ;0 ;0 ;0 ;0 ;
37.74 ;0 ; ;0 ;0 ;0 ;0 ;0 ;0 ;0 ;0 ;0 ;
37.76 ;0 ; ;0 ;0 ;0 ;0 ;0 ;0 ;0 ;0 ;0 ;
37.78 ;0 ; ;0 ;0 ;0 ;0 ;0 ;0 ;0 ;0 ;0 ;
37.8 ;0 ; ;0 ;0 ;0 ;0 ;0 ;0 ;0 ;0 ;0 ;
37.82 ;0 ; ;0 ;0 ;0 ;0 ;0 ;0 ;0 ;0 ;0 ;
37.84 ;0 ; ;0 ;0 ;0 ;0 ;0 ;0 ;0 ;0 ;0 ;
37.86 ;0 ; ;0 ;0 ;0 ;0 ;0 ;0 ;0 ;0 ;0 ;
37.88 ;0 ; ;0 ;0 ;0 ;0 ;0 ;0 ;0 ;0 ;0 ;
37.9 ;0 ; ;0 ;0 ;0 ;0 ;0 ;0 ;0 ;0 ;0 ;
37.92 ;0 ; ;0 ;0 ;0 ;0 ;0 ;0 ;0 ;0 ;0 ;
37.94 ;0 ; ;0 ;0 ;0 ;0 ;0 ;0 ;0 ;0 ;0 ;
37.96 ;0 ; ;0 ;0 ;0 ;0 ;0 ;0 ;0 ;0 ;0 ;
37.98 ;0 ; ;0 ;0 ;0 ;0 ;0 ;0 ;0 ;0 ;0 ;
38 ;0 ; ;0 ;0 ;0 ;0 ;0 ;0 ;0 ;0 ;0 ;
38.02 ;0 ; ;0 ;0 ;0 ;0 ;0 ;0 ;0 ;0 ;0 ;
38.04 ;0 ; ;0 ;0 ;0 ;0 ;0 ;0 ;0 ;0 ;0 ;
38.06 ;0 ; ;0 ;0 ;0 ;0 ;0 ;0 ;0 ;0 ;0 ;
38.08 ;0 ; ;0 ;0 ;0 ;0 ;0 ;0 ;0 ;0 ;0 ;
38.1 ;0 ; ;0 ;0 ;0 ;0 ;0 ;0 ;0 ;0 ;0 ;
38.12 ;0 ; ;0 ;0 ;0 ;0 ;0 ;0 ;0 ;0 ;0 ;
38.14 ;0 ; ;0 ;0 ;0 ;0 ;0 ;0 ;0 ;0 ;0 ;
38.16 ;0 ; ;0 ;0 ;0 ;0 ;0 ;0 ;0 ;0 ;0 ;
38.18 ;0 ; ;0 ;0 ;0 ;0 ;0 ;0 ;0 ;0 ;0 ;
38.2 ;0 ; ;0 ;0 ;0 ;0 ;0 ;0 ;0 ;0 ;0 ;
38.22 ;0 ; ;0 ;0 ;0 ;0 ;0 ;0 ;0 ;0 ;0 ;
38.24 ;0 ; ;0 ;0 ;0 ;0 ;0 ;0 ;0 ;0 ;0 ;
38.26 ;0 ; ;0 ;0 ;0 ;0 ;0 ;0 ;0 ;0 ;0 ;
38.28 ;0 ; ;0 ;0 ;0 ;0 ;0 ;0 ;0 ;0 ;0 ;
38.3 ;0 ; ;0 ;0 ;0 ;0 ;0 ;0 ;0 ;0 ;0 ;
38.32 ;0 ; ;0 ;0 ;0 ;0 ;0 ;0 ;0 ;0 ;0 ;
38.34 ;0 ; ;0 ;0 ;0 ;0 ;0 ;0 ;0 ;0 ;0 ;
38.36 ;0 ; ;0 ;0 ;0 ;0 ;0 ;0 ;0 ;0 ;0 ;
38.38 ;0 ; ;0 ;0 ;0 ;0 ;0 ;0 ;0 ;0 ;0 ;
38.4 ;0 ; ;0 ;0 ;0 ;0 ;0 ;0 ;0 ;0 ;0 ;
38.42 ;0 ; ;0 ;0 ;0 ;0 ;0 ;0 ;0 ;0 ;0 ;
38.44 ;0 ; ;0 ;0 ;0 ;0 ;0 ;0 ;0 ;0 ;0 ;
38.46 ;0 ; ;0 ;0 ;0 ;0 ;0 ;0 ;0 ;0 ;0 ;
38.48 ;0 ; ;0 ;0 ;0 ;0 ;0 ;0 ;0 ;0 ;0 ;
38.5 ;0 ; ;0 ;0 ;0 ;0 ;0 ;0 ;0 ;0 ;0 ;
38.52 ;0 ; ;0 ;0 ;0 ;0 ;0 ;0 ;0 ;0 ;0 ;
38.54 ;0 ; ;0 ;0 ;0 ;0 ;0 ;0 ;0 ;0 ;0 ;
38.56 ;0 ; ;0 ;0 ;0 ;0 ;0 ;0 ;0 ;0 ;0 ;
38.58 ;0 ; ;0 ;0 ;0 ;0 ;0 ;0 ;0 ;0 ;0 ;
38.6 ;0 ; ;0 ;0 ;0 ;0 ;0 ;0 ;0 ;0 ;0 ;
38.62 ;0 ; ;0 ;0 ;0 ;0 ;0 ;0 ;0 ;0 ;0 ;
38.64 ;0 ; ;0 ;0 ;0 ;0 ;0 ;0 ;0 ;0 ;0 ;
38.66 ;0 ; ;0 ;0 ;0 ;0 ;0 ;0 ;0 ;0 ;0 ;
38.68 ;0 ; ;0 ;0 ;0 ;0 ;0 ;0 ;0 ;0 ;0 ;
38.7 ;0 ; ;0 ;0 ;0 ;0 ;0 ;0 ;0 ;0 ;0 ;
38.72 ;0 ; ;0 ;0 ;0 ;0 ;0 ;0 ;0 ;0 ;0 ;
38.74 ;0 ; ;0 ;0 ;0 ;0 ;0 ;0 ;0 ;0 ;0 ;
38.76 ;0 ; ;0 ;0 ;0 ;0 ;0 ;0 ;0 ;0 ;0 ;
38.78 ;0 ; ;0 ;0 ;0 ;0 ;0 ;0 ;0 ;0 ;0 ;
38.8 ;0 ; ;0 ;0 ;0 ;0 ;0 ;0 ;0 ;0 ;0 ;
38.82 ;0 ; ;0 ;0 ;0 ;0 ;0 ;0 ;0 ;0 ;0 ;
38.84 ;0 ; ;0 ;0 ;0 ;0 ;0 ;0 ;0 ;0 ;0 ;
38.86 ;0 ; ;0 ;0 ;0 ;0 ;0 ;0 ;0 ;0 ;0 ;
38.88 ;0 ; ;0 ;0 ;0 ;0 ;0 ;0 ;0 ;0 ;0 ;
38.9 ;0 ; ;0 ;0 ;0 ;0 ;0 ;0 ;0 ;0 ;0 ;
38.92 ;0 ; ;0 ;0 ;0 ;0 ;0 ;0 ;0 ;0 ;0 ;
38.94 ;0 ; ;0 ;0 ;0 ;0 ;0 ;0 ;0 ;0 ;0 ;
38.96 ;0 ; ;0 ;0 ;0 ;0 ;0 ;0 ;0 ;0 ;0 ;
38.98 ;0 ; ;0 ;0 ;0 ;0 ;0 ;0 ;0 ;0 ;0 ;
39 ;0 ; ;0 ;0 ;0 ;0 ;0 ;0 ;0 ;0 ;0 ;
39.02 ;0 ; ;0 ;0 ;0 ;0 ;0 ;0 ;0 ;0 ;0 ;
39.04 ;0 ; ;0 ;0 ;0 ;0 ;0 ;0 ;0 ;0 ;0 ;
39.06 ;0 ; ;0 ;0 ;0 ;0 ;0 ;0 ;0 ;0 ;0 ;
39.08 ;0 ; ;0 ;0 ;0 ;0 ;0 ;0 ;0 ;0 ;0 ;
39.1 ;0 ; ;0 ;0 ;0 ;0 ;0 ;0 ;0 ;0 ;0 ;
39.12 ;0 ; ;0 ;0 ;0 ;0 ;0 ;0 ;0 ;0 ;0 ;
39.14 ;0 ; ;0 ;0 ;0 ;0 ;0 ;0 ;0 ;0 ;0 ;
39.16 ;0 ; ;0 ;0 ;0 ;0 ;0 ;0 ;0 ;0 ;0 ;
39.18 ;0 ; ;0 ;0 ;0 ;0 ;0 ;0 ;0 ;0 ;0 ;
39.2 ;0 ; ;0 ;0 ;0 ;0 ;0 ;0 ;0 ;0 ;0 ;
39.22 ;0 ; ;0 ;0 ;0 ;0 ;0 ;0 ;0 ;0 ;0 ;
39.24 ;0 ; ;0 ;0 ;0 ;0 ;0 ;0 ;0 ;0 ;0 ;
39.26 ;0 ; ;0 ;0 ;0 ;0 ;0 ;0 ;0 ;0 ;0 ;
39.28 ;0 ; ;0 ;0 ;0 ;0 ;0 ;0 ;0 ;0 ;0 ;
39.3 ;0 ; ;0 ;0 ;0 ;0 ;0 ;0 ;0 ;0 ;0 ;
39.32 ;0 ; ;0 ;0 ;0 ;0 ;0 ;0 ;0 ;0 ;0 ;
39.34 ;0 ; ;0 ;0 ;0 ;0 ;0 ;0 ;0 ;0 ;0 ;
39.36 ;0 ; ;0 ;0 ;0 ;0 ;0 ;0 ;0 ;0 ;0 ;
39.38 ;0 ; ;0 ;0 ;0 ;0 ;0 ;0 ;0 ;0 ;0 ;
39.4 ;0 ; ;0 ;0 ;0 ;0 ;0 ;0 ;0 ;0 ;0 ;
39.42 ;0 ; ;0 ;0 ;0 ;0 ;0 ;0 ;0 ;0 ;0 ;
39.44 ;0 ; ;0 ;0 ;0 ;0 ;0 ;0 ;0 ;0 ;0 ;
39.46 ;0 ; ;0 ;0 ;0 ;0 ;0 ;0 ;0 ;0 ;0 ;
39.48 ;0 ; ;0 ;0 ;0 ;0 ;0 ;0 ;0 ;0 ;0 ;
39.5 ;0 ; ;0 ;0 ;0 ;0 ;0 ;0 ;0 ;0 ;0 ;
39.52 ;0 ; ;0 ;0 ;0 ;0 ;0 ;0 ;0 ;0 ;0 ;
39.54 ;0 ; ;0 ;0 ;0 ;0 ;0 ;0 ;0 ;0 ;0 ;
39.56 ;0 ; ;0 ;0 ;0 ;0 ;0 ;0 ;0 ;0 ;0 ;
39.58 ;0 ; ;0 ;0 ;0 ;0 ;0 ;0 ;0 ;0 ;0 ;
39.6 ;0 ; ;0 ;0 ;0 ;0 ;0 ;0 ;0 ;0 ;0 ;
39.62 ;0 ; ;0 ;0 ;0 ;0 ;0 ;0 ;0 ;0 ;0 ;
39.64 ;0 ; ;0 ;0 ;0 ;0 ;0 ;0 ;0 ;0 ;0 ;
39.66 ;0 ; ;0 ;0 ;0 ;0 ;0 ;0 ;0 ;0 ;0 ;
39.68 ;0 ; ;0 ;0 ;0 ;0 ;0 ;0 ;0 ;0 ;0 ;
39.7 ;0 ; ;0 ;0 ;0 ;0 ;0 ;0 ;0 ;0 ;0 ;
39.72 ;0 ; ;0 ;0 ;0 ;0 ;0 ;0 ;0 ;0 ;0 ;
39.74 ;0 ; ;0 ;0 ;0 ;0 ;0 ;0 ;0 ;0 ;0 ;
39.76 ;0 ; ;0 ;0 ;0 ;0 ;0 ;0 ;0 ;0 ;0 ;
39.78 ;0 ; ;0 ;0 ;0 ;0 ;0 ;0 ;0 ;0 ;0 ;
39.8 ;0 ; ;0 ;0 ;0 ;0 ;0 ;0 ;0 ;0 ;0 ;
39.82 ;0 ; ;0 ;0 ;0 ;0 ;0 ;0 ;0 ;0 ;0 ;
39.84 ;0 ; ;0 ;0 ;0 ;0 ;0 ;0 ;0 ;0 ;0 ;
39.86 ;0 ; ;0 ;0 ;0 ;0 ;0 ;0 ;0 ;0 ;0 ;
39.88 ;0 ; ;0 ;0 ;0 ;0 ;0 ;0 ;0 ;0 ;0 ;
39.9 ;0 ; ;0 ;0 ;0 ;0 ;0 ;0 ;0 ;0 ;0 ;
39.92 ;0 ; ;0 ;0 ;0 ;0 ;0 ;0 ;0 ;0 ;0 ;
39.94 ;0 ; ;0 ;0 ;0 ;0 ;0 ;0 ;0 ;0 ;0 ;
39.96 ;0 ; ;0 ;0 ;0 ;0 ;0 ;0 ;0 ;0 ;0 ;
39.98 ;0 ; ;0 ;0 ;0 ;0 ;0 ;0 ;0 ;0 ;0 ;
40 ;0 ; ;0 ;0 ;0 ;0 ;0 ;0 ;0 ;0 ;0 ;
40.02 ;0 ; ;0 ;0 ;0 ;0 ;0 ;0 ;0 ;0 ;0 ;
40.04 ;0 ; ;0 ;0 ;0 ;0 ;0 ;0 ;0 ;0 ;0 ;
40.06 ;0 ; ;0 ;0 ;0 ;0 ;0 ;0 ;0 ;0 ;0 ;
40.08 ;0 ; ;0 ;0 ;0 ;0 ;0 ;0 ;0 ;0 ;0 ;
40.1 ;0 ; ;0 ;0 ;0 ;0 ;0 ;0 ;0 ;0 ;0 ;
40.12 ;0 ; ;0 ;0 ;0 ;0 ;0 ;0 ;0 ;0 ;0 ;
40.14 ;0 ; ;0 ;0 ;0 ;0 ;0 ;0 ;0 ;0 ;0 ;
40.16 ;0 ; ;0 ;0 ;0 ;0 ;0 ;0 ;0 ;0 ;0 ;
40.18 ;0 ; ;0 ;0 ;0 ;0 ;0 ;0 ;0 ;0 ;0 ;
40.2 ;0 ; ;0 ;0 ;0 ;0 ;0 ;0 ;0 ;0 ;0 ;
40.22 ;0 ; ;0 ;0 ;0 ;0 ;0 ;0 ;0 ;0 ;0 ;
40.24 ;0 ; ;0 ;0 ;0 ;0 ;0 ;0 ;0 ;0 ;0 ;
40.26 ;0 ; ;0 ;0 ;0 ;0 ;0 ;0 ;0 ;0 ;0 ;
40.28 ;0 ; ;0 ;0 ;0 ;0 ;0 ;0 ;0 ;0 ;0 ;
40.3 ;0 ; ;0 ;0 ;0 ;0 ;0 ;0 ;0 ;0 ;0 ;
40.32 ;0 ; ;0 ;0 ;0 ;0 ;0 ;0 ;0 ;0 ;0 ;
40.34 ;0 ; ;0 ;0 ;0 ;0 ;0 ;0 ;0 ;0 ;0 ;
40.36 ;0 ; ;0 ;0 ;0 ;0 ;0 ;0 ;0 ;0 ;0 ;
40.38 ;0 ; ;0 ;0 ;0 ;0 ;0 ;0 ;0 ;0 ;0 ;
40.4 ;0 ; ;0 ;0 ;0 ;0 ;0 ;0 ;0 ;0 ;0 ;
40.42 ;0 ; ;0 ;0 ;0 ;0 ;0 ;0 ;0 ;0 ;0 ;
40.44 ;0 ; ;0 ;0 ;0 ;0 ;0 ;0 ;0 ;0 ;0 ;
40.46 ;0 ; ;0 ;0 ;0 ;0 ;0 ;0 ;0 ;0 ;0 ;
40.48 ;0 ; ;0 ;0 ;0 ;0 ;0 ;0 ;0 ;0 ;0 ;
40.5 ;0 ; ;0 ;0 ;0 ;0 ;0 ;0 ;0 ;0 ;0 ;
40.52 ;0 ; ;0 ;0 ;0 ;0 ;0 ;0 ;0 ;0 ;0 ;
40.54 ;0 ; ;0 ;0 ;0 ;0 ;0 ;0 ;0 ;0 ;0 ;
40.56 ;0 ; ;0 ;0 ;0 ;0 ;0 ;0 ;0 ;0 ;0 ;
40.58 ;0 ; ;0 ;0 ;0 ;0 ;0 ;0 ;0 ;0 ;0 ;
40.6 ;0 ; ;0 ;0 ;0 ;0 ;0 ;0 ;0 ;0 ;0 ;
40.62 ;0 ; ;0 ;0 ;0 ;0 ;0 ;0 ;0 ;0 ;0 ;
40.64 ;0 ; ;0 ;0 ;0 ;0 ;0 ;0 ;0 ;0 ;0 ;
40.66 ;0 ; ;0 ;0 ;0 ;0 ;0 ;0 ;0 ;0 ;0 ;
40.68 ;0 ; ;0 ;0 ;0 ;0 ;0 ;0 ;0 ;0 ;0 ;
40.7 ;0 ; ;0 ;0 ;0 ;0 ;0 ;0 ;0 ;0 ;0 ;
40.72 ;0 ; ;0 ;0 ;0 ;0 ;0 ;0 ;0 ;0 ;0 ;
40.74 ;0 ; ;0 ;0 ;0 ;0 ;0 ;0 ;0 ;0 ;0 ;
40.76 ;0 ; ;0 ;0 ;0 ;0 ;0 ;0 ;0 ;0 ;0 ;
40.78 ;0 ; ;0 ;0 ;0 ;0 ;0 ;0 ;0 ;0 ;0 ;
40.8 ;0 ; ;0 ;0 ;0 ;0 ;0 ;0 ;0 ;0 ;0 ;
40.82 ;0 ; ;0 ;0 ;0 ;0 ;0 ;0 ;0 ;0 ;0 ;
40.84 ;0 ; ;0 ;0 ;0 ;0 ;0 ;0 ;0 ;0 ;0 ;
40.86 ;0 ; ;0 ;0 ;0 ;0 ;0 ;0 ;0 ;0 ;0 ;
40.88 ;0 ; ;0 ;0 ;0 ;0 ;0 ;0 ;0 ;0 ;0 ;
40.9 ;0 ; ;0 ;0 ;0 ;0 ;0 ;0 ;0 ;0 ;0 ;
40.92 ;0 ; ;0 ;0 ;0 ;0 ;0 ;0 ;0 ;0 ;0 ;
40.94 ;0 ; ;0 ;0 ;0 ;0 ;0 ;0 ;0 ;0 ;0 ;
40.96 ;0 ; ;0 ;0 ;0 ;0 ;0 ;0 ;0 ;0 ;0 ;
40.98 ;0 ; ;0 ;0 ;0 ;0 ;0 ;0 ;0 ;0 ;0 ;
41 ;0 ; ;0 ;0 ;0 ;0 ;0 ;0 ;0 ;0 ;0 ;
41.02 ;0 ; ;0 ;0 ;0 ;0 ;0 ;0 ;0 ;0 ;0 ;
41.04 ;0 ; ;0 ;0 ;0 ;0 ;0 ;0 ;0 ;0 ;0 ;
41.06 ;0 ; ;0 ;0 ;0 ;0 ;0 ;0 ;0 ;0 ;0 ;
41.08 ;0 ; ;0 ;0 ;0 ;0 ;0 ;0 ;0 ;0 ;0 ;
41.1 ;0 ; ;0 ;0 ;0 ;0 ;0 ;0 ;0 ;0 ;0 ;
41.12 ;0 ; ;0 ;0 ;0 ;0 ;0 ;0 ;0 ;0 ;0 ;
41.14 ;0 ; ;0 ;0 ;0 ;0 ;0 ;0 ;0 ;0 ;0 ;
41.16 ;0 ; ;0 ;0 ;0 ;0 ;0 ;0 ;0 ;0 ;0 ;
41.18 ;0 ; ;0 ;0 ;0 ;0 ;0 ;0 ;0 ;0 ;0 ;
41.2 ;0 ; ;0 ;0 ;0 ;0 ;0 ;0 ;0 ;0 ;0 ;
41.22 ;0 ; ;0 ;0 ;0 ;0 ;0 ;0 ;0 ;0 ;0 ;
41.24 ;0 ; ;0 ;0 ;0 ;0 ;0 ;0 ;0 ;0 ;0 ;
41.26 ;0 ; ;0 ;0 ;0 ;0 ;0 ;0 ;0 ;0 ;0 ;
41.28 ;0 ; ;0 ;0 ;0 ;0 ;0 ;0 ;0 ;0 ;0 ;
41.3 ;0 ; ;0 ;0 ;0 ;0 ;0 ;0 ;0 ;0 ;0 ;
41.32 ;0 ; ;0 ;0 ;0 ;0 ;0 ;0 ;0 ;0 ;0 ;
41.34 ;0 ; ;0 ;0 ;0 ;0 ;0 ;0 ;0 ;0 ;0 ;
41.36 ;0 ; ;0 ;0 ;0 ;0 ;0 ;0 ;0 ;0 ;0 ;
41.38 ;0 ; ;0 ;0 ;0 ;0 ;0 ;0 ;0 ;0 ;0 ;
41.4 ;0 ; ;0 ;0 ;0 ;0 ;0 ;0 ;0 ;0 ;0 ;
41.42 ;0 ; ;0 ;0 ;0 ;0 ;0 ;0 ;0 ;0 ;0 ;
41.44 ;0 ; ;0 ;0 ;0 ;0 ;0 ;0 ;0 ;0 ;0 ;
41.46 ;0 ; ;0 ;0 ;0 ;0 ;0 ;0 ;0 ;0 ;0 ;
41.48 ;0 ; ;0 ;0 ;0 ;0 ;0 ;0 ;0 ;0 ;0 ;
41.5 ;0 ; ;0 ;0 ;0 ;0 ;0 ;0 ;0 ;0 ;0 ;
41.52 ;0 ; ;0 ;0 ;0 ;0 ;0 ;0 ;0 ;0 ;0 ;
41.54 ;0 ; ;0 ;0 ;0 ;0 ;0 ;0 ;0 ;0 ;0 ;
41.56 ;0 ; ;0 ;0 ;0 ;0 ;0 ;0 ;0 ;0 ;0 ;
41.58 ;0 ; ;0 ;0 ;0 ;0 ;0 ;0 ;0 ;0 ;0 ;
41.6 ;0 ; ;0 ;0 ;0 ;0 ;0 ;0 ;0 ;0 ;0 ;
41.62 ;0 ; ;0 ;0 ;0 ;0 ;0 ;0 ;0 ;0 ;0 ;
41.64 ;0 ; ;0 ;0 ;0 ;0 ;0 ;0 ;0 ;0 ;0 ;
41.66 ;0 ; ;0 ;0 ;0 ;0 ;0 ;0 ;0 ;0 ;0 ;
41.68 ;0 ; ;0 ;0 ;0 ;0 ;0 ;0 ;0 ;0 ;0 ;
41.7 ;0 ; ;0 ;0 ;0 ;0 ;0 ;0 ;0 ;0 ;0 ;
41.72 ;0 ; ;0 ;0 ;0 ;0 ;0 ;0 ;0 ;0 ;0 ;
41.74 ;0 ; ;0 ;0 ;0 ;0 ;0 ;0 ;0 ;0 ;0 ;
41.76 ;0 ; ;0 ;0 ;0 ;0 ;0 ;0 ;0 ;0 ;0 ;
41.78 ;0 ; ;0 ;0 ;0 ;0 ;0 ;0 ;0 ;0 ;0 ;
41.8 ;0 ; ;0 ;0 ;0 ;0 ;0 ;0 ;0 ;0 ;0 ;
41.82 ;0 ; ;0 ;0 ;0 ;0 ;0 ;0 ;0 ;0 ;0 ;
41.84 ;0 ; ;0 ;0 ;0 ;0 ;0 ;0 ;0 ;0 ;0 ;
41.86 ;0 ; ;0 ;0 ;0 ;0 ;0 ;0 ;0 ;0 ;0 ;
41.88 ;0 ; ;0 ;0 ;0 ;0 ;0 ;0 ;0 ;0 ;0 ;
41.9 ;0 ; ;0 ;0 ;0 ;0 ;0 ;0 ;0 ;0 ;0 ;
41.92 ;0 ; ;0 ;0 ;0 ;0 ;0 ;0 ;0 ;0 ;0 ;
41.94 ;0 ; ;0 ;0 ;0 ;0 ;0 ;0 ;0 ;0 ;0 ;
41.96 ;0 ; ;0 ;0 ;0 ;0 ;0 ;0 ;0 ;0 ;0 ;
41.98 ;0 ; ;0 ;0 ;0 ;0 ;0 ;0 ;0 ;0 ;0 ;
42 ;0 ; ;0 ;0 ;0 ;0 ;0 ;0 ;0 ;0 ;0 ;
42.02 ;0 ; ;0 ;0 ;0 ;0 ;0 ;0 ;0 ;0 ;0 ;
42.04 ;0 ; ;0 ;0 ;0 ;0 ;0 ;0 ;0 ;0 ;0 ;
42.06 ;0 ; ;0 ;0 ;0 ;0 ;0 ;0 ;0 ;0 ;0 ;
42.08 ;0 ; ;0 ;0 ;0 ;0 ;0 ;0 ;0 ;0 ;0 ;
42.1 ;0 ; ;0 ;0 ;0 ;0 ;0 ;0 ;0 ;0 ;0 ;
42.12 ;0 ; ;0 ;0 ;0 ;0 ;0 ;0 ;0 ;0 ;0 ;
42.14 ;0 ; ;0 ;0 ;0 ;0 ;0 ;0 ;0 ;0 ;0 ;
42.16 ;0 ; ;0 ;0 ;0 ;0 ;0 ;0 ;0 ;0 ;0 ;
42.18 ;0 ; ;0 ;0 ;0 ;0 ;0 ;0 ;0 ;0 ;0 ;
42.2 ;0 ; ;0 ;0 ;0 ;0 ;0 ;0 ;0 ;0 ;0 ;
42.22 ;0 ; ;0 ;0 ;0 ;0 ;0 ;0 ;0 ;0 ;0 ;
42.24 ;0 ; ;0 ;0 ;0 ;0 ;0 ;0 ;0 ;0 ;0 ;
42.26 ;0 ; ;0 ;0 ;0 ;0 ;0 ;0 ;0 ;0 ;0 ;
42.28 ;0 ; ;0 ;0 ;0 ;0 ;0 ;0 ;0 ;0 ;0 ;
42.3 ;0 ; ;0 ;0 ;0 ;0 ;0 ;0 ;0 ;0 ;0 ;
42.32 ;0 ; ;0 ;0 ;0 ;0 ;0 ;0 ;0 ;0 ;0 ;
42.34 ;0 ; ;0 ;0 ;0 ;0 ;0 ;0 ;0 ;0 ;0 ;
42.36 ;0 ; ;0 ;0 ;0 ;0 ;0 ;0 ;0 ;0 ;0 ;
42.38 ;0 ; ;0 ;0 ;0 ;0 ;0 ;0 ;0 ;0 ;0 ;
42.4 ;0 ; ;0 ;0 ;0 ;0 ;0 ;0 ;0 ;0 ;0 ;
42.42 ;0 ; ;0 ;0 ;0 ;0 ;0 ;0 ;0 ;0 ;0 ;
42.44 ;0 ; ;0 ;0 ;0 ;0 ;0 ;0 ;0 ;0 ;0 ;
42.46 ;0 ; ;0 ;0 ;0 ;0 ;0 ;0 ;0 ;0 ;0 ;
42.48 ;0 ; ;0 ;0 ;0 ;0 ;0 ;0 ;0 ;0 ;0 ;
42.5 ;0 ; ;0 ;0 ;0 ;0 ;0 ;0 ;0 ;0 ;0 ;
42.52 ;0 ; ;0 ;0 ;0 ;0 ;0 ;0 ;0 ;0 ;0 ;
42.54 ;0 ; ;0 ;0 ;0 ;0 ;0 ;0 ;0 ;0 ;0 ;
42.56 ;0 ; ;0 ;0 ;0 ;0 ;0 ;0 ;0 ;0 ;0 ;
42.58 ;0 ; ;0 ;0 ;0 ;0 ;0 ;0 ;0 ;0 ;0 ;
42.6 ;0 ; ;0 ;0 ;0 ;0 ;0 ;0 ;0 ;0 ;0 ;
42.62 ;0 ; ;0 ;0 ;0 ;0 ;0 ;0 ;0 ;0 ;0 ;
42.64 ;0 ; ;0 ;0 ;0 ;0 ;0 ;0 ;0 ;0 ;0 ;
42.66 ;0 ; ;0 ;0 ;0 ;0 ;0 ;0 ;0 ;0 ;0 ;
42.68 ;0 ; ;0 ;0 ;0 ;0 ;0 ;0 ;0 ;0 ;0 ;
42.7 ;0 ; ;0 ;0 ;0 ;0 ;0 ;0 ;0 ;0 ;0 ;
42.72 ;0 ; ;0 ;0 ;0 ;0 ;0 ;0 ;0 ;0 ;0 ;
42.74 ;0 ; ;0 ;0 ;0 ;0 ;0 ;0 ;0 ;0 ;0 ;
42.76 ;0 ; ;0 ;0 ;0 ;0 ;0 ;0 ;0 ;0 ;0 ;
42.78 ;0 ; ;0 ;0 ;0 ;0 ;0 ;0 ;0 ;0 ;0 ;
42.8 ;0 ; ;0 ;0 ;0 ;0 ;0 ;0 ;0 ;0 ;0 ;
42.82 ;0 ; ;0 ;0 ;0 ;0 ;0 ;0 ;0 ;0 ;0 ;
42.84 ;0 ; ;0 ;0 ;0 ;0 ;0 ;0 ;0 ;0 ;0 ;
42.86 ;0 ; ;0 ;0 ;0 ;0 ;0 ;0 ;0 ;0 ;0 ;
42.88 ;0 ; ;0 ;0 ;0 ;0 ;0 ;0 ;0 ;0 ;0 ;
42.9 ;0 ; ;0 ;0 ;0 ;0 ;0 ;0 ;0 ;0 ;0 ;
42.92 ;0 ; ;0 ;0 ;0 ;0 ;0 ;0 ;0 ;0 ;0 ;
42.94 ;0 ; ;0 ;0 ;0 ;0 ;0 ;0 ;0 ;0 ;0 ;
42.96 ;0 ; ;0 ;0 ;0 ;0 ;0 ;0 ;0 ;0 ;0 ;
42.98 ;0 ; ;0 ;0 ;0 ;0 ;0 ;0 ;0 ;0 ;0 ;
43 ;0 ; ;0 ;0 ;0 ;0 ;0 ;0 ;0 ;0 ;0 ;
43.02 ;0 ; ;0 ;0 ;0 ;0 ;0 ;0 ;0 ;0 ;0 ;
43.04 ;0 ; ;0 ;0 ;0 ;0 ;0 ;0 ;0 ;0 ;0 ;
43.06 ;0 ; ;0 ;0 ;0 ;0 ;0 ;0 ;0 ;0 ;0 ;
43.08 ;0 ; ;0 ;0 ;0 ;0 ;0 ;0 ;0 ;0 ;0 ;
43.1 ;0 ; ;0 ;0 ;0 ;0 ;0 ;0 ;0 ;0 ;0 ;
43.12 ;0 ; ;0 ;0 ;0 ;0 ;0 ;0 ;0 ;0 ;0 ;
43.14 ;0 ; ;0 ;0 ;0 ;0 ;0 ;0 ;0 ;0 ;0 ;
43.16 ;0 ; ;0 ;0 ;0 ;0 ;0 ;0 ;0 ;0 ;0 ;
43.18 ;0 ; ;0 ;0 ;0 ;0 ;0 ;0 ;0 ;0 ;0 ;
43.2 ;0 ; ;0 ;0 ;0 ;0 ;0 ;0 ;0 ;0 ;0 ;
43.22 ;0 ; ;0 ;0 ;0 ;0 ;0 ;0 ;0 ;0 ;0 ;
43.24 ;0 ; ;0 ;0 ;0 ;0 ;0 ;0 ;0 ;0 ;0 ;
43.26 ;0 ; ;0 ;0 ;0 ;0 ;0 ;0 ;0 ;0 ;0 ;
43.28 ;0 ; ;0 ;0 ;0 ;0 ;0 ;0 ;0 ;0 ;0 ;
43.3 ;0 ; ;0 ;0 ;0 ;0 ;0 ;0 ;0 ;0 ;0 ;
43.32 ;0 ; ;0 ;0 ;0 ;0 ;0 ;0 ;0 ;0 ;0 ;
43.34 ;0 ; ;0 ;0 ;0 ;0 ;0 ;0 ;0 ;0 ;0 ;
43.36 ;0 ; ;0 ;0 ;0 ;0 ;0 ;0 ;0 ;0 ;0 ;
43.38 ;0 ; ;0 ;0 ;0 ;0 ;0 ;0 ;0 ;0 ;0 ;
43.4 ;0 ; ;0 ;0 ;0 ;0 ;0 ;0 ;0 ;0 ;0 ;
43.42 ;0 ; ;0 ;0 ;0 ;0 ;0 ;0 ;0 ;0 ;0 ;
43.44 ;0 ; ;0 ;0 ;0 ;0 ;0 ;0 ;0 ;0 ;0 ;
43.46 ;0 ; ;0 ;0 ;0 ;0 ;0 ;0 ;0 ;0 ;0 ;
43.48 ;0 ; ;0 ;0 ;0 ;0 ;0 ;0 ;0 ;0 ;0 ;
43.5 ;0 ; ;0 ;0 ;0 ;0 ;0 ;0 ;0 ;0 ;0 ;
43.52 ;0 ; ;0 ;0 ;0 ;0 ;0 ;0 ;0 ;0 ;0 ;
43.54 ;0 ; ;0 ;0 ;0 ;0 ;0 ;0 ;0 ;0 ;0 ;
43.56 ;0 ; ;0 ;0 ;0 ;0 ;0 ;0 ;0 ;0 ;0 ;
43.58 ;0 ; ;0 ;0 ;0 ;0 ;0 ;0 ;0 ;0 ;0 ;
43.6 ;0 ; ;0 ;0 ;0 ;0 ;0 ;0 ;0 ;0 ;0 ;
43.62 ;0 ; ;0 ;0 ;0 ;0 ;0 ;0 ;0 ;0 ;0 ;
43.64 ;0 ; ;0 ;0 ;0 ;0 ;0 ;0 ;0 ;0 ;0 ;
43.66 ;0 ; ;0 ;0 ;0 ;0 ;0 ;0 ;0 ;0 ;0 ;
43.68 ;0 ; ;0 ;0 ;0 ;0 ;0 ;0 ;0 ;0 ;0 ;
43.7 ;0 ; ;0 ;0 ;0 ;0 ;0 ;0 ;0 ;0 ;0 ;
43.72 ;0 ; ;0 ;0 ;0 ;0 ;0 ;0 ;0 ;0 ;0 ;
43.74 ;0 ; ;0 ;0 ;0 ;0 ;0 ;0 ;0 ;0 ;0 ;
43.76 ;0 ; ;0 ;0 ;0 ;0 ;0 ;0 ;0 ;0 ;0 ;
43.78 ;0 ; ;0 ;0 ;0 ;0 ;0 ;0 ;0 ;0 ;0 ;
43.8 ;0 ; ;0 ;0 ;0 ;0 ;0 ;0 ;0 ;0 ;0 ;
43.82 ;0 ; ;0 ;0 ;0 ;0 ;0 ;0 ;0 ;0 ;0 ;
43.84 ;0 ; ;0 ;0 ;0 ;0 ;0 ;0 ;0 ;0 ;0 ;
43.86 ;0 ; ;0 ;0 ;0 ;0 ;0 ;0 ;0 ;0 ;0 ;
43.88 ;0 ; ;0 ;0 ;0 ;0 ;0 ;0 ;0 ;0 ;0 ;
43.9 ;0 ; ;0 ;0 ;0 ;0 ;0 ;0 ;0 ;0 ;0 ;
43.92 ;0 ; ;0 ;0 ;0 ;0 ;0 ;0 ;0 ;0 ;0 ;
43.94 ;0 ; ;0 ;0 ;0 ;0 ;0 ;0 ;0 ;0 ;0 ;
43.96 ;0 ; ;0 ;0 ;0 ;0 ;0 ;0 ;0 ;0 ;0 ;
