Joystick; 2024-10-09 13:32:40.415 ;
timestamp; status;interrupt;MovementLR; ; ;MovementFB; ; ;PlayerOrientation; ; ;
msec; Game Status; code;x; y; ;x; y; ;x; y; ;
0 ;0 ;5 ;0 ;0 ;0 ;0 ;0 ;0 ;0 ;0 ;0 ;
-0.2945337 ;0 ; ;0 ;0 ;0 ;0 ;0 ;0 ;0 ;0 ;0 ;
-0.2745333 ;0 ; ;0 ;0 ;0 ;0 ;0 ;0 ;0 ;0 ;0 ;
-0.2545338 ;0 ; ;0 ;0 ;0 ;0 ;0 ;0 ;0 ;0 ;0 ;
-0.2345333 ;0 ; ;0 ;0 ;0 ;0 ;0 ;0 ;0 ;0 ;0 ;
-0.2145338 ;0 ; ;0 ;0 ;0 ;0 ;0 ;0 ;0 ;0 ;0 ;
-0.1945333 ;0 ; ;0 ;0 ;0 ;0 ;0 ;0 ;0 ;0 ;0 ;
-0.1745338 ;0 ; ;0 ;0 ;0 ;0 ;0 ;0 ;0 ;0 ;0 ;
-0.1545334 ;0 ; ;0 ;0 ;0 ;0 ;0 ;0 ;0 ;0 ;0 ;
-0.1345339 ;0 ; ;0 ;0 ;0 ;0 ;0 ;0 ;0 ;0 ;0 ;
-0.1145334 ;0 ; ;0 ;0 ;0 ;0 ;0 ;0 ;0 ;0 ;0 ;
-0.09453297 ;0 ; ;0 ;0 ;0 ;0 ;0 ;0 ;0 ;0 ;0 ;
-0.07453346 ;0 ; ;0 ;0 ;0 ;0 ;0 ;0 ;0 ;0 ;0 ;
-0.054533 ;0 ; ;0 ;0 ;0 ;0 ;0 ;0 ;0 ;0 ;0 ;
-0.0345335 ;0 ; ;0 ;0 ;0 ;0 ;0 ;0 ;0 ;0 ;0 ;
-0.01453304 ;0 ; ;0 ;0 ;0 ;0 ;0 ;0 ;0 ;0 ;0 ;
0.005466461 ;0 ; ;0 ;0 ;0 ;0 ;0 ;0 ;0 ;0 ;0 ;
0.02546692 ;0 ; ;0 ;0 ;0 ;0 ;0 ;0 ;0 ;0 ;0 ;
0.04546642 ;0 ; ;0 ;0 ;0 ;0 ;0 ;0 ;0 ;0 ;0 ;
0.06546688 ;0 ; ;0 ;0 ;0 ;0 ;0 ;0 ;0 ;0 ;0 ;
0.08546638 ;0 ; ;0 ;0 ;0 ;0 ;0 ;0 ;0 ;0 ;0 ;
0.1054668 ;0 ; ;0 ;0 ;0 ;0 ;0 ;0 ;0 ;0 ;0 ;
0.1254663 ;0 ; ;0 ;0 ;0 ;0 ;0 ;0 ;0 ;0 ;0 ;
0.1454668 ;0 ; ;0 ;0 ;0 ;0 ;0 ;0 ;0 ;0 ;0 ;
0.1654663 ;0 ; ;0 ;0 ;0 ;0 ;0 ;0 ;0 ;0 ;0 ;
0.1854668 ;0 ; ;0 ;0 ;0 ;0 ;0 ;0 ;0 ;0 ;0 ;
0.2054663 ;0 ; ;0 ;0 ;0 ;0 ;0 ;0 ;0 ;0 ;0 ;
0.2254667 ;0 ; ;0 ;0 ;0 ;0 ;0 ;0 ;0 ;0 ;0 ;
0.2454662 ;0 ; ;0 ;0 ;0 ;0 ;0 ;0 ;0 ;0 ;0 ;
0.2654667 ;0 ; ;0 ;0 ;0 ;0 ;0 ;0 ;0 ;0 ;0 ;
0.2854662 ;0 ; ;0 ;0 ;0 ;0 ;0 ;0 ;0 ;0 ;0 ;
0.3054667 ;0 ; ;0 ;0 ;0 ;0 ;0 ;0 ;0 ;0 ;0 ;
0.3254662 ;0 ; ;0 ;0 ;0 ;0 ;0 ;0 ;0 ;0 ;0 ;
0.3454666 ;0 ; ;0 ;0 ;0 ;0 ;0 ;0 ;0 ;0 ;0 ;
0.3654661 ;0 ; ;0 ;0 ;0 ;0 ;0 ;0 ;0 ;0 ;0 ;
0.3854666 ;0 ; ;0 ;0 ;0 ;0 ;0 ;0 ;0 ;0 ;0 ;
0.405467 ;0 ; ;0 ;0 ;0 ;0 ;0 ;0 ;0 ;0 ;0 ;
0.4254665 ;0 ; ;0 ;0 ;0 ;0 ;0 ;0 ;0 ;0 ;0 ;
0.445467 ;0 ; ;0 ;0 ;0 ;0 ;0 ;0 ;0 ;0 ;0 ;
0.4654665 ;0 ; ;0 ;0 ;0 ;0 ;0 ;0 ;0 ;0 ;0 ;
0.485467 ;0 ; ;0 ;0 ;0 ;0 ;0 ;0 ;0 ;0 ;0 ;
0.5054665 ;0 ; ;0 ;0 ;0 ;0 ;0 ;0 ;0 ;0 ;0 ;
0.5254669 ;0 ; ;0 ;0 ;0 ;0 ;0 ;0 ;0 ;0 ;0 ;
0.5454664 ;0 ; ;0 ;0 ;0 ;0 ;0 ;0 ;0 ;0 ;0 ;
0.5654669 ;0 ; ;0 ;0 ;0 ;0 ;0 ;0 ;0 ;0 ;0 ;
0.5854664 ;0 ; ;0 ;0 ;0 ;0 ;0 ;0 ;0 ;0 ;0 ;
0.6054668 ;0 ; ;0 ;0 ;0 ;0 ;0 ;0 ;0 ;0 ;0 ;
0.6254663 ;0 ; ;0 ;0 ;0 ;0 ;0 ;0 ;0 ;0 ;0 ;
0.6454668 ;0 ; ;0 ;0 ;0 ;0 ;0 ;0 ;0 ;0 ;0 ;
0.6654663 ;0 ; ;0 ;0 ;0 ;0 ;0 ;0 ;0 ;0 ;0 ;
0.6854668 ;0 ; ;0 ;0 ;0 ;0 ;0 ;0 ;0 ;0 ;0 ;
0.7054663 ;0 ; ;0 ;0 ;0 ;0 ;0 ;0 ;0 ;0 ;0 ;
0.7254667 ;0 ; ;0 ;0 ;0 ;0 ;0 ;0 ;0 ;0 ;0 ;
0.7454662 ;0 ; ;0 ;0 ;0 ;0 ;0 ;0 ;0 ;0 ;0 ;
0.7654667 ;0 ; ;0 ;0 ;0 ;0 ;0 ;0 ;0 ;0 ;0 ;
0.7854662 ;0 ; ;0 ;0 ;0 ;0 ;0 ;0 ;0 ;0 ;0 ;
0.8054667 ;0 ; ;0 ;0 ;0 ;0 ;0 ;0 ;0 ;0 ;0 ;
0.8254662 ;0 ; ;0 ;0 ;0 ;0 ;0 ;0 ;0 ;0 ;0 ;
0.8454666 ;0 ; ;0 ;0 ;0 ;0 ;0 ;0 ;0 ;0 ;0 ;
0.8654661 ;0 ; ;0 ;0 ;0 ;0 ;0 ;0 ;0 ;0 ;0 ;
0.8854666 ;0 ; ;0 ;0 ;0 ;0 ;0 ;0 ;0 ;0 ;0 ;
0.9054661 ;0 ; ;0 ;0 ;0 ;0 ;0 ;0 ;0 ;0 ;0 ;
0.9254665 ;0 ; ;0 ;0 ;0 ;0 ;0 ;0 ;0 ;0 ;0 ;
0.945467 ;0 ; ;0 ;0 ;0 ;0 ;0 ;0 ;0 ;0 ;0 ;
0.9654665 ;0 ; ;0 ;0 ;0 ;0 ;0 ;0 ;0 ;0 ;0 ;
0.985467 ;0 ; ;0 ;0 ;0 ;0 ;0 ;0 ;0 ;0 ;0 ;
1.005466 ;0 ; ;0 ;0 ;0 ;0 ;0 ;0 ;0 ;0 ;0 ;
1.025467 ;0 ; ;0 ;0 ;0 ;0 ;0 ;0 ;0 ;0 ;0 ;
1.045466 ;0 ; ;0 ;0 ;0 ;0 ;0 ;0 ;0 ;0 ;0 ;
1.065467 ;0 ; ;0 ;0 ;0 ;0 ;0 ;0 ;0 ;0 ;0 ;
1.085466 ;0 ; ;0 ;0 ;0 ;0 ;0 ;0 ;0 ;0 ;0 ;
1.105467 ;0 ; ;0 ;0 ;0 ;0 ;0 ;0 ;0 ;0 ;0 ;
1.125466 ;0 ; ;0 ;0 ;0 ;0 ;0 ;0 ;0 ;0 ;0 ;
1.145467 ;0 ; ;0 ;0 ;0 ;0 ;0 ;0 ;0 ;0 ;0 ;
1.165466 ;0 ; ;0 ;0 ;0 ;0 ;0 ;0 ;0 ;0 ;0 ;
1.185467 ;0 ; ;0 ;0 ;0 ;0 ;0 ;0 ;0 ;0 ;0 ;
1.205466 ;0 ; ;0 ;0 ;0 ;0 ;0 ;0 ;0 ;0 ;0 ;
1.225467 ;0 ; ;0 ;0 ;0 ;0 ;0 ;0 ;0 ;0 ;0 ;
1.245466 ;0 ; ;0 ;0 ;0 ;0 ;0 ;0 ;0 ;0 ;0 ;
1.265467 ;0 ; ;0 ;0 ;0 ;0 ;0 ;0 ;0 ;0 ;0 ;
1.285466 ;0 ; ;0 ;0 ;0 ;0 ;0 ;0 ;0 ;0 ;0 ;
1.305467 ;0 ; ;0 ;0 ;0 ;0 ;0 ;0 ;0 ;0 ;0 ;
1.325466 ;0 ; ;0 ;0 ;0 ;0 ;0 ;0 ;0 ;0 ;0 ;
1.345467 ;0 ; ;0 ;0 ;0 ;0 ;0 ;0 ;0 ;0 ;0 ;
1.365466 ;0 ; ;0 ;0 ;0 ;0 ;0 ;0 ;0 ;0 ;0 ;
1.385467 ;0 ; ;0 ;0 ;0 ;0 ;0 ;0 ;0 ;0 ;0 ;
1.405466 ;0 ; ;0 ;0 ;0 ;0 ;0 ;0 ;0 ;0 ;0 ;
1.425467 ;0 ; ;0 ;0 ;0 ;0 ;0 ;0 ;0 ;0 ;0 ;
1.445467 ;0 ; ;0 ;0 ;0 ;0 ;0 ;0 ;0 ;0 ;0 ;
1.465466 ;0 ; ;0 ;0 ;0 ;0 ;0 ;0 ;0 ;0 ;0 ;
1.485467 ;0 ; ;0 ;0 ;0 ;0 ;0 ;0 ;0 ;0 ;0 ;
1.505466 ;0 ; ;0 ;0 ;0 ;0 ;0 ;0 ;0 ;0 ;0 ;
1.525467 ;0 ; ;0 ;0 ;0 ;0 ;0 ;0 ;0 ;0 ;0 ;
1.545466 ;0 ; ;0 ;0 ;0 ;0 ;0 ;0 ;0 ;0 ;0 ;
1.565467 ;0 ; ;0 ;0 ;0 ;0 ;0 ;0 ;0 ;0 ;0 ;
1.585466 ;0 ; ;0 ;0 ;0 ;0 ;0 ;0 ;0 ;0 ;0 ;
1.605467 ;0 ; ;0 ;0 ;0 ;0 ;0 ;0 ;0 ;0 ;0 ;
1.625466 ;0 ; ;0 ;0 ;0 ;0 ;0 ;0 ;0 ;0 ;0 ;
1.645467 ;0 ; ;0 ;0 ;0 ;0 ;0 ;0 ;0 ;0 ;0 ;
1.665466 ;0 ; ;0 ;0 ;0 ;0 ;0 ;0 ;0 ;0 ;0 ;
1.685467 ;0 ; ;0 ;0 ;0 ;0 ;0 ;0 ;0 ;0 ;0 ;
1.705466 ;0 ; ;0 ;0 ;0 ;0 ;0 ;0 ;0 ;0 ;0 ;
1.725467 ;0 ; ;0 ;0 ;0 ;0 ;0 ;0 ;0 ;0 ;0 ;
1.745466 ;0 ; ;0 ;0 ;0 ;0 ;0 ;0 ;0 ;0 ;0 ;
1.765467 ;0 ; ;0 ;0 ;0 ;0 ;0 ;0 ;0 ;0 ;0 ;
1.785466 ;0 ; ;0 ;0 ;0 ;0 ;0 ;0 ;0 ;0 ;0 ;
1.805467 ;0 ; ;0 ;0 ;0 ;0 ;0 ;0 ;0 ;0 ;0 ;
1.825466 ;0 ; ;0 ;0 ;0 ;0 ;0 ;0 ;0 ;0 ;0 ;
1.845467 ;0 ; ;0 ;0 ;0 ;0 ;0 ;0 ;0 ;0 ;0 ;
1.865466 ;0 ; ;0 ;0 ;0 ;0 ;0 ;0 ;0 ;0 ;0 ;
1.885467 ;0 ; ;0 ;0 ;0 ;0 ;0 ;0 ;0 ;0 ;0 ;
1.905466 ;0 ; ;0 ;0 ;0 ;0 ;0 ;0 ;0 ;0 ;0 ;
1.925467 ;0 ; ;0 ;0 ;0 ;0 ;0 ;0 ;0 ;0 ;0 ;
1.945467 ;0 ; ;0 ;0 ;0 ;0 ;0 ;0 ;0 ;0 ;0 ;
1.965466 ;0 ; ;0 ;0 ;0 ;0 ;0 ;0 ;0 ;0 ;0 ;
1.985467 ;0 ; ;0 ;0 ;0 ;0 ;0 ;0 ;0 ;0 ;0 ;
2.005466 ;0 ; ;0 ;0 ;0 ;0 ;0 ;0 ;0 ;0 ;0 ;
2.025467 ;0 ; ;0 ;0 ;0 ;0 ;0 ;0 ;0 ;0 ;0 ;
2.045466 ;0 ; ;0 ;0 ;0 ;0 ;0 ;0 ;0 ;0 ;0 ;
2.065467 ;0 ; ;0 ;0 ;0 ;0 ;0 ;0 ;0 ;0 ;0 ;
2.085466 ;0 ; ;0 ;0 ;0 ;0 ;0 ;0 ;0 ;0 ;0 ;
2.105467 ;0 ; ;0 ;0 ;0 ;0 ;0 ;0 ;0 ;0 ;0 ;
2.125466 ;0 ; ;0 ;0 ;0 ;0 ;0 ;0 ;0 ;0 ;0 ;
2.145467 ;0 ; ;0 ;0 ;0 ;0 ;0 ;0 ;0 ;0 ;0 ;
2.165466 ;0 ; ;0 ;0 ;0 ;0 ;0 ;0 ;0 ;0 ;0 ;
2.185467 ;0 ; ;0 ;0 ;0 ;0 ;0 ;0 ;0 ;0 ;0 ;
2.205466 ;0 ; ;0 ;0 ;0 ;0 ;0 ;0 ;0 ;0 ;0 ;
2.225467 ;0 ; ;0 ;0 ;0 ;0 ;0 ;0 ;0 ;0 ;0 ;
2.245466 ;0 ; ;0 ;0 ;0 ;0 ;0 ;0 ;0 ;0 ;0 ;
2.265467 ;0 ; ;0 ;0 ;0 ;0 ;0 ;0 ;0 ;0 ;0 ;
2.285466 ;0 ; ;0 ;0 ;0 ;0 ;0 ;0 ;0 ;0 ;0 ;
2.305467 ;0 ; ;0 ;0 ;0 ;0 ;0 ;0 ;0 ;0 ;0 ;
2.325466 ;0 ; ;0 ;0 ;0 ;0 ;0 ;0 ;0 ;0 ;0 ;
2.345467 ;0 ; ;0 ;0 ;0 ;0 ;0 ;0 ;0 ;0 ;0 ;
2.365466 ;0 ; ;0 ;0 ;0 ;0 ;0 ;0 ;0 ;0 ;0 ;
2.385467 ;0 ; ;0 ;0 ;0 ;0 ;0 ;0 ;0 ;0 ;0 ;
2.405466 ;0 ; ;0 ;0 ;0 ;0 ;0 ;0 ;0 ;0 ;0 ;
2.425467 ;0 ; ;0 ;0 ;0 ;0 ;0 ;0 ;0 ;0 ;0 ;
2.445466 ;0 ; ;0 ;0 ;0 ;0 ;0 ;0 ;0 ;0 ;0 ;
2.465466 ;0 ; ;0 ;0 ;0 ;0 ;0 ;0 ;0 ;0 ;0 ;
2.485467 ;0 ; ;0 ;0 ;0 ;0 ;0 ;0 ;0 ;0 ;0 ;
2.505466 ;0 ; ;0 ;0 ;0 ;0 ;0 ;0 ;0 ;0 ;0 ;
2.525467 ;0 ; ;0 ;0 ;0 ;0 ;0 ;0 ;0 ;0 ;0 ;
2.545466 ;0 ; ;0 ;0 ;0 ;0 ;0 ;0 ;0 ;0 ;0 ;
2.565467 ;0 ; ;0 ;0 ;0 ;0 ;0 ;0 ;0 ;0 ;0 ;
2.585466 ;0 ; ;0 ;0 ;0 ;0 ;0 ;0 ;0 ;0 ;0 ;
2.605467 ;0 ; ;0 ;0 ;0 ;0 ;0 ;0 ;0 ;0 ;0 ;
2.625466 ;0 ; ;0 ;0 ;0 ;0 ;0 ;0 ;0 ;0 ;0 ;
2.645467 ;0 ; ;0 ;0 ;0 ;0 ;0 ;0 ;0 ;0 ;0 ;
2.665466 ;0 ; ;0 ;0 ;0 ;0 ;0 ;0 ;0 ;0 ;0 ;
2.685467 ;0 ; ;0 ;0 ;0 ;0 ;0 ;0 ;0 ;0 ;0 ;
2.705466 ;0 ; ;0 ;0 ;0 ;0 ;0 ;0 ;0 ;0 ;0 ;
2.725467 ;0 ; ;0 ;0 ;0 ;0 ;0 ;0 ;0 ;0 ;0 ;
2.745466 ;0 ; ;0 ;0 ;0 ;0 ;0 ;0 ;0 ;0 ;0 ;
2.765467 ;0 ; ;0 ;0 ;0 ;0 ;0 ;0 ;0 ;0 ;0 ;
2.785466 ;0 ; ;0 ;0 ;0 ;0 ;0 ;0 ;0 ;0 ;0 ;
2.805467 ;0 ; ;0 ;0 ;0 ;0 ;0 ;0 ;0 ;0 ;0 ;
2.825466 ;0 ; ;0 ;0 ;0 ;0 ;0 ;0 ;0 ;0 ;0 ;
2.845467 ;0 ; ;0 ;0 ;0 ;0 ;0 ;0 ;0 ;0 ;0 ;
2.865466 ;0 ; ;0 ;0 ;0 ;0 ;0 ;0 ;0 ;0 ;0 ;
2.885467 ;0 ; ;0 ;0 ;0 ;0 ;0 ;0 ;0 ;0 ;0 ;
2.905466 ;0 ; ;0 ;0 ;0 ;0 ;0 ;0 ;0 ;0 ;0 ;
2.925467 ;0 ; ;0 ;0 ;0 ;0 ;0 ;0 ;0 ;0 ;0 ;
2.945466 ;0 ; ;0 ;0 ;0 ;0 ;0 ;0 ;0 ;0 ;0 ;
2.965466 ;0 ; ;0 ;0 ;0 ;0 ;0 ;0 ;0 ;0 ;0 ;
2.985467 ;0 ; ;0 ;0 ;0 ;0 ;0 ;0 ;0 ;0 ;0 ;
3.005466 ;0 ; ;0 ;0 ;0 ;0 ;0 ;0 ;0 ;0 ;0 ;
3.025467 ;0 ; ;0 ;0 ;0 ;0 ;0 ;0 ;0 ;0 ;0 ;
3.045466 ;0 ; ;0 ;0 ;0 ;0 ;0 ;0 ;0 ;0 ;0 ;
3.065467 ;0 ; ;0 ;0 ;0 ;0 ;0 ;0 ;0 ;0 ;0 ;
3.085466 ;0 ; ;0 ;0 ;0 ;0 ;0 ;0 ;0 ;0 ;0 ;
3.105467 ;0 ; ;0 ;0 ;0 ;0 ;0 ;0 ;0 ;0 ;0 ;
3.125466 ;0 ; ;0 ;0 ;0 ;0 ;0 ;0 ;0 ;0 ;0 ;
3.145467 ;0 ; ;0 ;0 ;0 ;0 ;0 ;0 ;0 ;0 ;0 ;
3.165466 ;0 ; ;0 ;0 ;0 ;0 ;0 ;0 ;0 ;0 ;0 ;
3.185467 ;0 ; ;0 ;0 ;0 ;0 ;0 ;0 ;0 ;0 ;0 ;
3.205466 ;0 ; ;0 ;0 ;0 ;0 ;0 ;0 ;0 ;0 ;0 ;
3.225467 ;0 ; ;0 ;0 ;0 ;0 ;0 ;0 ;0 ;0 ;0 ;
3.245466 ;0 ; ;0 ;0 ;0 ;0 ;0 ;0 ;0 ;0 ;0 ;
3.265467 ;0 ; ;0 ;0 ;0 ;0 ;0 ;0 ;0 ;0 ;0 ;
3.285466 ;0 ; ;0 ;0 ;0 ;0 ;0 ;0 ;0 ;0 ;0 ;
3.305467 ;0 ; ;0 ;0 ;0 ;0 ;0 ;0 ;0 ;0 ;0 ;
3.325466 ;0 ; ;0 ;0 ;0 ;0 ;0 ;0 ;0 ;0 ;0 ;
3.345467 ;0 ; ;0 ;0 ;0 ;0 ;0 ;0 ;0 ;0 ;0 ;
3.365466 ;0 ; ;0 ;0 ;0 ;0 ;0 ;0 ;0 ;0 ;0 ;
3.385467 ;0 ; ;0 ;0 ;0 ;0 ;0 ;0 ;0 ;0 ;0 ;
3.405466 ;0 ; ;0 ;0 ;0 ;0 ;0 ;0 ;0 ;0 ;0 ;
3.425467 ;0 ; ;0 ;0 ;0 ;0 ;0 ;0 ;0 ;0 ;0 ;
3.445466 ;0 ; ;0 ;0 ;0 ;0 ;0 ;0 ;0 ;0 ;0 ;
3.465466 ;0 ; ;0 ;0 ;0 ;0 ;0 ;0 ;0 ;0 ;0 ;
3.485467 ;0 ; ;0 ;0 ;0 ;0 ;0 ;0 ;0 ;0 ;0 ;
3.505466 ;0 ; ;0 ;0 ;0 ;0 ;0 ;0 ;0 ;0 ;0 ;
3.525467 ;0 ; ;0 ;0 ;0 ;0 ;0 ;0 ;0 ;0 ;0 ;
3.545466 ;0 ; ;0 ;0 ;0 ;0 ;0 ;0 ;0 ;0 ;0 ;
3.565467 ;0 ; ;0 ;0 ;0 ;0 ;0 ;0 ;0 ;0 ;0 ;
3.585466 ;0 ; ;0 ;0 ;0 ;0 ;0 ;0 ;0 ;0 ;0 ;
3.605467 ;0 ; ;0 ;0 ;0 ;0 ;0 ;0 ;0 ;0 ;0 ;
3.625466 ;0 ; ;0 ;0 ;0 ;0 ;0 ;0 ;0 ;0 ;0 ;
3.645467 ;0 ; ;0 ;0 ;0 ;0 ;0 ;0 ;0 ;0 ;0 ;
3.665466 ;0 ; ;0 ;0 ;0 ;0 ;0 ;0 ;0 ;0 ;0 ;
3.685467 ;0 ; ;0 ;0 ;0 ;0 ;0 ;0 ;0 ;0 ;0 ;
3.705466 ;0 ; ;0 ;0 ;0 ;0 ;0 ;0 ;0 ;0 ;0 ;
3.725467 ;0 ; ;0 ;0 ;0 ;0 ;0 ;0 ;0 ;0 ;0 ;
3.745466 ;0 ; ;0 ;0 ;0 ;0 ;0 ;0 ;0 ;0 ;0 ;
3.765467 ;0 ; ;0 ;0 ;0 ;0 ;0 ;0 ;0 ;0 ;0 ;
3.785466 ;0 ; ;0 ;0 ;0 ;0 ;0 ;0 ;0 ;0 ;0 ;
3.805467 ;0 ; ;0 ;0 ;0 ;0 ;0 ;0 ;0 ;0 ;0 ;
3.825466 ;0 ; ;0 ;0 ;0 ;0 ;0 ;0 ;0 ;0 ;0 ;
3.845467 ;0 ; ;0 ;0 ;0 ;0 ;0 ;0 ;0 ;0 ;0 ;
3.865466 ;0 ; ;0 ;0 ;0 ;0 ;0 ;0 ;0 ;0 ;0 ;
3.885467 ;0 ; ;0 ;0 ;0 ;0 ;0 ;0 ;0 ;0 ;0 ;
3.905466 ;0 ; ;0 ;0 ;0 ;0 ;0 ;0 ;0 ;0 ;0 ;
3.925467 ;0 ; ;0 ;0 ;0 ;0 ;0 ;0 ;0 ;0 ;0 ;
3.945466 ;0 ; ;0 ;0 ;0 ;0 ;0 ;0 ;0 ;0 ;0 ;
3.965466 ;0 ; ;0 ;0 ;0 ;0 ;0 ;0 ;0 ;0 ;0 ;
3.985466 ;0 ; ;0 ;0 ;0 ;0 ;0 ;0 ;0 ;0 ;0 ;
4.005466 ;0 ; ;0 ;0 ;0 ;0 ;0 ;0 ;0 ;0 ;0 ;
4.025467 ;0 ; ;0 ;0 ;0 ;0 ;0 ;0 ;0 ;0 ;0 ;
4.045466 ;0 ; ;0 ;0 ;0 ;0 ;0 ;0 ;0 ;0 ;0 ;
4.065467 ;0 ; ;0 ;0 ;0 ;0 ;0 ;0 ;0 ;0 ;0 ;
4.085466 ;0 ; ;0 ;0 ;0 ;0 ;0 ;0 ;0 ;0 ;0 ;
4.105467 ;0 ; ;0 ;0 ;0 ;0 ;0 ;0 ;0 ;0 ;0 ;
4.125466 ;0 ; ;0 ;0 ;0 ;0 ;0 ;0 ;0 ;0 ;0 ;
4.145467 ;0 ; ;0 ;0 ;0 ;0 ;0 ;0 ;0 ;0 ;0 ;
4.165466 ;0 ; ;0 ;0 ;0 ;0 ;0 ;0 ;0 ;0 ;0 ;
4.185467 ;0 ; ;0 ;0 ;0 ;0 ;0 ;0 ;0 ;0 ;0 ;
4.205466 ;0 ; ;0 ;0 ;0 ;0 ;0 ;0 ;0 ;0 ;0 ;
4.225467 ;0 ; ;0 ;0 ;0 ;0 ;0 ;0 ;0 ;0 ;0 ;
4.245466 ;0 ; ;0 ;0 ;0 ;0 ;0 ;0 ;0 ;0 ;0 ;
4.265467 ;0 ; ;0 ;0 ;0 ;0 ;0 ;0 ;0 ;0 ;0 ;
4.285466 ;0 ; ;0 ;0 ;0 ;0 ;0 ;0 ;0 ;0 ;0 ;
4.305467 ;0 ; ;0 ;0 ;0 ;0 ;0 ;0 ;0 ;0 ;0 ;
4.325466 ;0 ; ;0 ;0 ;0 ;0 ;0 ;0 ;0 ;0 ;0 ;
4.345467 ;0 ; ;0 ;0 ;0 ;0 ;0 ;0 ;0 ;0 ;0 ;
4.365466 ;0 ; ;0 ;0 ;0 ;0 ;0 ;0 ;0 ;0 ;0 ;
4.385467 ;0 ; ;0 ;0 ;0 ;0 ;0 ;0 ;0 ;0 ;0 ;
4.405466 ;0 ; ;0 ;0 ;0 ;0 ;0 ;0 ;0 ;0 ;0 ;
4.425467 ;0 ; ;0 ;0 ;0 ;0 ;0 ;0 ;0 ;0 ;0 ;
4.445466 ;0 ; ;0 ;0 ;0 ;0 ;0 ;0 ;0 ;0 ;0 ;
4.465466 ;0 ; ;0 ;0 ;0 ;0 ;0 ;0 ;0 ;0 ;0 ;
4.485466 ;0 ; ;0 ;0 ;0 ;0 ;0 ;0 ;0 ;0 ;0 ;
4.505466 ;0 ; ;0 ;0 ;0 ;0 ;0 ;0 ;0 ;0 ;0 ;
4.525467 ;0 ; ;0 ;0 ;0 ;0 ;0 ;0 ;0 ;0 ;0 ;
4.545466 ;0 ; ;0 ;0 ;0 ;0 ;0 ;0 ;0 ;0 ;0 ;
4.565467 ;0 ; ;0 ;0 ;0 ;0 ;0 ;0 ;0 ;0 ;0 ;
4.585466 ;0 ; ;0 ;0 ;0 ;0 ;0 ;0 ;0 ;0 ;0 ;
4.605467 ;0 ; ;0 ;0 ;0 ;0 ;0 ;0 ;0 ;0 ;0 ;
4.625466 ;0 ; ;0 ;0 ;0 ;0 ;0 ;0 ;0 ;0 ;0 ;
4.645467 ;0 ; ;0 ;0 ;0 ;0 ;0 ;0 ;0 ;0 ;0 ;
4.665466 ;0 ; ;0 ;0 ;0 ;0 ;0 ;0 ;0 ;0 ;0 ;
4.685467 ;0 ; ;0 ;0 ;0 ;0 ;0 ;0 ;0 ;0 ;0 ;
4.705466 ;0 ; ;0 ;0 ;0 ;0 ;0 ;0 ;0 ;0 ;0 ;
4.725467 ;0 ; ;0 ;0 ;0 ;0 ;0 ;0 ;0 ;0 ;0 ;
4.745466 ;0 ; ;0 ;0 ;0 ;0 ;0 ;0 ;0 ;0 ;0 ;
4.765467 ;0 ; ;0 ;0 ;0 ;0 ;0 ;0 ;0 ;0 ;0 ;
4.785466 ;0 ; ;0 ;0 ;0 ;0 ;0 ;0 ;0 ;0 ;0 ;
4.805467 ;0 ; ;0 ;0 ;0 ;0 ;0 ;0 ;0 ;0 ;0 ;
4.825466 ;0 ; ;0 ;0 ;0 ;0 ;0 ;0 ;0 ;0 ;0 ;
4.845467 ;0 ; ;0 ;0 ;0 ;0 ;0 ;0 ;0 ;0 ;0 ;
4.865466 ;0 ; ;0 ;0 ;0 ;0 ;0 ;0 ;0 ;0 ;0 ;
4.885467 ;0 ; ;0 ;0 ;0 ;0 ;0 ;0 ;0 ;0 ;0 ;
4.905466 ;0 ; ;0 ;0 ;0 ;0 ;0 ;0 ;0 ;0 ;0 ;
4.925467 ;0 ; ;0 ;0 ;0 ;0 ;0 ;0 ;0 ;0 ;0 ;
4.945466 ;0 ; ;0 ;0 ;0 ;0 ;0 ;0 ;0 ;0 ;0 ;
4.965466 ;0 ; ;0 ;0 ;0 ;0 ;0 ;0 ;0 ;0 ;0 ;
4.985466 ;0 ; ;0 ;0 ;0 ;0 ;0 ;0 ;0 ;0 ;0 ;
5.005466 ;0 ; ;0 ;0 ;0 ;0 ;0 ;0 ;0 ;0 ;0 ;
5.025467 ;0 ; ;0 ;0 ;0 ;0 ;0 ;0 ;0 ;0 ;0 ;
5.045466 ;0 ; ;0 ;0 ;0 ;0 ;0 ;0 ;0 ;0 ;0 ;
5.065467 ;0 ; ;0 ;0 ;0 ;0 ;0 ;0 ;0 ;0 ;0 ;
5.085466 ;0 ; ;0 ;0 ;0 ;0 ;0 ;0 ;0 ;0 ;0 ;
5.105467 ;0 ; ;0 ;0 ;0 ;0 ;0 ;0 ;0 ;0 ;0 ;
5.125466 ;0 ; ;0 ;0 ;0 ;0 ;0 ;0 ;0 ;0 ;0 ;
5.145467 ;0 ; ;0 ;0 ;0 ;0 ;0 ;0 ;0 ;0 ;0 ;
5.165466 ;0 ; ;0 ;0 ;0 ;0 ;0 ;0 ;0 ;0 ;0 ;
5.185467 ;0 ; ;0 ;0 ;0 ;0 ;0 ;0 ;0 ;0 ;0 ;
5.205466 ;0 ; ;0 ;0 ;0 ;0 ;0 ;0 ;0 ;0 ;0 ;
5.225467 ;0 ; ;0 ;0 ;0 ;0 ;0 ;0 ;0 ;0 ;0 ;
5.245466 ;0 ; ;0 ;0 ;0 ;0 ;0 ;0 ;0 ;0 ;0 ;
5.265467 ;0 ; ;0 ;0 ;0 ;0 ;0 ;0 ;0 ;0 ;0 ;
5.285466 ;0 ; ;0 ;0 ;0 ;0 ;0 ;0 ;0 ;0 ;0 ;
5.305467 ;0 ; ;0 ;0 ;0 ;0 ;0 ;0 ;0 ;0 ;0 ;
5.325466 ;0 ; ;0 ;0 ;0 ;0 ;0 ;0 ;0 ;0 ;0 ;
5.345467 ;0 ; ;0 ;0 ;0 ;0 ;0 ;0 ;0 ;0 ;0 ;
5.365466 ;0 ; ;0 ;0 ;0 ;0 ;0 ;0 ;0 ;0 ;0 ;
5.385467 ;0 ; ;0 ;0 ;0 ;0 ;0 ;0 ;0 ;0 ;0 ;
5.405466 ;0 ; ;0 ;0 ;0 ;0 ;0 ;0 ;0 ;0 ;0 ;
5.425467 ;0 ; ;0 ;0 ;0 ;0 ;0 ;0 ;0 ;0 ;0 ;
5.445466 ;0 ; ;0 ;0 ;0 ;0 ;0 ;0 ;0 ;0 ;0 ;
5.465466 ;0 ; ;0 ;0 ;0 ;0 ;0 ;0 ;0 ;0 ;0 ;
5.485466 ;0 ; ;0 ;0 ;0 ;0 ;0 ;0 ;0 ;0 ;0 ;
5.505466 ;0 ; ;0 ;0 ;0 ;0 ;0 ;0 ;0 ;0 ;0 ;
5.525467 ;0 ; ;0 ;0 ;0 ;0 ;0 ;0 ;0 ;0 ;0 ;
5.545466 ;0 ; ;0 ;0 ;0 ;0 ;0 ;0 ;0 ;0 ;0 ;
5.565467 ;0 ; ;0 ;0 ;0 ;0 ;0 ;0 ;0 ;0 ;0 ;
5.585466 ;0 ; ;0 ;0 ;0 ;0 ;0 ;0 ;0 ;0 ;0 ;
5.605467 ;0 ; ;0 ;0 ;0 ;0 ;0 ;0 ;0 ;0 ;0 ;
5.625466 ;0 ; ;0 ;0 ;0 ;0 ;0 ;0 ;0 ;0 ;0 ;
5.645467 ;0 ; ;0 ;0 ;0 ;0 ;0 ;0 ;0 ;0 ;0 ;
5.665466 ;0 ; ;0 ;0 ;0 ;0 ;0 ;0 ;0 ;0 ;0 ;
5.685467 ;0 ; ;0 ;0 ;0 ;0 ;0 ;0 ;0 ;0 ;0 ;
5.705466 ;0 ; ;0 ;0 ;0 ;0 ;0 ;0 ;0 ;0 ;0 ;
5.725467 ;0 ; ;0 ;0 ;0 ;0 ;0 ;0 ;0 ;0 ;0 ;
5.745466 ;0 ; ;0 ;0 ;0 ;0 ;0 ;0 ;0 ;0 ;0 ;
5.765467 ;0 ; ;0 ;0 ;0 ;0 ;0 ;0 ;0 ;0 ;0 ;
5.785466 ;0 ; ;0 ;0 ;0 ;0 ;0 ;0 ;0 ;0 ;0 ;
5.805467 ;0 ; ;0 ;0 ;0 ;0 ;0 ;0 ;0 ;0 ;0 ;
5.825466 ;0 ; ;0 ;0 ;0 ;0 ;0 ;0 ;0 ;0 ;0 ;
5.845467 ;0 ; ;0 ;0 ;0 ;0 ;0 ;0 ;0 ;0 ;0 ;
5.865466 ;0 ; ;0 ;0 ;0 ;0 ;0 ;0 ;0 ;0 ;0 ;
5.885467 ;0 ; ;0 ;0 ;0 ;0 ;0 ;0 ;0 ;0 ;0 ;
5.905466 ;0 ; ;0 ;0 ;0 ;0 ;0 ;0 ;0 ;0 ;0 ;
5.925467 ;0 ; ;0 ;0 ;0 ;0 ;0 ;0 ;0 ;0 ;0 ;
5.945466 ;0 ; ;0 ;0 ;0 ;0 ;0 ;0 ;0 ;0 ;0 ;
5.965466 ;0 ; ;0 ;0 ;0 ;0 ;0 ;0 ;0 ;0 ;0 ;
5.985466 ;0 ; ;0 ;0 ;0 ;0 ;0 ;0 ;0 ;0 ;0 ;
6.005466 ;0 ; ;0 ;0 ;0 ;0 ;0 ;0 ;0 ;0 ;0 ;
6.025466 ;0 ; ;0 ;0 ;0 ;0 ;0 ;0 ;0 ;0 ;0 ;
6.045466 ;0 ; ;0 ;0 ;0 ;0 ;0 ;0 ;0 ;0 ;0 ;
6.065467 ;0 ; ;0 ;0 ;0 ;0 ;0 ;0 ;0 ;0 ;0 ;
6.085466 ;0 ; ;0 ;0 ;0 ;0 ;0 ;0 ;0 ;0 ;0 ;
6.105467 ;0 ; ;0 ;0 ;0 ;0 ;0 ;0 ;0 ;0 ;0 ;
6.125466 ;0 ; ;0 ;0 ;0 ;0 ;0 ;0 ;0 ;0 ;0 ;
6.145467 ;0 ; ;0 ;0 ;0 ;0 ;0 ;0 ;0 ;0 ;0 ;
6.165466 ;0 ; ;0 ;0 ;0 ;0 ;0 ;0 ;0 ;0 ;0 ;
6.185467 ;0 ; ;0 ;0 ;0 ;0 ;0 ;0 ;0 ;0 ;0 ;
6.205466 ;0 ; ;0 ;0 ;0 ;0 ;0 ;0 ;0 ;0 ;0 ;
6.225467 ;0 ; ;0 ;0 ;0 ;0 ;0 ;0 ;0 ;0 ;0 ;
6.245466 ;0 ; ;0 ;0 ;0 ;0 ;0 ;0 ;0 ;0 ;0 ;
6.265467 ;0 ; ;0 ;0 ;0 ;0 ;0 ;0 ;0 ;0 ;0 ;
6.285466 ;0 ; ;0 ;0 ;0 ;0 ;0 ;0 ;0 ;0 ;0 ;
6.305467 ;0 ; ;0 ;0 ;0 ;0 ;0 ;0 ;0 ;0 ;0 ;
6.325466 ;0 ; ;0 ;0 ;0 ;0 ;0 ;0 ;0 ;0 ;0 ;
6.345467 ;0 ; ;0 ;0 ;0 ;0 ;0 ;0 ;0 ;0 ;0 ;
6.365466 ;0 ; ;0 ;0 ;0 ;0 ;0 ;0 ;0 ;0 ;0 ;
6.385467 ;0 ; ;0 ;0 ;0 ;0 ;0 ;0 ;0 ;0 ;0 ;
6.405466 ;0 ; ;0 ;0 ;0 ;0 ;0 ;0 ;0 ;0 ;0 ;
6.425467 ;0 ; ;0 ;0 ;0 ;0 ;0 ;0 ;0 ;0 ;0 ;
6.445466 ;0 ; ;0 ;0 ;0 ;0 ;0 ;0 ;0 ;0 ;0 ;
6.465466 ;0 ; ;0 ;0 ;0 ;0 ;0 ;0 ;0 ;0 ;0 ;
6.485466 ;0 ; ;0 ;0 ;0 ;0 ;0 ;0 ;0 ;0 ;0 ;
6.505466 ;0 ; ;0 ;0 ;0 ;0 ;0 ;0 ;0 ;0 ;0 ;
6.525466 ;0 ; ;0 ;0 ;0 ;0 ;0 ;0 ;0 ;0 ;0 ;
6.545466 ;0 ; ;0 ;0 ;0 ;0 ;0 ;0 ;0 ;0 ;0 ;
6.565467 ;0 ; ;0 ;0 ;0 ;0 ;0 ;0 ;0 ;0 ;0 ;
6.585466 ;0 ; ;0 ;0 ;0 ;0 ;0 ;0 ;0 ;0 ;0 ;
6.605467 ;0 ; ;0 ;0 ;0 ;0 ;0 ;0 ;0 ;0 ;0 ;
6.625466 ;0 ; ;0 ;0 ;0 ;0 ;0 ;0 ;0 ;0 ;0 ;
6.645467 ;0 ; ;0 ;0 ;0 ;0 ;0 ;0 ;0 ;0 ;0 ;
6.665466 ;0 ; ;0 ;0 ;0 ;0 ;0 ;0 ;0 ;0 ;0 ;
6.685467 ;0 ; ;0 ;0 ;0 ;0 ;0 ;0 ;0 ;0 ;0 ;
6.705466 ;0 ; ;0 ;0 ;0 ;0 ;0 ;0 ;0 ;0 ;0 ;
6.725467 ;0 ; ;0 ;0 ;0 ;0 ;0 ;0 ;0 ;0 ;0 ;
6.745466 ;0 ; ;0 ;0 ;0 ;0 ;0 ;0 ;0 ;0 ;0 ;
6.765467 ;0 ; ;0 ;0 ;0 ;0 ;0 ;0 ;0 ;0 ;0 ;
6.785466 ;0 ; ;0 ;0 ;0 ;0 ;0 ;0 ;0 ;0 ;0 ;
6.805467 ;0 ; ;0 ;0 ;0 ;0 ;0 ;0 ;0 ;0 ;0 ;
6.825466 ;0 ; ;0 ;0 ;0 ;0 ;0 ;0 ;0 ;0 ;0 ;
6.845467 ;0 ; ;0 ;0 ;0 ;0 ;0 ;0 ;0 ;0 ;0 ;
6.865466 ;0 ; ;0 ;0 ;0 ;0 ;0 ;0 ;0 ;0 ;0 ;
6.885467 ;0 ; ;0 ;0 ;0 ;0 ;0 ;0 ;0 ;0 ;0 ;
6.905466 ;0 ; ;0 ;0 ;0 ;0 ;0 ;0 ;0 ;0 ;0 ;
6.925467 ;0 ; ;0 ;0 ;0 ;0 ;0 ;0 ;0 ;0 ;0 ;
6.945466 ;0 ; ;0 ;0 ;0 ;0 ;0 ;0 ;0 ;0 ;0 ;
6.965466 ;0 ; ;0 ;0 ;0 ;0 ;0 ;0 ;0 ;0 ;0 ;
6.985466 ;0 ; ;0 ;0 ;0 ;0 ;0 ;0 ;0 ;0 ;0 ;
7.005466 ;0 ; ;0 ;0 ;0 ;0 ;0 ;0 ;0 ;0 ;0 ;
7.025466 ;0 ; ;0 ;0 ;0 ;0 ;0 ;0 ;0 ;0 ;0 ;
7.045466 ;0 ; ;0 ;0 ;0 ;0 ;0 ;0 ;0 ;0 ;0 ;
7.065467 ;0 ; ;0 ;0 ;0 ;0 ;0 ;0 ;0 ;0 ;0 ;
7.085466 ;0 ; ;0 ;0 ;0 ;0 ;0 ;0 ;0 ;0 ;0 ;
7.105467 ;0 ; ;0 ;0 ;0 ;0 ;0 ;0 ;0 ;0 ;0 ;
7.125466 ;0 ; ;0 ;0 ;0 ;0 ;0 ;0 ;0 ;0 ;0 ;
7.145467 ;0 ; ;0 ;0 ;0 ;0 ;0 ;0 ;0 ;0 ;0 ;
7.165466 ;0 ; ;0 ;0 ;0 ;0 ;0 ;0 ;0 ;0 ;0 ;
7.185467 ;0 ; ;0 ;0 ;0 ;0 ;0 ;0 ;0 ;0 ;0 ;
7.205467 ;0 ; ;0 ;0 ;0 ;0 ;0 ;0 ;0 ;0 ;0 ;
7.225466 ;0 ; ;0 ;0 ;0 ;0 ;0 ;0 ;0 ;0 ;0 ;
7.245466 ;0 ; ;0 ;0 ;0 ;0 ;0 ;0 ;0 ;0 ;0 ;
7.265467 ;0 ; ;0 ;0 ;0 ;0 ;0 ;0 ;0 ;0 ;0 ;
7.285467 ;0 ; ;0 ;0 ;0 ;0 ;0 ;0 ;0 ;0 ;0 ;
7.305466 ;0 ; ;0 ;0 ;0 ;0 ;0 ;0 ;0 ;0 ;0 ;
7.325466 ;0 ; ;0 ;0 ;0 ;0 ;0 ;0 ;0 ;0 ;0 ;
7.345467 ;0 ; ;0 ;0 ;0 ;0 ;0 ;0 ;0 ;0 ;0 ;
7.365467 ;0 ; ;0 ;0 ;0 ;0 ;0 ;0 ;0 ;0 ;0 ;
7.385466 ;0 ; ;0 ;0 ;0 ;0 ;0 ;0 ;0 ;0 ;0 ;
7.405466 ;0 ; ;0 ;0 ;0 ;0 ;0 ;0 ;0 ;0 ;0 ;
7.425467 ;0 ; ;0 ;0 ;0 ;0 ;0 ;0 ;0 ;0 ;0 ;
7.445467 ;0 ; ;0 ;0 ;0 ;0 ;0 ;0 ;0 ;0 ;0 ;
7.465466 ;0 ; ;0 ;0 ;0 ;0 ;0 ;0 ;0 ;0 ;0 ;
7.485466 ;0 ; ;0 ;0 ;0 ;0 ;0 ;0 ;0 ;0 ;0 ;
7.505466 ;0 ; ;0 ;0 ;0 ;0 ;0 ;0 ;0 ;0 ;0 ;
7.525467 ;0 ; ;0 ;0 ;0 ;0 ;0 ;0 ;0 ;0 ;0 ;
7.545465 ;0 ; ;0 ;0 ;0 ;0 ;0 ;0 ;0 ;0 ;0 ;
7.565466 ;0 ; ;0 ;0 ;0 ;0 ;0 ;0 ;0 ;0 ;0 ;
7.585466 ;0 ; ;0 ;0 ;0 ;0 ;0 ;0 ;0 ;0 ;0 ;
7.605467 ;0 ; ;0 ;0 ;0 ;0 ;0 ;0 ;0 ;0 ;0 ;
7.625467 ;0 ; ;0 ;0 ;0 ;0 ;0 ;0 ;0 ;0 ;0 ;
7.645466 ;0 ; ;0 ;0 ;0 ;0 ;0 ;0 ;0 ;0 ;0 ;
7.665466 ;0 ; ;0 ;0 ;0 ;0 ;0 ;0 ;0 ;0 ;0 ;
7.685467 ;0 ; ;0 ;0 ;0 ;0 ;0 ;0 ;0 ;0 ;0 ;
7.705467 ;0 ; ;0 ;0 ;0 ;0 ;0 ;0 ;0 ;0 ;0 ;
7.725466 ;0 ; ;0 ;0 ;0 ;0 ;0 ;0 ;0 ;0 ;0 ;
7.745466 ;0 ; ;0 ;0 ;0 ;0 ;0 ;0 ;0 ;0 ;0 ;
7.765467 ;0 ; ;0 ;0 ;0 ;0 ;0 ;0 ;0 ;0 ;0 ;
7.785467 ;0 ; ;0 ;0 ;0 ;0 ;0 ;0 ;0 ;0 ;0 ;
7.805466 ;0 ; ;0 ;0 ;0 ;0 ;0 ;0 ;0 ;0 ;0 ;
7.825466 ;0 ; ;0 ;0 ;0 ;0 ;0 ;0 ;0 ;0 ;0 ;
7.845467 ;0 ; ;0 ;0 ;0 ;0 ;0 ;0 ;0 ;0 ;0 ;
7.865467 ;0 ; ;0 ;0 ;0 ;0 ;0 ;0 ;0 ;0 ;0 ;
7.885466 ;0 ; ;0 ;0 ;0 ;0 ;0 ;0 ;0 ;0 ;0 ;
7.905466 ;0 ; ;0 ;0 ;0 ;0 ;0 ;0 ;0 ;0 ;0 ;
7.925467 ;0 ; ;0 ;0 ;0 ;0 ;0 ;0 ;0 ;0 ;0 ;
7.945467 ;0 ; ;0 ;0 ;0 ;0 ;0 ;0 ;0 ;0 ;0 ;
7.965466 ;0 ; ;0 ;0 ;0 ;0 ;0 ;0 ;0 ;0 ;0 ;
7.985466 ;0 ; ;0 ;0 ;0 ;0 ;0 ;0 ;0 ;0 ;0 ;
8.005466 ;0 ; ;0 ;0 ;0 ;0 ;0 ;0 ;0 ;0 ;0 ;
8.025467 ;0 ; ;0 ;0 ;0 ;0 ;0 ;0 ;0 ;0 ;0 ;
8.045465 ;0 ; ;0 ;0 ;0 ;0 ;0 ;0 ;0 ;0 ;0 ;
8.065466 ;0 ; ;0 ;0 ;0 ;0 ;0 ;0 ;0 ;0 ;0 ;
8.085466 ;0 ; ;0 ;0 ;0 ;0 ;0 ;0 ;0 ;0 ;0 ;
8.105467 ;0 ; ;0 ;0 ;0 ;0 ;0 ;0 ;0 ;0 ;0 ;
8.125467 ;0 ; ;0 ;0 ;0 ;0 ;0 ;0 ;0 ;0 ;0 ;
8.145466 ;0 ; ;0 ;0 ;0 ;0 ;0 ;0 ;0 ;0 ;0 ;
8.165466 ;0 ; ;0 ;0 ;0 ;0 ;0 ;0 ;0 ;0 ;0 ;
8.185467 ;0 ; ;0 ;0 ;0 ;0 ;0 ;0 ;0 ;0 ;0 ;
8.205467 ;0 ; ;0 ;0 ;0 ;0 ;0 ;0 ;0 ;0 ;0 ;
8.225466 ;0 ; ;0 ;0 ;0 ;0 ;0 ;0 ;0 ;0 ;0 ;
8.245466 ;0 ; ;0 ;0 ;0 ;0 ;0 ;0 ;0 ;0 ;0 ;
8.265467 ;0 ; ;0 ;0 ;0 ;0 ;0 ;0 ;0 ;0 ;0 ;
8.285467 ;0 ; ;0 ;0 ;0 ;0 ;0 ;0 ;0 ;0 ;0 ;
8.305466 ;0 ; ;0 ;0 ;0 ;0 ;0 ;0 ;0 ;0 ;0 ;
8.325466 ;0 ; ;0 ;0 ;0 ;0 ;0 ;0 ;0 ;0 ;0 ;
8.345467 ;0 ; ;0 ;0 ;0 ;0 ;0 ;0 ;0 ;0 ;0 ;
8.365467 ;0 ; ;0 ;0 ;0 ;0 ;0 ;0 ;0 ;0 ;0 ;
8.385466 ;0 ; ;0 ;0 ;0 ;0 ;0 ;0 ;0 ;0 ;0 ;
8.405466 ;0 ; ;0 ;0 ;0 ;0 ;0 ;0 ;0 ;0 ;0 ;
8.425467 ;0 ; ;0 ;0 ;0 ;0 ;0 ;0 ;0 ;0 ;0 ;
8.445467 ;0 ; ;0 ;0 ;0 ;0 ;0 ;0 ;0 ;0 ;0 ;
8.465466 ;0 ; ;0 ;0 ;0 ;0 ;0 ;0 ;0 ;0 ;0 ;
8.485466 ;0 ; ;0 ;0 ;0 ;0 ;0 ;0 ;0 ;0 ;0 ;
8.505466 ;0 ; ;0 ;0 ;0 ;0 ;0 ;0 ;0 ;0 ;0 ;
8.525467 ;0 ; ;0 ;0 ;0 ;0 ;0 ;0 ;0 ;0 ;0 ;
8.545465 ;0 ; ;0 ;0 ;0 ;0 ;0 ;0 ;0 ;0 ;0 ;
8.565466 ;0 ; ;0 ;0 ;0 ;0 ;0 ;0 ;0 ;0 ;0 ;
8.585466 ;0 ; ;0 ;0 ;0 ;0 ;0 ;0 ;0 ;0 ;0 ;
8.605467 ;0 ; ;0 ;0 ;0 ;0 ;0 ;0 ;0 ;0 ;0 ;
8.625467 ;0 ; ;0 ;0 ;0 ;0 ;0 ;0 ;0 ;0 ;0 ;
8.645466 ;0 ; ;0 ;0 ;0 ;0 ;0 ;0 ;0 ;0 ;0 ;
8.665466 ;0 ; ;0 ;0 ;0 ;0 ;0 ;0 ;0 ;0 ;0 ;
8.685467 ;0 ; ;0 ;0 ;0 ;0 ;0 ;0 ;0 ;0 ;0 ;
8.705467 ;0 ; ;0 ;0 ;0 ;0 ;0 ;0 ;0 ;0 ;0 ;
8.725466 ;0 ; ;0 ;0 ;0 ;0 ;0 ;0 ;0 ;0 ;0 ;
8.745466 ;0 ; ;0 ;0 ;0 ;0 ;0 ;0 ;0 ;0 ;0 ;
8.765467 ;0 ; ;0 ;0 ;0 ;0 ;0 ;0 ;0 ;0 ;0 ;
8.785467 ;0 ; ;0 ;0 ;0 ;0 ;0 ;0 ;0 ;0 ;0 ;
8.805466 ;0 ; ;0 ;0 ;0 ;0 ;0 ;0 ;0 ;0 ;0 ;
8.825466 ;0 ; ;0 ;0 ;0 ;0 ;0 ;0 ;0 ;0 ;0 ;
8.845467 ;0 ; ;0 ;0 ;0 ;0 ;0 ;0 ;0 ;0 ;0 ;
8.865467 ;0 ; ;0 ;0 ;0 ;0 ;0 ;0 ;0 ;0 ;0 ;
8.885466 ;0 ; ;0 ;0 ;0 ;0 ;0 ;0 ;0 ;0 ;0 ;
8.905466 ;0 ; ;0 ;0 ;0 ;0 ;0 ;0 ;0 ;0 ;0 ;
8.925467 ;0 ; ;0 ;0 ;0 ;0 ;0 ;0 ;0 ;0 ;0 ;
8.945467 ;0 ; ;0 ;0 ;0 ;0 ;0 ;0 ;0 ;0 ;0 ;
8.965466 ;0 ; ;0 ;0 ;0 ;0 ;0 ;0 ;0 ;0 ;0 ;
8.985466 ;0 ; ;0 ;0 ;0 ;0 ;0 ;0 ;0 ;0 ;0 ;
9.005466 ;0 ; ;0 ;0 ;0 ;0 ;0 ;0 ;0 ;0 ;0 ;
9.025467 ;0 ; ;0 ;0 ;0 ;0 ;0 ;0 ;0 ;0 ;0 ;
9.045465 ;0 ; ;0 ;0 ;0 ;0 ;0 ;0 ;0 ;0 ;0 ;
9.065466 ;0 ; ;0 ;0 ;0 ;0 ;0 ;0 ;0 ;0 ;0 ;
9.085466 ;0 ; ;0 ;0 ;0 ;0 ;0 ;0 ;0 ;0 ;0 ;
9.105467 ;0 ; ;0 ;0 ;0 ;0 ;0 ;0 ;0 ;0 ;0 ;
9.125467 ;0 ; ;0 ;0 ;0 ;0 ;0 ;0 ;0 ;0 ;0 ;
9.145466 ;0 ; ;0 ;0 ;0 ;0 ;0 ;0 ;0 ;0 ;0 ;
9.165466 ;0 ; ;0 ;0 ;0 ;0 ;0 ;0 ;0 ;0 ;0 ;
9.185467 ;0 ; ;0 ;0 ;0 ;0 ;0 ;0 ;0 ;0 ;0 ;
9.205467 ;0 ; ;0 ;0 ;0 ;0 ;0 ;0 ;0 ;0 ;0 ;
9.225466 ;0 ; ;0 ;0 ;0 ;0 ;0 ;0 ;0 ;0 ;0 ;
9.245466 ;0 ; ;0 ;0 ;0 ;0 ;0 ;0 ;0 ;0 ;0 ;
9.265467 ;0 ; ;0 ;0 ;0 ;0 ;0 ;0 ;0 ;0 ;0 ;
9.285467 ;0 ; ;0 ;0 ;0 ;0 ;0 ;0 ;0 ;0 ;0 ;
9.305466 ;0 ; ;0 ;0 ;0 ;0 ;0 ;0 ;0 ;0 ;0 ;
9.325466 ;0 ; ;0 ;0 ;0 ;0 ;0 ;0 ;0 ;0 ;0 ;
9.345467 ;0 ; ;0 ;0 ;0 ;0 ;0 ;0 ;0 ;0 ;0 ;
9.365467 ;0 ; ;0 ;0 ;0 ;0 ;0 ;0 ;0 ;0 ;0 ;
9.385466 ;0 ; ;0 ;0 ;0 ;0 ;0 ;0 ;0 ;0 ;0 ;
9.405466 ;0 ; ;0 ;0 ;0 ;0 ;0 ;0 ;0 ;0 ;0 ;
9.425467 ;0 ; ;0 ;0 ;0 ;0 ;0 ;0 ;0 ;0 ;0 ;
9.445467 ;0 ; ;0 ;0 ;0 ;0 ;0 ;0 ;0 ;0 ;0 ;
9.465466 ;0 ; ;0 ;0 ;0 ;0 ;0 ;0 ;0 ;0 ;0 ;
9.485466 ;0 ; ;0 ;0 ;0 ;0 ;0 ;0 ;0 ;0 ;0 ;
9.505466 ;0 ; ;0 ;0 ;0 ;0 ;0 ;0 ;0 ;0 ;0 ;
9.525467 ;0 ; ;0 ;0 ;0 ;0 ;0 ;0 ;0 ;0 ;0 ;
9.545465 ;0 ; ;0 ;0 ;0 ;0 ;0 ;0 ;0 ;0 ;0 ;
9.565466 ;0 ; ;0 ;0 ;0 ;0 ;0 ;0 ;0 ;0 ;0 ;
9.585466 ;0 ; ;0 ;0 ;0 ;0 ;0 ;0 ;0 ;0 ;0 ;
9.605467 ;0 ; ;0 ;0 ;0 ;0 ;0 ;0 ;0 ;0 ;0 ;
9.625467 ;0 ; ;0 ;0 ;0 ;0 ;0 ;0 ;0 ;0 ;0 ;
9.645466 ;0 ; ;0 ;0 ;0 ;0 ;0 ;0 ;0 ;0 ;0 ;
9.665466 ;0 ; ;0 ;0 ;0 ;0 ;0 ;0 ;0 ;0 ;0 ;
9.685467 ;0 ; ;0 ;0 ;0 ;0 ;0 ;0 ;0 ;0 ;0 ;
9.705467 ;0 ; ;0 ;0 ;0 ;0 ;0 ;0 ;0 ;0 ;0 ;
9.725466 ;0 ; ;0 ;0 ;0 ;0 ;0 ;0 ;0 ;0 ;0 ;
9.745466 ;0 ; ;0 ;0 ;0 ;0 ;0 ;0 ;0 ;0 ;0 ;
9.765467 ;0 ; ;0 ;0 ;0 ;0 ;0 ;0 ;0 ;0 ;0 ;
9.785467 ;0 ; ;0 ;0 ;0 ;0 ;0 ;0 ;0 ;0 ;0 ;
9.805466 ;0 ; ;0 ;0 ;0 ;0 ;0 ;0 ;0 ;0 ;0 ;
9.825466 ;0 ; ;0 ;0 ;0 ;0 ;0 ;0 ;0 ;0 ;0 ;
9.845467 ;0 ; ;0 ;0 ;0 ;0 ;0 ;0 ;0 ;0 ;0 ;
9.865467 ;0 ; ;0 ;0 ;0 ;0 ;0 ;0 ;0 ;0 ;0 ;
9.885466 ;0 ; ;0 ;0 ;0 ;0 ;0 ;0 ;0 ;0 ;0 ;
9.905466 ;0 ; ;0 ;0 ;0 ;0 ;0 ;0 ;0 ;0 ;0 ;
9.925467 ;0 ; ;0 ;0 ;0 ;0 ;0 ;0 ;0 ;0 ;0 ;
9.945467 ;0 ; ;0 ;0 ;0 ;0 ;0 ;0 ;0 ;0 ;0 ;
9.965466 ;0 ; ;0 ;0 ;0 ;0 ;0 ;0 ;0 ;0 ;0 ;
9.985466 ;0 ; ;0 ;0 ;0 ;0 ;0 ;0 ;0 ;0 ;0 ;
10.00547 ;0 ; ;0 ;0 ;0 ;0 ;0 ;0 ;0 ;0 ;0 ;
10.02547 ;0 ; ;0 ;0 ;0 ;0 ;0 ;0 ;0 ;0 ;0 ;
10.04547 ;0 ; ;0 ;0 ;0 ;0 ;0 ;0 ;0 ;0 ;0 ;
10.06547 ;0 ; ;0 ;0 ;0 ;0 ;0 ;0 ;0 ;0 ;0 ;
10.08547 ;0 ; ;0 ;0 ;0 ;0 ;0 ;0 ;0 ;0 ;0 ;
10.10547 ;0 ; ;0 ;0 ;0 ;0 ;0 ;0 ;0 ;0 ;0 ;
10.12547 ;0 ; ;0 ;0 ;0 ;0 ;0 ;0 ;0 ;0 ;0 ;
10.14547 ;0 ; ;0 ;0 ;0 ;0 ;0 ;0 ;0 ;0 ;0 ;
10.16547 ;0 ; ;0 ;0 ;0 ;0 ;0 ;0 ;0 ;0 ;0 ;
10.18547 ;0 ; ;0 ;0 ;0 ;0 ;0 ;0 ;0 ;0 ;0 ;
10.20547 ;0 ; ;0 ;0 ;0 ;0 ;0 ;0 ;0 ;0 ;0 ;
10.22547 ;0 ; ;0 ;0 ;0 ;0 ;0 ;0 ;0 ;0 ;0 ;
10.24547 ;0 ; ;0 ;0 ;0 ;0 ;0 ;0 ;0 ;0 ;0 ;
10.26547 ;0 ; ;0 ;0 ;0 ;0 ;0 ;0 ;0 ;0 ;0 ;
10.28547 ;0 ; ;0 ;0 ;0 ;0 ;0 ;0 ;0 ;0 ;0 ;
10.30547 ;0 ; ;0 ;0 ;0 ;0 ;0 ;0 ;0 ;0 ;0 ;
10.32547 ;0 ; ;0 ;0 ;0 ;0 ;0 ;0 ;0 ;0 ;0 ;
10.34547 ;0 ; ;0 ;0 ;0 ;0 ;0 ;0 ;0 ;0 ;0 ;
10.36547 ;0 ; ;0 ;0 ;0 ;0 ;0 ;0 ;0 ;0 ;0 ;
10.38547 ;0 ; ;0 ;0 ;0 ;0 ;0 ;0 ;0 ;0 ;0 ;
10.40547 ;0 ; ;0 ;0 ;0 ;0 ;0 ;0 ;0 ;0 ;0 ;
10.42547 ;0 ; ;0 ;0 ;0 ;0 ;0 ;0 ;0 ;0 ;0 ;
10.44547 ;0 ; ;0 ;0 ;0 ;0 ;0 ;0 ;0 ;0 ;0 ;
10.46547 ;0 ; ;0 ;0 ;0 ;0 ;0 ;0 ;0 ;0 ;0 ;
10.48547 ;0 ; ;0 ;0 ;0 ;0 ;0 ;0 ;0 ;0 ;0 ;
10.50547 ;0 ; ;0 ;0 ;0 ;0 ;0 ;0 ;0 ;0 ;0 ;
10.52547 ;0 ; ;0 ;0 ;0 ;0 ;0 ;0 ;0 ;0 ;0 ;
10.54547 ;0 ; ;0 ;0 ;0 ;0 ;0 ;0 ;0 ;0 ;0 ;
10.56547 ;0 ; ;0 ;0 ;0 ;0 ;0 ;0 ;0 ;0 ;0 ;
10.58547 ;0 ; ;0 ;0 ;0 ;0 ;0 ;0 ;0 ;0 ;0 ;
10.60547 ;0 ; ;0 ;0 ;0 ;0 ;0 ;0 ;0 ;0 ;0 ;
10.62547 ;0 ; ;0 ;0 ;0 ;0 ;0 ;0 ;0 ;0 ;0 ;
10.64547 ;0 ; ;0 ;0 ;0 ;0 ;0 ;0 ;0 ;0 ;0 ;
10.66547 ;0 ; ;0 ;0 ;0 ;0 ;0 ;0 ;0 ;0 ;0 ;
10.68547 ;0 ; ;0 ;0 ;0 ;0 ;0 ;0 ;0 ;0 ;0 ;
10.70547 ;0 ; ;0 ;0 ;0 ;0 ;0 ;0 ;0 ;0 ;0 ;
10.72547 ;0 ; ;0 ;0 ;0 ;0 ;0 ;0 ;0 ;0 ;0 ;
10.74547 ;0 ; ;0 ;0 ;0 ;0 ;0 ;0 ;0 ;0 ;0 ;
10.76547 ;0 ; ;0 ;0 ;0 ;0 ;0 ;0 ;0 ;0 ;0 ;
10.78547 ;0 ; ;0 ;0 ;0 ;0 ;0 ;0 ;0 ;0 ;0 ;
10.80547 ;0 ; ;0 ;0 ;0 ;0 ;0 ;0 ;0 ;0 ;0 ;
10.82547 ;0 ; ;0 ;0 ;0 ;0 ;0 ;0 ;0 ;0 ;0 ;
10.84547 ;0 ; ;0 ;0 ;0 ;0 ;0 ;0 ;0 ;0 ;0 ;
10.86547 ;0 ; ;0 ;0 ;0 ;0 ;0 ;0 ;0 ;0 ;0 ;
10.88547 ;0 ; ;0 ;0 ;0 ;0 ;0 ;0 ;0 ;0 ;0 ;
10.90547 ;0 ; ;0 ;0 ;0 ;0 ;0 ;0 ;0 ;0 ;0 ;
10.92547 ;0 ; ;0 ;0 ;0 ;0 ;0 ;0 ;0 ;0 ;0 ;
10.94547 ;0 ; ;0 ;0 ;0 ;0 ;0 ;0 ;0 ;0 ;0 ;
10.96547 ;0 ; ;0 ;0 ;0 ;0 ;0 ;0 ;0 ;0 ;0 ;
10.98547 ;0 ; ;0 ;0 ;0 ;0 ;0 ;0 ;0 ;0 ;0 ;
11.00547 ;0 ; ;0 ;0 ;0 ;0 ;0 ;0 ;0 ;0 ;0 ;
11.02547 ;0 ; ;0 ;0 ;0 ;0 ;0 ;0 ;0 ;0 ;0 ;
11.04547 ;0 ; ;0 ;0 ;0 ;0 ;0 ;0 ;0 ;0 ;0 ;
11.06547 ;0 ; ;0 ;0 ;0 ;0 ;0 ;0 ;0 ;0 ;0 ;
11.08547 ;0 ; ;0 ;0 ;0 ;0 ;0 ;0 ;0 ;0 ;0 ;
11.10547 ;0 ; ;0 ;0 ;0 ;0 ;0 ;0 ;0 ;0 ;0 ;
11.12547 ;0 ; ;0 ;0 ;0 ;0 ;0 ;0 ;0 ;0 ;0 ;
11.14547 ;0 ; ;0 ;0 ;0 ;0 ;0 ;0 ;0 ;0 ;0 ;
11.16547 ;0 ; ;0 ;0 ;0 ;0 ;0 ;0 ;0 ;0 ;0 ;
11.18547 ;0 ; ;0 ;0 ;0 ;0 ;0 ;0 ;0 ;0 ;0 ;
11.20547 ;0 ; ;0 ;0 ;0 ;0 ;0 ;0 ;0 ;0 ;0 ;
11.22547 ;0 ; ;0 ;0 ;0 ;0 ;0 ;0 ;0 ;0 ;0 ;
11.24547 ;0 ; ;0 ;0 ;0 ;0 ;0 ;0 ;0 ;0 ;0 ;
11.26547 ;0 ; ;0 ;0 ;0 ;0 ;0 ;0 ;0 ;0 ;0 ;
11.28547 ;0 ; ;0 ;0 ;0 ;0 ;0 ;0 ;0 ;0 ;0 ;
11.30547 ;0 ; ;0 ;0 ;0 ;0 ;0 ;0 ;0 ;0 ;0 ;
11.32547 ;0 ; ;0 ;0 ;0 ;0 ;0 ;0 ;0 ;0 ;0 ;
11.34547 ;0 ; ;0 ;0 ;0 ;0 ;0 ;0 ;0 ;0 ;0 ;
11.36547 ;0 ; ;0 ;0 ;0 ;0 ;0 ;0 ;0 ;0 ;0 ;
11.38547 ;0 ; ;0 ;0 ;0 ;0 ;0 ;0 ;0 ;0 ;0 ;
11.40547 ;0 ; ;0 ;0 ;0 ;0 ;0 ;0 ;0 ;0 ;0 ;
11.42547 ;0 ; ;0 ;0 ;0 ;0 ;0 ;0 ;0 ;0 ;0 ;
11.44547 ;0 ; ;0 ;0 ;0 ;0 ;0 ;0 ;0 ;0 ;0 ;
11.46547 ;0 ; ;0 ;0 ;0 ;0 ;0 ;0 ;0 ;0 ;0 ;
11.48547 ;0 ; ;0 ;0 ;0 ;0 ;0 ;0 ;0 ;0 ;0 ;
11.50547 ;0 ; ;0 ;0 ;0 ;0 ;0 ;0 ;0 ;0 ;0 ;
11.52547 ;0 ; ;0 ;0 ;0 ;0 ;0 ;0 ;0 ;0 ;0 ;
11.54547 ;0 ; ;0 ;0 ;0 ;0 ;0 ;0 ;0 ;0 ;0 ;
11.56547 ;0 ; ;0 ;0 ;0 ;0 ;0 ;0 ;0 ;0 ;0 ;
11.58547 ;0 ; ;0 ;0 ;0 ;0 ;0 ;0 ;0 ;0 ;0 ;
11.60547 ;0 ; ;0 ;0 ;0 ;0 ;0 ;0 ;0 ;0 ;0 ;
11.62547 ;0 ; ;0 ;0 ;0 ;0 ;0 ;0 ;0 ;0 ;0 ;
11.64547 ;0 ; ;0 ;0 ;0 ;0 ;0 ;0 ;0 ;0 ;0 ;
11.66547 ;0 ; ;0 ;0 ;0 ;0 ;0 ;0 ;0 ;0 ;0 ;
11.68547 ;0 ; ;0 ;0 ;0 ;0 ;0 ;0 ;0 ;0 ;0 ;
11.70547 ;0 ; ;0 ;0 ;0 ;0 ;0 ;0 ;0 ;0 ;0 ;
11.72547 ;0 ; ;0 ;0 ;0 ;0 ;0 ;0 ;0 ;0 ;0 ;
11.74547 ;0 ; ;0 ;0 ;0 ;0 ;0 ;0 ;0 ;0 ;0 ;
11.76547 ;0 ; ;0 ;0 ;0 ;0 ;0 ;0 ;0 ;0 ;0 ;
11.78547 ;0 ; ;0 ;0 ;0 ;0 ;0 ;0 ;0 ;0 ;0 ;
11.80547 ;0 ; ;0 ;0 ;0 ;0 ;0 ;0 ;0 ;0 ;0 ;
11.82547 ;0 ; ;0 ;0 ;0 ;0 ;0 ;0 ;0 ;0 ;0 ;
11.84547 ;0 ; ;0 ;0 ;0 ;0 ;0 ;0 ;0 ;0 ;0 ;
11.86547 ;0 ; ;0 ;0 ;0 ;0 ;0 ;0 ;0 ;0 ;0 ;
11.88547 ;0 ; ;0 ;0 ;0 ;0 ;0 ;0 ;0 ;0 ;0 ;
11.90547 ;0 ; ;0 ;0 ;0 ;0 ;0 ;0 ;0 ;0 ;0 ;
11.92547 ;0 ; ;0 ;0 ;0 ;0 ;0 ;0 ;0 ;0 ;0 ;
11.94547 ;0 ; ;0 ;0 ;0 ;0 ;0 ;0 ;0 ;0 ;0 ;
11.96547 ;0 ; ;0 ;0 ;0 ;0 ;0 ;0 ;0 ;0 ;0 ;
11.98547 ;0 ; ;0 ;0 ;0 ;0 ;0 ;0 ;0 ;0 ;0 ;
12.00547 ;0 ; ;0 ;0 ;0 ;0 ;0 ;0 ;0 ;0 ;0 ;
12.02547 ;0 ; ;0 ;0 ;0 ;0 ;0 ;0 ;0 ;0 ;0 ;
12.04547 ;0 ; ;0 ;0 ;0 ;0 ;0 ;0 ;0 ;0 ;0 ;
12.06547 ;0 ; ;0 ;0 ;0 ;0 ;0 ;0 ;0 ;0 ;0 ;
12.08547 ;0 ; ;0 ;0 ;0 ;0 ;0 ;0 ;0 ;0 ;0 ;
12.10547 ;0 ; ;0 ;0 ;0 ;0 ;0 ;0 ;0 ;0 ;0 ;
12.12547 ;0 ; ;0 ;0 ;0 ;0 ;0 ;0 ;0 ;0 ;0 ;
12.14547 ;0 ; ;0 ;0 ;0 ;0 ;0 ;0 ;0 ;0 ;0 ;
12.16547 ;0 ; ;0 ;0 ;0 ;0 ;0 ;0 ;0 ;0 ;0 ;
12.18547 ;0 ; ;0 ;0 ;0 ;0 ;0 ;0 ;0 ;0 ;0 ;
12.20547 ;0 ; ;0 ;0 ;0 ;0 ;0 ;0 ;0 ;0 ;0 ;
12.22547 ;0 ; ;0 ;0 ;0 ;0 ;0 ;0 ;0 ;0 ;0 ;
12.24547 ;0 ; ;0 ;0 ;0 ;0 ;0 ;0 ;0 ;0 ;0 ;
12.26547 ;0 ; ;0 ;0 ;0 ;0 ;0 ;0 ;0 ;0 ;0 ;
12.28547 ;0 ; ;0 ;0 ;0 ;0 ;0 ;0 ;0 ;0 ;0 ;
12.30547 ;0 ; ;0 ;0 ;0 ;0 ;0 ;0 ;0 ;0 ;0 ;
12.32547 ;0 ; ;0 ;0 ;0 ;0 ;0 ;0 ;0 ;0 ;0 ;
12.34547 ;0 ; ;0 ;0 ;0 ;0 ;0 ;0 ;0 ;0 ;0 ;
12.36547 ;0 ; ;0 ;0 ;0 ;0 ;0 ;0 ;0 ;0 ;0 ;
12.38547 ;0 ; ;0 ;0 ;0 ;0 ;0 ;0 ;0 ;0 ;0 ;
12.40547 ;0 ; ;0 ;0 ;0 ;0 ;0 ;0 ;0 ;0 ;0 ;
12.42547 ;0 ; ;0 ;0 ;0 ;0 ;0 ;0 ;0 ;0 ;0 ;
12.44547 ;0 ; ;0 ;0 ;0 ;0 ;0 ;0 ;0 ;0 ;0 ;
12.46547 ;0 ; ;0 ;0 ;0 ;0 ;0 ;0 ;0 ;0 ;0 ;
12.48547 ;0 ; ;0 ;0 ;0 ;0 ;0 ;0 ;0 ;0 ;0 ;
12.50547 ;0 ; ;0 ;0 ;0 ;0 ;0 ;0 ;0 ;0 ;0 ;
12.52547 ;0 ; ;0 ;0 ;0 ;0 ;0 ;0 ;0 ;0 ;0 ;
12.54547 ;0 ; ;0 ;0 ;0 ;0 ;0 ;0 ;0 ;0 ;0 ;
12.56547 ;0 ; ;0 ;0 ;0 ;0 ;0 ;0 ;0 ;0 ;0 ;
12.58547 ;0 ; ;0 ;0 ;0 ;0 ;0 ;0 ;0 ;0 ;0 ;
12.60547 ;0 ; ;0 ;0 ;0 ;0 ;0 ;0 ;0 ;0 ;0 ;
12.62547 ;0 ; ;0 ;0 ;0 ;0 ;0 ;0 ;0 ;0 ;0 ;
12.64547 ;0 ; ;0 ;0 ;0 ;0 ;0 ;0 ;0 ;0 ;0 ;
12.66547 ;0 ; ;0 ;0 ;0 ;0 ;0 ;0 ;0 ;0 ;0 ;
12.68547 ;0 ; ;0 ;0 ;0 ;0 ;0 ;0 ;0 ;0 ;0 ;
12.70547 ;0 ; ;0 ;0 ;0 ;0 ;0 ;0 ;0 ;0 ;0 ;
12.72547 ;0 ; ;0 ;0 ;0 ;0 ;0 ;0 ;0 ;0 ;0 ;
12.74547 ;0 ; ;0 ;0 ;0 ;0 ;0 ;0 ;0 ;0 ;0 ;
12.76547 ;0 ; ;0 ;0 ;0 ;0 ;0 ;0 ;0 ;0 ;0 ;
12.78547 ;0 ; ;0 ;0 ;0 ;0 ;0 ;0 ;0 ;0 ;0 ;
12.80547 ;0 ; ;0 ;0 ;0 ;0 ;0 ;0 ;0 ;0 ;0 ;
12.82547 ;0 ; ;0 ;0 ;0 ;0 ;0 ;0 ;0 ;0 ;0 ;
12.84547 ;0 ; ;0 ;0 ;0 ;0 ;0 ;0 ;0 ;0 ;0 ;
12.86547 ;0 ; ;0 ;0 ;0 ;0 ;0 ;0 ;0 ;0 ;0 ;
12.88547 ;0 ; ;0 ;0 ;0 ;0 ;0 ;0 ;0 ;0 ;0 ;
12.90547 ;0 ; ;0 ;0 ;0 ;0 ;0 ;0 ;0 ;0 ;0 ;
12.92547 ;0 ; ;0 ;0 ;0 ;0 ;0 ;0 ;0 ;0 ;0 ;
12.94547 ;0 ; ;0 ;0 ;0 ;0 ;0 ;0 ;0 ;0 ;0 ;
12.96547 ;0 ; ;0 ;0 ;0 ;0 ;0 ;0 ;0 ;0 ;0 ;
12.98547 ;0 ; ;0 ;0 ;0 ;0 ;0 ;0 ;0 ;0 ;0 ;
13.00547 ;0 ; ;0 ;0 ;0 ;0 ;0 ;0 ;0 ;0 ;0 ;
13.02547 ;0 ; ;0 ;0 ;0 ;0 ;0 ;0 ;0 ;0 ;0 ;
13.04547 ;0 ; ;0 ;0 ;0 ;0 ;0 ;0 ;0 ;0 ;0 ;
13.06547 ;0 ; ;0 ;0 ;0 ;0 ;0 ;0 ;0 ;0 ;0 ;
13.08547 ;0 ; ;0 ;0 ;0 ;0 ;0 ;0 ;0 ;0 ;0 ;
13.10547 ;0 ; ;0 ;0 ;0 ;0 ;0 ;0 ;0 ;0 ;0 ;
13.12547 ;0 ; ;0 ;0 ;0 ;0 ;0 ;0 ;0 ;0 ;0 ;
13.14547 ;0 ; ;0 ;0 ;0 ;0 ;0 ;0 ;0 ;0 ;0 ;
13.16547 ;0 ; ;0 ;0 ;0 ;0 ;0 ;0 ;0 ;0 ;0 ;
13.18547 ;0 ; ;0 ;0 ;0 ;0 ;0 ;0 ;0 ;0 ;0 ;
13.20547 ;0 ; ;0 ;0 ;0 ;0 ;0 ;0 ;0 ;0 ;0 ;
13.22547 ;0 ; ;0 ;0 ;0 ;0 ;0 ;0 ;0 ;0 ;0 ;
13.24547 ;0 ; ;0 ;0 ;0 ;0 ;0 ;0 ;0 ;0 ;0 ;
13.26547 ;0 ; ;0 ;0 ;0 ;0 ;0 ;0 ;0 ;0 ;0 ;
13.28547 ;0 ; ;0 ;0 ;0 ;0 ;0 ;0 ;0 ;0 ;0 ;
13.30547 ;0 ; ;0 ;0 ;0 ;0 ;0 ;0 ;0 ;0 ;0 ;
13.32547 ;0 ; ;0 ;0 ;0 ;0 ;0 ;0 ;0 ;0 ;0 ;
13.34547 ;0 ; ;0 ;0 ;0 ;0 ;0 ;0 ;0 ;0 ;0 ;
13.36547 ;0 ; ;0 ;0 ;0 ;0 ;0 ;0 ;0 ;0 ;0 ;
13.38547 ;0 ; ;0 ;0 ;0 ;0 ;0 ;0 ;0 ;0 ;0 ;
13.40547 ;0 ; ;0 ;0 ;0 ;0 ;0 ;0 ;0 ;0 ;0 ;
13.42547 ;0 ; ;0 ;0 ;0 ;0 ;0 ;0 ;0 ;0 ;0 ;
13.44547 ;0 ; ;0 ;0 ;0 ;0 ;0 ;0 ;0 ;0 ;0 ;
13.46547 ;0 ; ;0 ;0 ;0 ;0 ;0 ;0 ;0 ;0 ;0 ;
13.48547 ;0 ; ;0 ;0 ;0 ;0 ;0 ;0 ;0 ;0 ;0 ;
13.50547 ;0 ; ;0 ;0 ;0 ;0 ;0 ;0 ;0 ;0 ;0 ;
13.52547 ;0 ; ;0 ;0 ;0 ;0 ;0 ;0 ;0 ;0 ;0 ;
13.54547 ;0 ; ;0 ;0 ;0 ;0 ;0 ;0 ;0 ;0 ;0 ;
13.56547 ;0 ; ;0 ;0 ;0 ;0 ;0 ;0 ;0 ;0 ;0 ;
13.58547 ;0 ; ;0 ;0 ;0 ;0 ;0 ;0 ;0 ;0 ;0 ;
13.60547 ;0 ; ;0 ;0 ;0 ;0 ;0 ;0 ;0 ;0 ;0 ;
13.62547 ;0 ; ;0 ;0 ;0 ;0 ;0 ;0 ;0 ;0 ;0 ;
13.64547 ;0 ; ;0 ;0 ;0 ;0 ;0 ;0 ;0 ;0 ;0 ;
13.66547 ;0 ; ;0 ;0 ;0 ;0 ;0 ;0 ;0 ;0 ;0 ;
13.68547 ;0 ; ;0 ;0 ;0 ;0 ;0 ;0 ;0 ;0 ;0 ;
13.70547 ;0 ; ;0 ;0 ;0 ;0 ;0 ;0 ;0 ;0 ;0 ;
13.72547 ;0 ; ;0 ;0 ;0 ;0 ;0 ;0 ;0 ;0 ;0 ;
13.74547 ;0 ; ;0 ;0 ;0 ;0 ;0 ;0 ;0 ;0 ;0 ;
13.76547 ;0 ; ;0 ;0 ;0 ;0 ;0 ;0 ;0 ;0 ;0 ;
13.78547 ;0 ; ;0 ;0 ;0 ;0 ;0 ;0 ;0 ;0 ;0 ;
13.80547 ;0 ; ;0 ;0 ;0 ;0 ;0 ;0 ;0 ;0 ;0 ;
13.82547 ;0 ; ;0 ;0 ;0 ;0 ;0 ;0 ;0 ;0 ;0 ;
13.84547 ;0 ; ;0 ;0 ;0 ;0 ;0 ;0 ;0 ;0 ;0 ;
13.86547 ;0 ; ;0 ;0 ;0 ;0 ;0 ;0 ;0 ;0 ;0 ;
13.88547 ;0 ; ;0 ;0 ;0 ;0 ;0 ;0 ;0 ;0 ;0 ;
13.90547 ;0 ; ;0 ;0 ;0 ;0 ;0 ;0 ;0 ;0 ;0 ;
13.92547 ;0 ; ;0 ;0 ;0 ;0 ;0 ;0 ;0 ;0 ;0 ;
13.94547 ;0 ; ;0 ;0 ;0 ;0 ;0 ;0 ;0 ;0 ;0 ;
13.96547 ;0 ; ;0 ;0 ;0 ;0 ;0 ;0 ;0 ;0 ;0 ;
13.98547 ;0 ; ;0 ;0 ;0 ;0 ;0 ;0 ;0 ;0 ;0 ;
14.00547 ;0 ; ;0 ;0 ;0 ;0 ;0 ;0 ;0 ;0 ;0 ;
14.02547 ;0 ; ;0 ;0 ;0 ;0 ;0 ;0 ;0 ;0 ;0 ;
14.04547 ;0 ; ;0 ;0 ;0 ;0 ;0 ;0 ;0 ;0 ;0 ;
14.06547 ;0 ; ;0 ;0 ;0 ;0 ;0 ;0 ;0 ;0 ;0 ;
14.08547 ;0 ; ;0 ;0 ;0 ;0 ;0 ;0 ;0 ;0 ;0 ;
14.10547 ;0 ; ;0 ;0 ;0 ;0 ;0 ;0 ;0 ;0 ;0 ;
14.12547 ;0 ; ;0 ;0 ;0 ;0 ;0 ;0 ;0 ;0 ;0 ;
14.14547 ;0 ; ;0 ;0 ;0 ;0 ;0 ;0 ;0 ;0 ;0 ;
14.16547 ;0 ; ;0 ;0 ;0 ;0 ;0 ;0 ;0 ;0 ;0 ;
14.18547 ;0 ; ;0 ;0 ;0 ;0 ;0 ;0 ;0 ;0 ;0 ;
14.20547 ;0 ; ;0 ;0 ;0 ;0 ;0 ;0 ;0 ;0 ;0 ;
14.22547 ;0 ; ;0 ;0 ;0 ;0 ;0 ;0 ;0 ;0 ;0 ;
14.24547 ;0 ; ;0 ;0 ;0 ;0 ;0 ;0 ;0 ;0 ;0 ;
14.26547 ;0 ; ;0 ;0 ;0 ;0 ;0 ;0 ;0 ;0 ;0 ;
14.28547 ;0 ; ;0 ;0 ;0 ;0 ;0 ;0 ;0 ;0 ;0 ;
14.30547 ;0 ; ;0 ;0 ;0 ;0 ;0 ;0 ;0 ;0 ;0 ;
14.32547 ;0 ; ;0 ;0 ;0 ;0 ;0 ;0 ;0 ;0 ;0 ;
14.34547 ;0 ; ;0 ;0 ;0 ;0 ;0 ;0 ;0 ;0 ;0 ;
14.36547 ;0 ; ;0 ;0 ;0 ;0 ;0 ;0 ;0 ;0 ;0 ;
14.38547 ;0 ; ;0 ;0 ;0 ;0 ;0 ;0 ;0 ;0 ;0 ;
14.40547 ;0 ; ;0 ;0 ;0 ;0 ;0 ;0 ;0 ;0 ;0 ;
14.42547 ;0 ; ;0 ;0 ;0 ;0 ;0 ;0 ;0 ;0 ;0 ;
14.44547 ;0 ; ;0 ;0 ;0 ;0 ;0 ;0 ;0 ;0 ;0 ;
14.46547 ;0 ; ;0 ;0 ;0 ;0 ;0 ;0 ;0 ;0 ;0 ;
14.48547 ;0 ; ;0 ;0 ;0 ;0 ;0 ;0 ;0 ;0 ;0 ;
14.50547 ;0 ; ;0 ;0 ;0 ;0 ;0 ;0 ;0 ;0 ;0 ;
14.52547 ;0 ; ;0 ;0 ;0 ;0 ;0 ;0 ;0 ;0 ;0 ;
14.54547 ;0 ; ;0 ;0 ;0 ;0 ;0 ;0 ;0 ;0 ;0 ;
14.56547 ;0 ; ;0 ;0 ;0 ;0 ;0 ;0 ;0 ;0 ;0 ;
14.58547 ;0 ; ;0 ;0 ;0 ;0 ;0 ;0 ;0 ;0 ;0 ;
14.60547 ;0 ; ;0 ;0 ;0 ;0 ;0 ;0 ;0 ;0 ;0 ;
14.62547 ;0 ; ;0 ;0 ;0 ;0 ;0 ;0 ;0 ;0 ;0 ;
14.64547 ;0 ; ;0 ;0 ;0 ;0 ;0 ;0 ;0 ;0 ;0 ;
14.66547 ;0 ; ;0 ;0 ;0 ;0 ;0 ;0 ;0 ;0 ;0 ;
14.68547 ;0 ; ;0 ;0 ;0 ;0 ;0 ;0 ;0 ;0 ;0 ;
14.70547 ;0 ; ;0 ;0 ;0 ;0 ;0 ;0 ;0 ;0 ;0 ;
14.72547 ;0 ; ;0 ;0 ;0 ;0 ;0 ;0 ;0 ;0 ;0 ;
14.74547 ;0 ; ;0 ;0 ;0 ;0 ;0 ;0 ;0 ;0 ;0 ;
14.76547 ;0 ; ;0 ;0 ;0 ;0 ;0 ;0 ;0 ;0 ;0 ;
14.78547 ;0 ; ;0 ;0 ;0 ;0 ;0 ;0 ;0 ;0 ;0 ;
14.80547 ;0 ; ;0 ;0 ;0 ;0 ;0 ;0 ;0 ;0 ;0 ;
14.82547 ;0 ; ;0 ;0 ;0 ;0 ;0 ;0 ;0 ;0 ;0 ;
14.84547 ;0 ; ;0 ;0 ;0 ;0 ;0 ;0 ;0 ;0 ;0 ;
14.86547 ;0 ; ;0 ;0 ;0 ;0 ;0 ;0 ;0 ;0 ;0 ;
14.88547 ;0 ; ;0 ;0 ;0 ;0 ;0 ;0 ;0 ;0 ;0 ;
14.90547 ;0 ; ;0 ;0 ;0 ;0 ;0 ;0 ;0 ;0 ;0 ;
14.92547 ;0 ; ;0 ;0 ;0 ;0 ;0 ;0 ;0 ;0 ;0 ;
14.94547 ;0 ; ;0 ;0 ;0 ;0 ;0 ;0 ;0 ;0 ;0 ;
14.96547 ;0 ; ;0 ;0 ;0 ;0 ;0 ;0 ;0 ;0 ;0 ;
14.98547 ;0 ; ;0 ;0 ;0 ;0 ;0 ;0 ;0 ;0 ;0 ;
15.00547 ;0 ; ;0 ;0 ;0 ;0 ;0 ;0 ;0 ;0 ;0 ;
15.02547 ;0 ; ;0 ;0 ;0 ;0 ;0 ;0 ;0 ;0 ;0 ;
15.04547 ;0 ; ;0 ;0 ;0 ;0 ;0 ;0 ;0 ;0 ;0 ;
15.06547 ;0 ; ;0 ;0 ;0 ;0 ;0 ;0 ;0 ;0 ;0 ;
15.08547 ;0 ; ;0 ;0 ;0 ;0 ;0 ;0 ;0 ;0 ;0 ;
15.10547 ;0 ; ;0 ;0 ;0 ;0 ;0 ;0 ;0 ;0 ;0 ;
15.12547 ;0 ; ;0 ;0 ;0 ;0 ;0 ;0 ;0 ;0 ;0 ;
15.14547 ;0 ; ;0 ;0 ;0 ;0 ;0 ;0 ;0 ;0 ;0 ;
15.16547 ;0 ; ;0 ;0 ;0 ;0 ;0 ;0 ;0 ;0 ;0 ;
15.18547 ;0 ; ;0 ;0 ;0 ;0 ;0 ;0 ;0 ;0 ;0 ;
15.20547 ;0 ; ;0 ;0 ;0 ;0 ;0 ;0 ;0 ;0 ;0 ;
15.22547 ;0 ; ;0 ;0 ;0 ;0 ;0 ;0 ;0 ;0 ;0 ;
15.24547 ;0 ; ;0 ;0 ;0 ;0 ;0 ;0 ;0 ;0 ;0 ;
15.26547 ;0 ; ;0 ;0 ;0 ;0 ;0 ;0 ;0 ;0 ;0 ;
15.28547 ;0 ; ;0 ;0 ;0 ;0 ;0 ;0 ;0 ;0 ;0 ;
15.30547 ;0 ; ;0 ;0 ;0 ;0 ;0 ;0 ;0 ;0 ;0 ;
15.32547 ;0 ; ;0 ;0 ;0 ;0 ;0 ;0 ;0 ;0 ;0 ;
15.34547 ;0 ; ;0 ;0 ;0 ;0 ;0 ;0 ;0 ;0 ;0 ;
15.36547 ;0 ; ;0 ;0 ;0 ;0 ;0 ;0 ;0 ;0 ;0 ;
15.38547 ;0 ; ;0 ;0 ;0 ;0 ;0 ;0 ;0 ;0 ;0 ;
15.40547 ;0 ; ;0 ;0 ;0 ;0 ;0 ;0 ;0 ;0 ;0 ;
15.42547 ;0 ; ;0 ;0 ;0 ;0 ;0 ;0 ;0 ;0 ;0 ;
15.44547 ;0 ; ;0 ;0 ;0 ;0 ;0 ;0 ;0 ;0 ;0 ;
15.46547 ;0 ; ;0 ;0 ;0 ;0 ;0 ;0 ;0 ;0 ;0 ;
15.48547 ;0 ; ;0 ;0 ;0 ;0 ;0 ;0 ;0 ;0 ;0 ;
15.50547 ;0 ; ;0 ;0 ;0 ;0 ;0 ;0 ;0 ;0 ;0 ;
15.52547 ;0 ; ;0 ;0 ;0 ;0 ;0 ;0 ;0 ;0 ;0 ;
15.54547 ;0 ; ;0 ;0 ;0 ;0 ;0 ;0 ;0 ;0 ;0 ;
15.56547 ;0 ; ;0 ;0 ;0 ;0 ;0 ;0 ;0 ;0 ;0 ;
15.58547 ;0 ; ;0 ;0 ;0 ;0 ;0 ;0 ;0 ;0 ;0 ;
15.60547 ;0 ; ;0 ;0 ;0 ;0 ;0 ;0 ;0 ;0 ;0 ;
15.62547 ;0 ; ;0 ;0 ;0 ;0 ;0 ;0 ;0 ;0 ;0 ;
15.64547 ;0 ; ;0 ;0 ;0 ;0 ;0 ;0 ;0 ;0 ;0 ;
15.66547 ;0 ; ;0 ;0 ;0 ;0 ;0 ;0 ;0 ;0 ;0 ;
15.68547 ;0 ; ;0 ;0 ;0 ;0 ;0 ;0 ;0 ;0 ;0 ;
15.70547 ;0 ; ;0 ;0 ;0 ;0 ;0 ;0 ;0 ;0 ;0 ;
15.72547 ;0 ; ;0 ;0 ;0 ;0 ;0 ;0 ;0 ;0 ;0 ;
15.74547 ;0 ; ;0 ;0 ;0 ;0 ;0 ;0 ;0 ;0 ;0 ;
15.76547 ;0 ; ;0 ;0 ;0 ;0 ;0 ;0 ;0 ;0 ;0 ;
15.78547 ;0 ; ;0 ;0 ;0 ;0 ;0 ;0 ;0 ;0 ;0 ;
15.80547 ;0 ; ;0 ;0 ;0 ;0 ;0 ;0 ;0 ;0 ;0 ;
15.82547 ;0 ; ;0 ;0 ;0 ;0 ;0 ;0 ;0 ;0 ;0 ;
15.84547 ;0 ; ;0 ;0 ;0 ;0 ;0 ;0 ;0 ;0 ;0 ;
15.86547 ;0 ; ;0 ;0 ;0 ;0 ;0 ;0 ;0 ;0 ;0 ;
15.88547 ;0 ; ;0 ;0 ;0 ;0 ;0 ;0 ;0 ;0 ;0 ;
15.90547 ;0 ; ;0 ;0 ;0 ;0 ;0 ;0 ;0 ;0 ;0 ;
15.92547 ;0 ; ;0 ;0 ;0 ;0 ;0 ;0 ;0 ;0 ;0 ;
15.94547 ;0 ; ;0 ;0 ;0 ;0 ;0 ;0 ;0 ;0 ;0 ;
15.96547 ;0 ; ;0 ;0 ;0 ;0 ;0 ;0 ;0 ;0 ;0 ;
15.98547 ;0 ; ;0 ;0 ;0 ;0 ;0 ;0 ;0 ;0 ;0 ;
16.00547 ;0 ; ;0 ;0 ;0 ;0 ;0 ;0 ;0 ;0 ;0 ;
16.02547 ;0 ; ;0 ;0 ;0 ;0 ;0 ;0 ;0 ;0 ;0 ;
16.04547 ;0 ; ;0 ;0 ;0 ;0 ;0 ;0 ;0 ;0 ;0 ;
16.06547 ;0 ; ;0 ;0 ;0 ;0 ;0 ;0 ;0 ;0 ;0 ;
16.08547 ;0 ; ;0 ;0 ;0 ;0 ;0 ;0 ;0 ;0 ;0 ;
16.10547 ;0 ; ;0 ;0 ;0 ;0 ;0 ;0 ;0 ;0 ;0 ;
16.12547 ;0 ; ;0 ;0 ;0 ;0 ;0 ;0 ;0 ;0 ;0 ;
16.14547 ;0 ; ;0 ;0 ;0 ;0 ;0 ;0 ;0 ;0 ;0 ;
16.16547 ;0 ; ;0 ;0 ;0 ;0 ;0 ;0 ;0 ;0 ;0 ;
16.18547 ;0 ; ;0 ;0 ;0 ;0 ;0 ;0 ;0 ;0 ;0 ;
16.20547 ;0 ; ;0 ;0 ;0 ;0 ;0 ;0 ;0 ;0 ;0 ;
16.22547 ;0 ; ;0 ;0 ;0 ;0 ;0 ;0 ;0 ;0 ;0 ;
16.24547 ;0 ; ;0 ;0 ;0 ;0 ;0 ;0 ;0 ;0 ;0 ;
16.26547 ;0 ; ;0 ;0 ;0 ;0 ;0 ;0 ;0 ;0 ;0 ;
16.28547 ;0 ; ;0 ;0 ;0 ;0 ;0 ;0 ;0 ;0 ;0 ;
16.30547 ;0 ; ;0 ;0 ;0 ;0 ;0 ;0 ;0 ;0 ;0 ;
16.32547 ;0 ; ;0 ;0 ;0 ;0 ;0 ;0 ;0 ;0 ;0 ;
16.34547 ;0 ; ;0 ;0 ;0 ;0 ;0 ;0 ;0 ;0 ;0 ;
16.36547 ;0 ; ;0 ;0 ;0 ;0 ;0 ;0 ;0 ;0 ;0 ;
16.38547 ;0 ; ;0 ;0 ;0 ;0 ;0 ;0 ;0 ;0 ;0 ;
16.40547 ;0 ; ;0 ;0 ;0 ;0 ;0 ;0 ;0 ;0 ;0 ;
16.42547 ;0 ; ;0 ;0 ;0 ;0 ;0 ;0 ;0 ;0 ;0 ;
16.44547 ;0 ; ;0 ;0 ;0 ;0 ;0 ;0 ;0 ;0 ;0 ;
16.46547 ;0 ; ;0 ;0 ;0 ;0 ;0 ;0 ;0 ;0 ;0 ;
16.48547 ;0 ; ;0 ;0 ;0 ;0 ;0 ;0 ;0 ;0 ;0 ;
16.50547 ;0 ; ;0 ;0 ;0 ;0 ;0 ;0 ;0 ;0 ;0 ;
16.52547 ;0 ; ;0 ;0 ;0 ;0 ;0 ;0 ;0 ;0 ;0 ;
16.54547 ;0 ; ;0 ;0 ;0 ;0 ;0 ;0 ;0 ;0 ;0 ;
16.56547 ;0 ; ;0 ;0 ;0 ;0 ;0 ;0 ;0 ;0 ;0 ;
16.58547 ;0 ; ;0 ;0 ;0 ;0 ;0 ;0 ;0 ;0 ;0 ;
16.60547 ;0 ; ;0 ;0 ;0 ;0 ;0 ;0 ;0 ;0 ;0 ;
16.62547 ;0 ; ;0 ;0 ;0 ;0 ;0 ;0 ;0 ;0 ;0 ;
16.64547 ;0 ; ;0 ;0 ;0 ;0 ;0 ;0 ;0 ;0 ;0 ;
16.66547 ;0 ; ;0 ;0 ;0 ;0 ;0 ;0 ;0 ;0 ;0 ;
16.68547 ;0 ; ;0 ;0 ;0 ;0 ;0 ;0 ;0 ;0 ;0 ;
16.70547 ;0 ; ;0 ;0 ;0 ;0 ;0 ;0 ;0 ;0 ;0 ;
16.72547 ;0 ; ;0 ;0 ;0 ;0 ;0 ;0 ;0 ;0 ;0 ;
16.74547 ;0 ; ;0 ;0 ;0 ;0 ;0 ;0 ;0 ;0 ;0 ;
16.76547 ;0 ; ;0 ;0 ;0 ;0 ;0 ;0 ;0 ;0 ;0 ;
16.78547 ;0 ; ;0 ;0 ;0 ;0 ;0 ;0 ;0 ;0 ;0 ;
16.80547 ;0 ; ;0 ;0 ;0 ;0 ;0 ;0 ;0 ;0 ;0 ;
16.82547 ;0 ; ;0 ;0 ;0 ;0 ;0 ;0 ;0 ;0 ;0 ;
16.84547 ;0 ; ;0 ;0 ;0 ;0 ;0 ;0 ;0 ;0 ;0 ;
16.86547 ;0 ; ;0 ;0 ;0 ;0 ;0 ;0 ;0 ;0 ;0 ;
16.88547 ;0 ; ;0 ;0 ;0 ;0 ;0 ;0 ;0 ;0 ;0 ;
16.90547 ;0 ; ;0 ;0 ;0 ;0 ;0 ;0 ;0 ;0 ;0 ;
16.92547 ;0 ; ;0 ;0 ;0 ;0 ;0 ;0 ;0 ;0 ;0 ;
16.94547 ;0 ; ;0 ;0 ;0 ;0 ;0 ;0 ;0 ;0 ;0 ;
16.96547 ;0 ; ;0 ;0 ;0 ;0 ;0 ;0 ;0 ;0 ;0 ;
16.98547 ;0 ; ;0 ;0 ;0 ;0 ;0 ;0 ;0 ;0 ;0 ;
17.00547 ;0 ; ;0 ;0 ;0 ;0 ;0 ;0 ;0 ;0 ;0 ;
17.02547 ;0 ; ;0 ;0 ;0 ;0 ;0 ;0 ;0 ;0 ;0 ;
17.04547 ;0 ; ;0 ;0 ;0 ;0 ;0 ;0 ;0 ;0 ;0 ;
17.06547 ;0 ; ;0 ;0 ;0 ;0 ;0 ;0 ;0 ;0 ;0 ;
17.08547 ;0 ; ;0 ;0 ;0 ;0 ;0 ;0 ;0 ;0 ;0 ;
17.10547 ;0 ; ;0 ;0 ;0 ;0 ;0 ;0 ;0 ;0 ;0 ;
17.12547 ;0 ; ;0 ;0 ;0 ;0 ;0 ;0 ;0 ;0 ;0 ;
17.14547 ;0 ; ;0 ;0 ;0 ;0 ;0 ;0 ;0 ;0 ;0 ;
17.16547 ;0 ; ;0 ;0 ;0 ;0 ;0 ;0 ;0 ;0 ;0 ;
17.18547 ;0 ; ;0 ;0 ;0 ;0 ;0 ;0 ;0 ;0 ;0 ;
17.20547 ;0 ; ;0 ;0 ;0 ;0 ;0 ;0 ;0 ;0 ;0 ;
17.22547 ;0 ; ;0 ;0 ;0 ;0 ;0 ;0 ;0 ;0 ;0 ;
17.24547 ;0 ; ;0 ;0 ;0 ;0 ;0 ;0 ;0 ;0 ;0 ;
17.26547 ;0 ; ;0 ;0 ;0 ;0 ;0 ;0 ;0 ;0 ;0 ;
17.28547 ;0 ; ;0 ;0 ;0 ;0 ;0 ;0 ;0 ;0 ;0 ;
17.30547 ;0 ; ;0 ;0 ;0 ;0 ;0 ;0 ;0 ;0 ;0 ;
17.32547 ;0 ; ;0 ;0 ;0 ;0 ;0 ;0 ;0 ;0 ;0 ;
17.34547 ;0 ; ;0 ;0 ;0 ;0 ;0 ;0 ;0 ;0 ;0 ;
17.36547 ;0 ; ;0 ;0 ;0 ;0 ;0 ;0 ;0 ;0 ;0 ;
17.38547 ;0 ; ;0 ;0 ;0 ;0 ;0 ;0 ;0 ;0 ;0 ;
17.40547 ;0 ; ;0 ;0 ;0 ;0 ;0 ;0 ;0 ;0 ;0 ;
17.42547 ;0 ; ;0 ;0 ;0 ;0 ;0 ;0 ;0 ;0 ;0 ;
17.44547 ;0 ; ;0 ;0 ;0 ;0 ;0 ;0 ;0 ;0 ;0 ;
17.46547 ;0 ; ;0 ;0 ;0 ;0 ;0 ;0 ;0 ;0 ;0 ;
17.48547 ;0 ; ;0 ;0 ;0 ;0 ;0 ;0 ;0 ;0 ;0 ;
17.50547 ;0 ; ;0 ;0 ;0 ;0 ;0 ;0 ;0 ;0 ;0 ;
17.52547 ;0 ; ;0 ;0 ;0 ;0 ;0 ;0 ;0 ;0 ;0 ;
17.54547 ;0 ; ;0 ;0 ;0 ;0 ;0 ;0 ;0 ;0 ;0 ;
17.56547 ;0 ; ;0 ;0 ;0 ;0 ;0 ;0 ;0 ;0 ;0 ;
17.58547 ;0 ; ;0 ;0 ;0 ;0 ;0 ;0 ;0 ;0 ;0 ;
17.60547 ;0 ; ;0 ;0 ;0 ;0 ;0 ;0 ;0 ;0 ;0 ;
17.62547 ;0 ; ;0 ;0 ;0 ;0 ;0 ;0 ;0 ;0 ;0 ;
17.64547 ;0 ; ;0 ;0 ;0 ;0 ;0 ;0 ;0 ;0 ;0 ;
17.66547 ;0 ; ;0 ;0 ;0 ;0 ;0 ;0 ;0 ;0 ;0 ;
17.68547 ;0 ; ;0 ;0 ;0 ;0 ;0 ;0 ;0 ;0 ;0 ;
17.70547 ;0 ; ;0 ;0 ;0 ;0 ;0 ;0 ;0 ;0 ;0 ;
17.72547 ;0 ; ;0 ;0 ;0 ;0 ;0 ;0 ;0 ;0 ;0 ;
17.74547 ;0 ; ;0 ;0 ;0 ;0 ;0 ;0 ;0 ;0 ;0 ;
17.76547 ;0 ; ;0 ;0 ;0 ;0 ;0 ;0 ;0 ;0 ;0 ;
17.78547 ;0 ; ;0 ;0 ;0 ;0 ;0 ;0 ;0 ;0 ;0 ;
17.80547 ;0 ; ;0 ;0 ;0 ;0 ;0 ;0 ;0 ;0 ;0 ;
17.82547 ;0 ; ;0 ;0 ;0 ;0 ;0 ;0 ;0 ;0 ;0 ;
17.84547 ;0 ; ;0 ;0 ;0 ;0 ;0 ;0 ;0 ;0 ;0 ;
17.86547 ;0 ; ;0 ;0 ;0 ;0 ;0 ;0 ;0 ;0 ;0 ;
17.88547 ;0 ; ;0 ;0 ;0 ;0 ;0 ;0 ;0 ;0 ;0 ;
17.90547 ;0 ; ;0 ;0 ;0 ;0 ;0 ;0 ;0 ;0 ;0 ;
17.92547 ;0 ; ;0 ;0 ;0 ;0 ;0 ;0 ;0 ;0 ;0 ;
17.94547 ;0 ; ;0 ;0 ;0 ;0 ;0 ;0 ;0 ;0 ;0 ;
17.96547 ;0 ; ;0 ;0 ;0 ;0 ;0 ;0 ;0 ;0 ;0 ;
17.98547 ;0 ; ;0 ;0 ;0 ;0 ;0 ;0 ;0 ;0 ;0 ;
18.00547 ;0 ; ;0 ;0 ;0 ;0 ;0 ;0 ;0 ;0 ;0 ;
18.02547 ;0 ; ;0 ;0 ;0 ;0 ;0 ;0 ;0 ;0 ;0 ;
18.04547 ;0 ; ;0 ;0 ;0 ;0 ;0 ;0 ;0 ;0 ;0 ;
18.06547 ;0 ; ;0 ;0 ;0 ;0 ;0 ;0 ;0 ;0 ;0 ;
18.08547 ;0 ; ;0 ;0 ;0 ;0 ;0 ;0 ;0 ;0 ;0 ;
18.10547 ;0 ; ;0 ;0 ;0 ;0 ;0 ;0 ;0 ;0 ;0 ;
18.12547 ;0 ; ;0 ;0 ;0 ;0 ;0 ;0 ;0 ;0 ;0 ;
18.14547 ;0 ; ;0 ;0 ;0 ;0 ;0 ;0 ;0 ;0 ;0 ;
18.16547 ;0 ; ;0 ;0 ;0 ;0 ;0 ;0 ;0 ;0 ;0 ;
18.18547 ;0 ; ;0 ;0 ;0 ;0 ;0 ;0 ;0 ;0 ;0 ;
18.20547 ;0 ; ;0 ;0 ;0 ;0 ;0 ;0 ;0 ;0 ;0 ;
18.22547 ;0 ; ;0 ;0 ;0 ;0 ;0 ;0 ;0 ;0 ;0 ;
18.24547 ;0 ; ;0 ;0 ;0 ;0 ;0 ;0 ;0 ;0 ;0 ;
18.26547 ;0 ; ;0 ;0 ;0 ;0 ;0 ;0 ;0 ;0 ;0 ;
18.28547 ;0 ; ;0 ;0 ;0 ;0 ;0 ;0 ;0 ;0 ;0 ;
18.30547 ;0 ; ;0 ;0 ;0 ;0 ;0 ;0 ;0 ;0 ;0 ;
18.32547 ;0 ; ;0 ;0 ;0 ;0 ;0 ;0 ;0 ;0 ;0 ;
18.34547 ;0 ; ;0 ;0 ;0 ;0 ;0 ;0 ;0 ;0 ;0 ;
18.36547 ;0 ; ;0 ;0 ;0 ;0 ;0 ;0 ;0 ;0 ;0 ;
18.38547 ;0 ; ;0 ;0 ;0 ;0 ;0 ;0 ;0 ;0 ;0 ;
18.40547 ;0 ; ;0 ;0 ;0 ;0 ;0 ;0 ;0 ;0 ;0 ;
18.42547 ;0 ; ;0 ;0 ;0 ;0 ;0 ;0 ;0 ;0 ;0 ;
18.44547 ;0 ; ;0 ;0 ;0 ;0 ;0 ;0 ;0 ;0 ;0 ;
18.46547 ;0 ; ;0 ;0 ;0 ;0 ;0 ;0 ;0 ;0 ;0 ;
18.48547 ;0 ; ;0 ;0 ;0 ;0 ;0 ;0 ;0 ;0 ;0 ;
18.50547 ;0 ; ;0 ;0 ;0 ;0 ;0 ;0 ;0 ;0 ;0 ;
18.52547 ;0 ; ;0 ;0 ;0 ;0 ;0 ;0 ;0 ;0 ;0 ;
18.54547 ;0 ; ;0 ;0 ;0 ;0 ;0 ;0 ;0 ;0 ;0 ;
18.56547 ;0 ; ;0 ;0 ;0 ;0 ;0 ;0 ;0 ;0 ;0 ;
18.58547 ;0 ; ;0 ;0 ;0 ;0 ;0 ;0 ;0 ;0 ;0 ;
18.60547 ;0 ; ;0 ;0 ;0 ;0 ;0 ;0 ;0 ;0 ;0 ;
18.62547 ;0 ; ;0 ;0 ;0 ;0 ;0 ;0 ;0 ;0 ;0 ;
18.64547 ;0 ; ;0 ;0 ;0 ;0 ;0 ;0 ;0 ;0 ;0 ;
18.66547 ;0 ; ;0 ;0 ;0 ;0 ;0 ;0 ;0 ;0 ;0 ;
18.68547 ;0 ; ;0 ;0 ;0 ;0 ;0 ;0 ;0 ;0 ;0 ;
18.70547 ;0 ; ;0 ;0 ;0 ;0 ;0 ;0 ;0 ;0 ;0 ;
18.72547 ;0 ; ;0 ;0 ;0 ;0 ;0 ;0 ;0 ;0 ;0 ;
18.74547 ;0 ; ;0 ;0 ;0 ;0 ;0 ;0 ;0 ;0 ;0 ;
18.76547 ;0 ; ;0 ;0 ;0 ;0 ;0 ;0 ;0 ;0 ;0 ;
18.78547 ;0 ; ;0 ;0 ;0 ;0 ;0 ;0 ;0 ;0 ;0 ;
18.80547 ;0 ; ;0 ;0 ;0 ;0 ;0 ;0 ;0 ;0 ;0 ;
18.82547 ;0 ; ;0 ;0 ;0 ;0 ;0 ;0 ;0 ;0 ;0 ;
18.84547 ;0 ; ;0 ;0 ;0 ;0 ;0 ;0 ;0 ;0 ;0 ;
18.86547 ;0 ; ;0 ;0 ;0 ;0 ;0 ;0 ;0 ;0 ;0 ;
18.88547 ;0 ; ;0 ;0 ;0 ;0 ;0 ;0 ;0 ;0 ;0 ;
18.90547 ;0 ; ;0 ;0 ;0 ;0 ;0 ;0 ;0 ;0 ;0 ;
18.92547 ;0 ; ;0 ;0 ;0 ;0 ;0 ;0 ;0 ;0 ;0 ;
18.94547 ;0 ; ;0 ;0 ;0 ;0 ;0 ;0 ;0 ;0 ;0 ;
18.96547 ;0 ; ;0 ;0 ;0 ;0 ;0 ;0 ;0 ;0 ;0 ;
18.98547 ;0 ; ;0 ;0 ;0 ;0 ;0 ;0 ;0 ;0 ;0 ;
19.00547 ;0 ; ;0 ;0 ;0 ;0 ;0 ;0 ;0 ;0 ;0 ;
19.02547 ;0 ; ;0 ;0 ;0 ;0 ;0 ;0 ;0 ;0 ;0 ;
19.04547 ;0 ; ;0 ;0 ;0 ;0 ;0 ;0 ;0 ;0 ;0 ;
19.06547 ;0 ; ;0 ;0 ;0 ;0 ;0 ;0 ;0 ;0 ;0 ;
19.08547 ;0 ; ;0 ;0 ;0 ;0 ;0 ;0 ;0 ;0 ;0 ;
19.10547 ;0 ; ;0 ;0 ;0 ;0 ;0 ;0 ;0 ;0 ;0 ;
19.12547 ;0 ; ;0 ;0 ;0 ;0 ;0 ;0 ;0 ;0 ;0 ;
19.14547 ;0 ; ;0 ;0 ;0 ;0 ;0 ;0 ;0 ;0 ;0 ;
19.16547 ;0 ; ;0 ;0 ;0 ;0 ;0 ;0 ;0 ;0 ;0 ;
19.18547 ;0 ; ;0 ;0 ;0 ;0 ;0 ;0 ;0 ;0 ;0 ;
19.20547 ;0 ; ;0 ;0 ;0 ;0 ;0 ;0 ;0 ;0 ;0 ;
19.22547 ;0 ; ;0 ;0 ;0 ;0 ;0 ;0 ;0 ;0 ;0 ;
19.24547 ;0 ; ;0 ;0 ;0 ;0 ;0 ;0 ;0 ;0 ;0 ;
19.26547 ;0 ; ;0 ;0 ;0 ;0 ;0 ;0 ;0 ;0 ;0 ;
19.28547 ;0 ; ;0 ;0 ;0 ;0 ;0 ;0 ;0 ;0 ;0 ;
19.30547 ;0 ; ;0 ;0 ;0 ;0 ;0 ;0 ;0 ;0 ;0 ;
19.32547 ;0 ; ;0 ;0 ;0 ;0 ;0 ;0 ;0 ;0 ;0 ;
19.34547 ;0 ; ;0 ;0 ;0 ;0 ;0 ;0 ;0 ;0 ;0 ;
19.36547 ;0 ; ;0 ;0 ;0 ;0 ;0 ;0 ;0 ;0 ;0 ;
19.38547 ;0 ; ;0 ;0 ;0 ;0 ;0 ;0 ;0 ;0 ;0 ;
19.40547 ;0 ; ;0 ;0 ;0 ;0 ;0 ;0 ;0 ;0 ;0 ;
19.42547 ;0 ; ;0 ;0 ;0 ;0 ;0 ;0 ;0 ;0 ;0 ;
19.44547 ;0 ; ;0 ;0 ;0 ;0 ;0 ;0 ;0 ;0 ;0 ;
19.46547 ;0 ; ;0 ;0 ;0 ;0 ;0 ;0 ;0 ;0 ;0 ;
19.48547 ;0 ; ;0 ;0 ;0 ;0 ;0 ;0 ;0 ;0 ;0 ;
19.50547 ;0 ; ;0 ;0 ;0 ;0 ;0 ;0 ;0 ;0 ;0 ;
19.52547 ;0 ; ;0 ;0 ;0 ;0 ;0 ;0 ;0 ;0 ;0 ;
19.54547 ;0 ; ;0 ;0 ;0 ;0 ;0 ;0 ;0 ;0 ;0 ;
19.56547 ;0 ; ;0 ;0 ;0 ;0 ;0 ;0 ;0 ;0 ;0 ;
19.58547 ;0 ; ;0 ;0 ;0 ;0 ;0 ;0 ;0 ;0 ;0 ;
19.60547 ;0 ; ;0 ;0 ;0 ;0 ;0 ;0 ;0 ;0 ;0 ;
19.62547 ;0 ; ;0 ;0 ;0 ;0 ;0 ;0 ;0 ;0 ;0 ;
19.64547 ;0 ; ;0 ;0 ;0 ;0 ;0 ;0 ;0 ;0 ;0 ;
19.66547 ;0 ; ;0 ;0 ;0 ;0 ;0 ;0 ;0 ;0 ;0 ;
19.68547 ;0 ; ;0 ;0 ;0 ;0 ;0 ;0 ;0 ;0 ;0 ;
19.70547 ;0 ; ;0 ;0 ;0 ;0 ;0 ;0 ;0 ;0 ;0 ;
19.72547 ;0 ; ;0 ;0 ;0 ;0 ;0 ;0 ;0 ;0 ;0 ;
19.74547 ;0 ; ;0 ;0 ;0 ;0 ;0 ;0 ;0 ;0 ;0 ;
19.76547 ;0 ; ;0 ;0 ;0 ;0 ;0 ;0 ;0 ;0 ;0 ;
19.78547 ;0 ; ;0 ;0 ;0 ;0 ;0 ;0 ;0 ;0 ;0 ;
19.80547 ;0 ; ;0 ;0 ;0 ;0 ;0 ;0 ;0 ;0 ;0 ;
19.82547 ;0 ; ;0 ;0 ;0 ;0 ;0 ;0 ;0 ;0 ;0 ;
19.84547 ;0 ; ;0 ;0 ;0 ;0 ;0 ;0 ;0 ;0 ;0 ;
19.86547 ;0 ; ;0 ;0 ;0 ;0 ;0 ;0 ;0 ;0 ;0 ;
19.88547 ;0 ; ;0 ;0 ;0 ;0 ;0 ;0 ;0 ;0 ;0 ;
19.90547 ;0 ; ;0 ;0 ;0 ;0 ;0 ;0 ;0 ;0 ;0 ;
19.92547 ;0 ; ;0 ;0 ;0 ;0 ;0 ;0 ;0 ;0 ;0 ;
19.94547 ;0 ; ;0 ;0 ;0 ;0 ;0 ;0 ;0 ;0 ;0 ;
19.96547 ;0 ; ;0 ;0 ;0 ;0 ;0 ;0 ;0 ;0 ;0 ;
19.98547 ;0 ; ;0 ;0 ;0 ;0 ;0 ;0 ;0 ;0 ;0 ;
20.00547 ;0 ; ;0 ;0 ;0 ;0 ;0 ;0 ;0 ;0 ;0 ;
20.02547 ;0 ; ;0 ;0 ;0 ;0 ;0 ;0 ;0 ;0 ;0 ;
20.04547 ;0 ; ;0 ;0 ;0 ;0 ;0 ;0 ;0 ;0 ;0 ;
20.06547 ;0 ; ;0 ;0 ;0 ;0 ;0 ;0 ;0 ;0 ;0 ;
20.08547 ;0 ; ;0 ;0 ;0 ;0 ;0 ;0 ;0 ;0 ;0 ;
20.10547 ;0 ; ;0 ;0 ;0 ;0 ;0 ;0 ;0 ;0 ;0 ;
20.12547 ;0 ; ;0 ;0 ;0 ;0 ;0 ;0 ;0 ;0 ;0 ;
20.14547 ;0 ; ;0 ;0 ;0 ;0 ;0 ;0 ;0 ;0 ;0 ;
20.16547 ;0 ; ;0 ;0 ;0 ;0 ;0 ;0 ;0 ;0 ;0 ;
20.18547 ;0 ; ;0 ;0 ;0 ;0 ;0 ;0 ;0 ;0 ;0 ;
20.20547 ;0 ; ;0 ;0 ;0 ;0 ;0 ;0 ;0 ;0 ;0 ;
20.22547 ;0 ; ;0 ;0 ;0 ;0 ;0 ;0 ;0 ;0 ;0 ;
20.24547 ;0 ; ;0 ;0 ;0 ;0 ;0 ;0 ;0 ;0 ;0 ;
20.26547 ;0 ; ;0 ;0 ;0 ;0 ;0 ;0 ;0 ;0 ;0 ;
20.28547 ;0 ; ;0 ;0 ;0 ;0 ;0 ;0 ;0 ;0 ;0 ;
20.30547 ;0 ; ;0 ;0 ;0 ;0 ;0 ;0 ;0 ;0 ;0 ;
20.32547 ;0 ; ;0 ;0 ;0 ;0 ;0 ;0 ;0 ;0 ;0 ;
20.34547 ;0 ; ;0 ;0 ;0 ;0 ;0 ;0 ;0 ;0 ;0 ;
20.36547 ;0 ; ;0 ;0 ;0 ;0 ;0 ;0 ;0 ;0 ;0 ;
20.38547 ;0 ; ;0 ;0 ;0 ;0 ;0 ;0 ;0 ;0 ;0 ;
20.40547 ;0 ; ;0 ;0 ;0 ;0 ;0 ;0 ;0 ;0 ;0 ;
20.42547 ;0 ; ;0 ;0 ;0 ;0 ;0 ;0 ;0 ;0 ;0 ;
20.44547 ;0 ; ;0 ;0 ;0 ;0 ;0 ;0 ;0 ;0 ;0 ;
20.46547 ;0 ; ;0 ;0 ;0 ;0 ;0 ;0 ;0 ;0 ;0 ;
20.48547 ;0 ; ;0 ;0 ;0 ;0 ;0 ;0 ;0 ;0 ;0 ;
20.50547 ;0 ; ;0 ;0 ;0 ;0 ;0 ;0 ;0 ;0 ;0 ;
20.52547 ;0 ; ;0 ;0 ;0 ;0 ;0 ;0 ;0 ;0 ;0 ;
20.54547 ;0 ; ;0 ;0 ;0 ;0 ;0 ;0 ;0 ;0 ;0 ;
20.56547 ;0 ; ;0 ;0 ;0 ;0 ;0 ;0 ;0 ;0 ;0 ;
20.58547 ;0 ; ;0 ;0 ;0 ;0 ;0 ;0 ;0 ;0 ;0 ;
20.60547 ;0 ; ;0 ;0 ;0 ;0 ;0 ;0 ;0 ;0 ;0 ;
20.62547 ;0 ; ;0 ;0 ;0 ;0 ;0 ;0 ;0 ;0 ;0 ;
20.64547 ;0 ; ;0 ;0 ;0 ;0 ;0 ;0 ;0 ;0 ;0 ;
20.66547 ;0 ; ;0 ;0 ;0 ;0 ;0 ;0 ;0 ;0 ;0 ;
20.68547 ;0 ; ;0 ;0 ;0 ;0 ;0 ;0 ;0 ;0 ;0 ;
20.70547 ;0 ; ;0 ;0 ;0 ;0 ;0 ;0 ;0 ;0 ;0 ;
20.72547 ;0 ; ;0 ;0 ;0 ;0 ;0 ;0 ;0 ;0 ;0 ;
20.74547 ;0 ; ;0 ;0 ;0 ;0 ;0 ;0 ;0 ;0 ;0 ;
20.76547 ;0 ; ;0 ;0 ;0 ;0 ;0 ;0 ;0 ;0 ;0 ;
20.78547 ;0 ; ;0 ;0 ;0 ;0 ;0 ;0 ;0 ;0 ;0 ;
20.80547 ;0 ; ;0 ;0 ;0 ;0 ;0 ;0 ;0 ;0 ;0 ;
20.82547 ;0 ; ;0 ;0 ;0 ;0 ;0 ;0 ;0 ;0 ;0 ;
20.84547 ;0 ; ;0 ;0 ;0 ;0 ;0 ;0 ;0 ;0 ;0 ;
20.86547 ;0 ; ;0 ;0 ;0 ;0 ;0 ;0 ;0 ;0 ;0 ;
20.88547 ;0 ; ;0 ;0 ;0 ;0 ;0 ;0 ;0 ;0 ;0 ;
20.90547 ;0 ; ;0 ;0 ;0 ;0 ;0 ;0 ;0 ;0 ;0 ;
20.92547 ;0 ; ;0 ;0 ;0 ;0 ;0 ;0 ;0 ;0 ;0 ;
20.94547 ;0 ; ;0 ;0 ;0 ;0 ;0 ;0 ;0 ;0 ;0 ;
20.96547 ;0 ; ;0 ;0 ;0 ;0 ;0 ;0 ;0 ;0 ;0 ;
20.98547 ;0 ; ;0 ;0 ;0 ;0 ;0 ;0 ;0 ;0 ;0 ;
21.00547 ;0 ; ;0 ;0 ;0 ;0 ;0 ;0 ;0 ;0 ;0 ;
21.02547 ;0 ; ;0 ;0 ;0 ;0 ;0 ;0 ;0 ;0 ;0 ;
21.04547 ;0 ; ;0 ;0 ;0 ;0 ;0 ;0 ;0 ;0 ;0 ;
21.06547 ;0 ; ;0 ;0 ;0 ;0 ;0 ;0 ;0 ;0 ;0 ;
21.08547 ;0 ; ;0 ;0 ;0 ;0 ;0 ;0 ;0 ;0 ;0 ;
21.10547 ;0 ; ;0 ;0 ;0 ;0 ;0 ;0 ;0 ;0 ;0 ;
21.12547 ;0 ; ;0 ;0 ;0 ;0 ;0 ;0 ;0 ;0 ;0 ;
21.14547 ;0 ; ;0 ;0 ;0 ;0 ;0 ;0 ;0 ;0 ;0 ;
21.16547 ;0 ; ;0 ;0 ;0 ;0 ;0 ;0 ;0 ;0 ;0 ;
21.18547 ;0 ; ;0 ;0 ;0 ;0 ;0 ;0 ;0 ;0 ;0 ;
21.20547 ;0 ; ;0 ;0 ;0 ;0 ;0 ;0 ;0 ;0 ;0 ;
21.22547 ;0 ; ;0 ;0 ;0 ;0 ;0 ;0 ;0 ;0 ;0 ;
21.24547 ;0 ; ;0 ;0 ;0 ;0 ;0 ;0 ;0 ;0 ;0 ;
21.26547 ;0 ; ;0 ;0 ;0 ;0 ;0 ;0 ;0 ;0 ;0 ;
21.28547 ;0 ; ;0 ;0 ;0 ;0 ;0 ;0 ;0 ;0 ;0 ;
21.30547 ;0 ; ;0 ;0 ;0 ;0 ;0 ;0 ;0 ;0 ;0 ;
21.32547 ;0 ; ;0 ;0 ;0 ;0 ;0 ;0 ;0 ;0 ;0 ;
21.34547 ;0 ; ;0 ;0 ;0 ;0 ;0 ;0 ;0 ;0 ;0 ;
21.36547 ;0 ; ;0 ;0 ;0 ;0 ;0 ;0 ;0 ;0 ;0 ;
21.38547 ;0 ; ;0 ;0 ;0 ;0 ;0 ;0 ;0 ;0 ;0 ;
21.40547 ;0 ; ;0 ;0 ;0 ;0 ;0 ;0 ;0 ;0 ;0 ;
21.42547 ;0 ; ;0 ;0 ;0 ;0 ;0 ;0 ;0 ;0 ;0 ;
21.44547 ;0 ; ;0 ;0 ;0 ;0 ;0 ;0 ;0 ;0 ;0 ;
21.46547 ;0 ; ;0 ;0 ;0 ;0 ;0 ;0 ;0 ;0 ;0 ;
21.48547 ;0 ; ;0 ;0 ;0 ;0 ;0 ;0 ;0 ;0 ;0 ;
21.50547 ;0 ; ;0 ;0 ;0 ;0 ;0 ;0 ;0 ;0 ;0 ;
21.52547 ;0 ; ;0 ;0 ;0 ;0 ;0 ;0 ;0 ;0 ;0 ;
21.54547 ;0 ; ;0 ;0 ;0 ;0 ;0 ;0 ;0 ;0 ;0 ;
21.56547 ;0 ; ;0 ;0 ;0 ;0 ;0 ;0 ;0 ;0 ;0 ;
21.58547 ;0 ; ;0 ;0 ;0 ;0 ;0 ;0 ;0 ;0 ;0 ;
21.60547 ;0 ; ;0 ;0 ;0 ;0 ;0 ;0 ;0 ;0 ;0 ;
21.62547 ;0 ; ;0 ;0 ;0 ;0 ;0 ;0 ;0 ;0 ;0 ;
21.64547 ;0 ; ;0 ;0 ;0 ;0 ;0 ;0 ;0 ;0 ;0 ;
21.66547 ;0 ; ;0 ;0 ;0 ;0 ;0 ;0 ;0 ;0 ;0 ;
21.68547 ;0 ; ;0 ;0 ;0 ;0 ;0 ;0 ;0 ;0 ;0 ;
21.70547 ;0 ; ;0 ;0 ;0 ;0 ;0 ;0 ;0 ;0 ;0 ;
21.72547 ;0 ; ;0 ;0 ;0 ;0 ;0 ;0 ;0 ;0 ;0 ;
21.74547 ;0 ; ;0 ;0 ;0 ;0 ;0 ;0 ;0 ;0 ;0 ;
21.76547 ;0 ; ;0 ;0 ;0 ;0 ;0 ;0 ;0 ;0 ;0 ;
21.78547 ;0 ; ;0 ;0 ;0 ;0 ;0 ;0 ;0 ;0 ;0 ;
21.80547 ;0 ; ;0 ;0 ;0 ;0 ;0 ;0 ;0 ;0 ;0 ;
21.82547 ;0 ; ;0 ;0 ;0 ;0 ;0 ;0 ;0 ;0 ;0 ;
21.84547 ;0 ; ;0 ;0 ;0 ;0 ;0 ;0 ;0 ;0 ;0 ;
21.86547 ;0 ; ;0 ;0 ;0 ;0 ;0 ;0 ;0 ;0 ;0 ;
21.88547 ;0 ; ;0 ;0 ;0 ;0 ;0 ;0 ;0 ;0 ;0 ;
21.90547 ;0 ; ;0 ;0 ;0 ;0 ;0 ;0 ;0 ;0 ;0 ;
21.92547 ;0 ; ;0 ;0 ;0 ;0 ;0 ;0 ;0 ;0 ;0 ;
21.94547 ;0 ; ;0 ;0 ;0 ;0 ;0 ;0 ;0 ;0 ;0 ;
21.96547 ;0 ; ;0 ;0 ;0 ;0 ;0 ;0 ;0 ;0 ;0 ;
21.98547 ;0 ; ;0 ;0 ;0 ;0 ;0 ;0 ;0 ;0 ;0 ;
22.00547 ;0 ; ;0 ;0 ;0 ;0 ;0 ;0 ;0 ;0 ;0 ;
22.02547 ;0 ; ;0 ;0 ;0 ;0 ;0 ;0 ;0 ;0 ;0 ;
22.04547 ;0 ; ;0 ;0 ;0 ;0 ;0 ;0 ;0 ;0 ;0 ;
22.06547 ;0 ; ;0 ;0 ;0 ;0 ;0 ;0 ;0 ;0 ;0 ;
22.08547 ;0 ; ;0 ;0 ;0 ;0 ;0 ;0 ;0 ;0 ;0 ;
22.10547 ;0 ; ;0 ;0 ;0 ;0 ;0 ;0 ;0 ;0 ;0 ;
22.12547 ;0 ; ;0 ;0 ;0 ;0 ;0 ;0 ;0 ;0 ;0 ;
22.14547 ;0 ; ;0 ;0 ;0 ;0 ;0 ;0 ;0 ;0 ;0 ;
22.16547 ;0 ; ;0 ;0 ;0 ;0 ;0 ;0 ;0 ;0 ;0 ;
22.18547 ;0 ; ;0 ;0 ;0 ;0 ;0 ;0 ;0 ;0 ;0 ;
22.20547 ;0 ; ;0 ;0 ;0 ;0 ;0 ;0 ;0 ;0 ;0 ;
22.22547 ;0 ; ;0 ;0 ;0 ;0 ;0 ;0 ;0 ;0 ;0 ;
22.24547 ;0 ; ;0 ;0 ;0 ;0 ;0 ;0 ;0 ;0 ;0 ;
22.26547 ;0 ; ;0 ;0 ;0 ;0 ;0 ;0 ;0 ;0 ;0 ;
22.28547 ;0 ; ;0 ;0 ;0 ;0 ;0 ;0 ;0 ;0 ;0 ;
22.30547 ;0 ; ;0 ;0 ;0 ;0 ;0 ;0 ;0 ;0 ;0 ;
22.32547 ;0 ; ;0 ;0 ;0 ;0 ;0 ;0 ;0 ;0 ;0 ;
22.34547 ;0 ; ;0 ;0 ;0 ;0 ;0 ;0 ;0 ;0 ;0 ;
22.36547 ;0 ; ;0 ;0 ;0 ;0 ;0 ;0 ;0 ;0 ;0 ;
22.38547 ;0 ; ;0 ;0 ;0 ;0 ;0 ;0 ;0 ;0 ;0 ;
22.40547 ;0 ; ;0 ;0 ;0 ;0 ;0 ;0 ;0 ;0 ;0 ;
22.42547 ;0 ; ;0 ;0 ;0 ;0 ;0 ;0 ;0 ;0 ;0 ;
22.44547 ;0 ; ;0 ;0 ;0 ;0 ;0 ;0 ;0 ;0 ;0 ;
22.46547 ;0 ; ;0 ;0 ;0 ;0 ;0 ;0 ;0 ;0 ;0 ;
22.48547 ;0 ; ;0 ;0 ;0 ;0 ;0 ;0 ;0 ;0 ;0 ;
22.50547 ;0 ; ;0 ;0 ;0 ;0 ;0 ;0 ;0 ;0 ;0 ;
22.52547 ;0 ; ;0 ;0 ;0 ;0 ;0 ;0 ;0 ;0 ;0 ;
22.54547 ;0 ; ;0 ;0 ;0 ;0 ;0 ;0 ;0 ;0 ;0 ;
22.56547 ;0 ; ;0 ;0 ;0 ;0 ;0 ;0 ;0 ;0 ;0 ;
22.58547 ;0 ; ;0 ;0 ;0 ;0 ;0 ;0 ;0 ;0 ;0 ;
22.60547 ;0 ; ;0 ;0 ;0 ;0 ;0 ;0 ;0 ;0 ;0 ;
22.62547 ;0 ; ;0 ;0 ;0 ;0 ;0 ;0 ;0 ;0 ;0 ;
22.64547 ;0 ; ;0 ;0 ;0 ;0 ;0 ;0 ;0 ;0 ;0 ;
22.66547 ;0 ; ;0 ;0 ;0 ;0 ;0 ;0 ;0 ;0 ;0 ;
22.68547 ;0 ; ;0 ;0 ;0 ;0 ;0 ;0 ;0 ;0 ;0 ;
22.70547 ;0 ; ;0 ;0 ;0 ;0 ;0 ;0 ;0 ;0 ;0 ;
22.72547 ;0 ; ;0 ;0 ;0 ;0 ;0 ;0 ;0 ;0 ;0 ;
22.74547 ;0 ; ;0 ;0 ;0 ;0 ;0 ;0 ;0 ;0 ;0 ;
22.76547 ;0 ; ;0 ;0 ;0 ;0 ;0 ;0 ;0 ;0 ;0 ;
22.78547 ;0 ; ;0 ;0 ;0 ;0 ;0 ;0 ;0 ;0 ;0 ;
22.80547 ;0 ; ;0 ;0 ;0 ;0 ;0 ;0 ;0 ;0 ;0 ;
22.82547 ;0 ; ;0 ;0 ;0 ;0 ;0 ;0 ;0 ;0 ;0 ;
22.84547 ;0 ; ;0 ;0 ;0 ;0 ;0 ;0 ;0 ;0 ;0 ;
22.86547 ;0 ; ;0 ;0 ;0 ;0 ;0 ;0 ;0 ;0 ;0 ;
22.88547 ;0 ; ;0 ;0 ;0 ;0 ;0 ;0 ;0 ;0 ;0 ;
22.90547 ;0 ; ;0 ;0 ;0 ;0 ;0 ;0 ;0 ;0 ;0 ;
22.92547 ;0 ; ;0 ;0 ;0 ;0 ;0 ;0 ;0 ;0 ;0 ;
22.94547 ;0 ; ;0 ;0 ;0 ;0 ;0 ;0 ;0 ;0 ;0 ;
22.96547 ;0 ; ;0 ;0 ;0 ;0 ;0 ;0 ;0 ;0 ;0 ;
22.98547 ;0 ; ;0 ;0 ;0 ;0 ;0 ;0 ;0 ;0 ;0 ;
23.00547 ;0 ; ;0 ;0 ;0 ;0 ;0 ;0 ;0 ;0 ;0 ;
23.02547 ;0 ; ;0 ;0 ;0 ;0 ;0 ;0 ;0 ;0 ;0 ;
23.04547 ;0 ; ;0 ;0 ;0 ;0 ;0 ;0 ;0 ;0 ;0 ;
23.06547 ;0 ; ;0 ;0 ;0 ;0 ;0 ;0 ;0 ;0 ;0 ;
23.08547 ;0 ; ;0 ;0 ;0 ;0 ;0 ;0 ;0 ;0 ;0 ;
23.10547 ;0 ; ;0 ;0 ;0 ;0 ;0 ;0 ;0 ;0 ;0 ;
23.12547 ;0 ; ;0 ;0 ;0 ;0 ;0 ;0 ;0 ;0 ;0 ;
23.14547 ;0 ; ;0 ;0 ;0 ;0 ;0 ;0 ;0 ;0 ;0 ;
23.16547 ;0 ; ;0 ;0 ;0 ;0 ;0 ;0 ;0 ;0 ;0 ;
23.18547 ;0 ; ;0 ;0 ;0 ;0 ;0 ;0 ;0 ;0 ;0 ;
23.20547 ;0 ; ;0 ;0 ;0 ;0 ;0 ;0 ;0 ;0 ;0 ;
23.22547 ;0 ; ;0 ;0 ;0 ;0 ;0 ;0 ;0 ;0 ;0 ;
23.24546 ;0 ; ;0 ;0 ;0 ;0 ;0 ;0 ;0 ;0 ;0 ;
23.26546 ;0 ; ;0 ;0 ;0 ;0 ;0 ;0 ;0 ;0 ;0 ;
23.28547 ;0 ; ;0 ;0 ;0 ;0 ;0 ;0 ;0 ;0 ;0 ;
23.30547 ;0 ; ;0 ;0 ;0 ;0 ;0 ;0 ;0 ;0 ;0 ;
23.32547 ;0 ; ;0 ;0 ;0 ;0 ;0 ;0 ;0 ;0 ;0 ;
23.34547 ;0 ; ;0 ;0 ;0 ;0 ;0 ;0 ;0 ;0 ;0 ;
23.36547 ;0 ; ;0 ;0 ;0 ;0 ;0 ;0 ;0 ;0 ;0 ;
23.38547 ;0 ; ;0 ;0 ;0 ;0 ;0 ;0 ;0 ;0 ;0 ;
23.40546 ;0 ; ;0 ;0 ;0 ;0 ;0 ;0 ;0 ;0 ;0 ;
23.42546 ;0 ; ;0 ;0 ;0 ;0 ;0 ;0 ;0 ;0 ;0 ;
23.44547 ;0 ; ;0 ;0 ;0 ;0 ;0 ;0 ;0 ;0 ;0 ;
23.46547 ;0 ; ;0 ;0 ;0 ;0 ;0 ;0 ;0 ;0 ;0 ;
23.48547 ;0 ; ;0 ;0 ;0 ;0 ;0 ;0 ;0 ;0 ;0 ;
23.50547 ;0 ; ;0 ;0 ;0 ;0 ;0 ;0 ;0 ;0 ;0 ;
23.52547 ;0 ; ;0 ;0 ;0 ;0 ;0 ;0 ;0 ;0 ;0 ;
23.54547 ;0 ; ;0 ;0 ;0 ;0 ;0 ;0 ;0 ;0 ;0 ;
23.56547 ;0 ; ;0 ;0 ;0 ;0 ;0 ;0 ;0 ;0 ;0 ;
23.58546 ;0 ; ;0 ;0 ;0 ;0 ;0 ;0 ;0 ;0 ;0 ;
23.60546 ;0 ; ;0 ;0 ;0 ;0 ;0 ;0 ;0 ;0 ;0 ;
23.62547 ;0 ; ;0 ;0 ;0 ;0 ;0 ;0 ;0 ;0 ;0 ;
23.64547 ;0 ; ;0 ;0 ;0 ;0 ;0 ;0 ;0 ;0 ;0 ;
23.66547 ;0 ; ;0 ;0 ;0 ;0 ;0 ;0 ;0 ;0 ;0 ;
23.68547 ;0 ; ;0 ;0 ;0 ;0 ;0 ;0 ;0 ;0 ;0 ;
23.70547 ;0 ; ;0 ;0 ;0 ;0 ;0 ;0 ;0 ;0 ;0 ;
23.72547 ;0 ; ;0 ;0 ;0 ;0 ;0 ;0 ;0 ;0 ;0 ;
23.74546 ;0 ; ;0 ;0 ;0 ;0 ;0 ;0 ;0 ;0 ;0 ;
23.76546 ;0 ; ;0 ;0 ;0 ;0 ;0 ;0 ;0 ;0 ;0 ;
23.78547 ;0 ; ;0 ;0 ;0 ;0 ;0 ;0 ;0 ;0 ;0 ;
23.80547 ;0 ; ;0 ;0 ;0 ;0 ;0 ;0 ;0 ;0 ;0 ;
23.82547 ;0 ; ;0 ;0 ;0 ;0 ;0 ;0 ;0 ;0 ;0 ;
23.84547 ;0 ; ;0 ;0 ;0 ;0 ;0 ;0 ;0 ;0 ;0 ;
23.86547 ;0 ; ;0 ;0 ;0 ;0 ;0 ;0 ;0 ;0 ;0 ;
23.88547 ;0 ; ;0 ;0 ;0 ;0 ;0 ;0 ;0 ;0 ;0 ;
23.90546 ;0 ; ;0 ;0 ;0 ;0 ;0 ;0 ;0 ;0 ;0 ;
23.92546 ;0 ; ;0 ;0 ;0 ;0 ;0 ;0 ;0 ;0 ;0 ;
23.94547 ;0 ; ;0 ;0 ;0 ;0 ;0 ;0 ;0 ;0 ;0 ;
23.96547 ;0 ; ;0 ;0 ;0 ;0 ;0 ;0 ;0 ;0 ;0 ;
23.98547 ;0 ; ;0 ;0 ;0 ;0 ;0 ;0 ;0 ;0 ;0 ;
24.00547 ;0 ; ;0 ;0 ;0 ;0 ;0 ;0 ;0 ;0 ;0 ;
24.02547 ;0 ; ;0 ;0 ;0 ;0 ;0 ;0 ;0 ;0 ;0 ;
24.04547 ;0 ; ;0 ;0 ;0 ;0 ;0 ;0 ;0 ;0 ;0 ;
24.06547 ;0 ; ;0 ;0 ;0 ;0 ;0 ;0 ;0 ;0 ;0 ;
24.08546 ;0 ; ;0 ;0 ;0 ;0 ;0 ;0 ;0 ;0 ;0 ;
24.10546 ;0 ; ;0 ;0 ;0 ;0 ;0 ;0 ;0 ;0 ;0 ;
24.12547 ;0 ; ;0 ;0 ;0 ;0 ;0 ;0 ;0 ;0 ;0 ;
24.14547 ;0 ; ;0 ;0 ;0 ;0 ;0 ;0 ;0 ;0 ;0 ;
24.16547 ;0 ; ;0 ;0 ;0 ;0 ;0 ;0 ;0 ;0 ;0 ;
24.18547 ;0 ; ;0 ;0 ;0 ;0 ;0 ;0 ;0 ;0 ;0 ;
24.20547 ;0 ; ;0 ;0 ;0 ;0 ;0 ;0 ;0 ;0 ;0 ;
24.22547 ;0 ; ;0 ;0 ;0 ;0 ;0 ;0 ;0 ;0 ;0 ;
24.24546 ;0 ; ;0 ;0 ;0 ;0 ;0 ;0 ;0 ;0 ;0 ;
24.26546 ;0 ; ;0 ;0 ;0 ;0 ;0 ;0 ;0 ;0 ;0 ;
24.28547 ;0 ; ;0 ;0 ;0 ;0 ;0 ;0 ;0 ;0 ;0 ;
24.30547 ;0 ; ;0 ;0 ;0 ;0 ;0 ;0 ;0 ;0 ;0 ;
24.32547 ;0 ; ;0 ;0 ;0 ;0 ;0 ;0 ;0 ;0 ;0 ;
24.34547 ;0 ; ;0 ;0 ;0 ;0 ;0 ;0 ;0 ;0 ;0 ;
24.36547 ;0 ; ;0 ;0 ;0 ;0 ;0 ;0 ;0 ;0 ;0 ;
24.38547 ;0 ; ;0 ;0 ;0 ;0 ;0 ;0 ;0 ;0 ;0 ;
24.40546 ;0 ; ;0 ;0 ;0 ;0 ;0 ;0 ;0 ;0 ;0 ;
24.42546 ;0 ; ;0 ;0 ;0 ;0 ;0 ;0 ;0 ;0 ;0 ;
24.44547 ;0 ; ;0 ;0 ;0 ;0 ;0 ;0 ;0 ;0 ;0 ;
24.46547 ;0 ; ;0 ;0 ;0 ;0 ;0 ;0 ;0 ;0 ;0 ;
24.48547 ;0 ; ;0 ;0 ;0 ;0 ;0 ;0 ;0 ;0 ;0 ;
24.50547 ;0 ; ;0 ;0 ;0 ;0 ;0 ;0 ;0 ;0 ;0 ;
24.52547 ;0 ; ;0 ;0 ;0 ;0 ;0 ;0 ;0 ;0 ;0 ;
24.54547 ;0 ; ;0 ;0 ;0 ;0 ;0 ;0 ;0 ;0 ;0 ;
24.56547 ;0 ; ;0 ;0 ;0 ;0 ;0 ;0 ;0 ;0 ;0 ;
24.58546 ;0 ; ;0 ;0 ;0 ;0 ;0 ;0 ;0 ;0 ;0 ;
24.60546 ;0 ; ;0 ;0 ;0 ;0 ;0 ;0 ;0 ;0 ;0 ;
24.62547 ;0 ; ;0 ;0 ;0 ;0 ;0 ;0 ;0 ;0 ;0 ;
24.64547 ;0 ; ;0 ;0 ;0 ;0 ;0 ;0 ;0 ;0 ;0 ;
24.66547 ;0 ; ;0 ;0 ;0 ;0 ;0 ;0 ;0 ;0 ;0 ;
24.68547 ;0 ; ;0 ;0 ;0 ;0 ;0 ;0 ;0 ;0 ;0 ;
24.70547 ;0 ; ;0 ;0 ;0 ;0 ;0 ;0 ;0 ;0 ;0 ;
24.72547 ;0 ; ;0 ;0 ;0 ;0 ;0 ;0 ;0 ;0 ;0 ;
24.74546 ;0 ; ;0 ;0 ;0 ;0 ;0 ;0 ;0 ;0 ;0 ;
24.76546 ;0 ; ;0 ;0 ;0 ;0 ;0 ;0 ;0 ;0 ;0 ;
