Mouse and Keyboard; 2024-10-17 12:57:55.879 ;
timestamp; status;interrupt;MovementLR; ; ;MovementFB; ; ;PlayerOrientation; ; ;
msec; Game Status; code;x; y; ;x; y; ;x; y; ;
6.063187 ;0 ;5 ;0 ;0 ;0 ;0 ;0 ;0 ;0 ;0 ;0 ;
5.78 ;0 ; ;0 ;0 ;0 ;0 ;0 ;0 ;0 ;0 ;0 ;
5.8 ;0 ; ;0 ;0 ;0 ;0 ;0 ;0 ;0 ;0 ;0 ;
5.82 ;0 ; ;0 ;0 ;0 ;0 ;0 ;0 ;0 ;0 ;0 ;
5.84 ;0 ; ;0 ;0 ;0 ;0 ;0 ;0 ;0 ;0 ;0 ;
5.86 ;0 ; ;0 ;0 ;0 ;0 ;0 ;0 ;0 ;0 ;0 ;
5.88 ;0 ; ;0 ;0 ;0 ;0 ;0 ;0 ;0 ;0 ;0 ;
5.9 ;0 ; ;0 ;0 ;0 ;0 ;0 ;0 ;0 ;0 ;0 ;
5.92 ;0 ; ;0 ;0 ;0 ;0 ;0 ;0 ;0 ;0 ;0 ;
5.94 ;0 ; ;0 ;0 ;0 ;0 ;0 ;0 ;0 ;0 ;0 ;
5.96 ;0 ; ;0 ;0 ;0 ;0 ;0 ;0 ;0 ;0 ;0 ;
5.98 ;0 ; ;0 ;0 ;0 ;0 ;0 ;0 ;0 ;0 ;0 ;
6 ;0 ; ;0 ;0 ;0 ;0 ;0 ;0 ;0 ;0 ;0 ;
6.02 ;0 ; ;0 ;0 ;0 ;0 ;0 ;0 ;0 ;0 ;0 ;
6.04 ;0 ; ;0 ;0 ;0 ;0 ;0 ;0 ;0 ;0 ;0 ;
6.06 ;0 ; ;0 ;0 ;0 ;0 ;0 ;0 ;0 ;0 ;0 ;
6.08 ;0 ; ;0 ;0 ;0 ;0 ;0 ;0 ;0 ;0 ;0 ;
6.1 ;0 ; ;0 ;0 ;0 ;0 ;0 ;0 ;0 ;0 ;0 ;
6.12 ;0 ; ;0 ;0 ;0 ;0 ;0 ;0 ;0 ;0 ;0 ;
6.14 ;0 ; ;0 ;0 ;0 ;0 ;0 ;0 ;0 ;0 ;0 ;
6.16 ;0 ; ;0 ;0 ;0 ;0 ;0 ;0 ;0 ;0 ;0 ;
6.18 ;0 ; ;0 ;0 ;0 ;0 ;0 ;0 ;0 ;0 ;0 ;
6.2 ;0 ; ;0 ;0 ;0 ;0 ;0 ;0 ;0 ;0 ;0 ;
6.22 ;0 ; ;0 ;0 ;0 ;0 ;0 ;0 ;0 ;0 ;0 ;
6.24 ;0 ; ;0 ;0 ;0 ;0 ;0 ;0 ;0 ;0 ;0 ;
6.26 ;0 ; ;0 ;0 ;0 ;0 ;0 ;0 ;0 ;0 ;0 ;
6.28 ;0 ; ;0 ;0 ;0 ;0 ;0 ;0 ;0 ;0 ;0 ;
6.3 ;0 ; ;0 ;0 ;0 ;0 ;0 ;0 ;0 ;0 ;0 ;
6.32 ;0 ; ;0 ;0 ;0 ;0 ;0 ;0 ;0 ;0 ;0 ;
6.34 ;0 ; ;0 ;0 ;0 ;0 ;0 ;0 ;0 ;0 ;0 ;
6.36 ;0 ; ;0 ;0 ;0 ;0 ;0 ;0 ;0 ;0 ;0 ;
6.38 ;0 ; ;0 ;0 ;0 ;0 ;0 ;0 ;0 ;0 ;0 ;
6.4 ;0 ; ;0 ;0 ;0 ;0 ;0 ;0 ;0 ;0 ;0 ;
6.42 ;0 ; ;0 ;0 ;0 ;0 ;0 ;0 ;0 ;0 ;0 ;
6.44 ;0 ; ;0 ;0 ;0 ;0 ;0 ;0 ;0 ;0 ;0 ;
6.46 ;0 ; ;0 ;0 ;0 ;0 ;0 ;0 ;0 ;0 ;0 ;
6.48 ;0 ; ;0 ;0 ;0 ;0 ;0 ;0 ;0 ;0 ;0 ;
6.5 ;0 ; ;0 ;0 ;0 ;0 ;0 ;0 ;0 ;0 ;0 ;
6.52 ;0 ; ;0 ;0 ;0 ;0 ;0 ;0 ;0 ;0 ;0 ;
6.54 ;0 ; ;0 ;0 ;0 ;0 ;0 ;0 ;0 ;0 ;0 ;
6.56 ;0 ; ;0 ;0 ;0 ;0 ;0 ;0 ;0 ;0 ;0 ;
6.58 ;0 ; ;0 ;0 ;0 ;0 ;0 ;0 ;0 ;0 ;0 ;
6.6 ;0 ; ;0 ;0 ;0 ;0 ;0 ;0 ;0 ;0 ;0 ;
6.62 ;0 ; ;0 ;0 ;0 ;0 ;0 ;0 ;0 ;0 ;0 ;
6.64 ;0 ; ;0 ;0 ;0 ;0 ;0 ;0 ;0 ;0 ;0 ;
6.66 ;0 ; ;0 ;0 ;0 ;0 ;0 ;0 ;0 ;0 ;0 ;
6.68 ;0 ; ;0 ;0 ;0 ;0 ;0 ;0 ;0 ;0 ;0 ;
6.7 ;0 ; ;0 ;0 ;0 ;0 ;0 ;0 ;0 ;0 ;0 ;
6.72 ;0 ; ;0 ;0 ;0 ;0 ;0 ;0 ;0 ;0 ;0 ;
6.74 ;0 ; ;0 ;0 ;0 ;0 ;0 ;0 ;0 ;0 ;0 ;
6.76 ;0 ; ;0 ;0 ;0 ;0 ;0 ;0 ;0 ;0 ;0 ;
6.78 ;0 ; ;0 ;0 ;0 ;0 ;0 ;0 ;0 ;0 ;0 ;
6.8 ;0 ; ;0 ;0 ;0 ;0 ;0 ;0 ;0 ;0 ;0 ;
6.82 ;0 ; ;0 ;0 ;0 ;0 ;0 ;0 ;0 ;0 ;0 ;
6.84 ;0 ; ;0 ;0 ;0 ;0 ;0 ;0 ;0 ;0 ;0 ;
6.86 ;0 ; ;0 ;0 ;0 ;0 ;0 ;0 ;0 ;0 ;0 ;
6.88 ;0 ; ;0 ;0 ;0 ;0 ;0 ;0 ;0 ;0 ;0 ;
6.9 ;0 ; ;0 ;0 ;0 ;0 ;0 ;0 ;0 ;0 ;0 ;
6.92 ;0 ; ;0 ;0 ;0 ;0 ;0 ;0 ;0 ;0 ;0 ;
6.94 ;0 ; ;0 ;0 ;0 ;0 ;0 ;0 ;0 ;0 ;0 ;
6.96 ;0 ; ;0 ;0 ;0 ;0 ;0 ;0 ;0 ;0 ;0 ;
6.98 ;0 ; ;0 ;0 ;0 ;0 ;0 ;0 ;0 ;0 ;0 ;
7 ;0 ; ;0 ;0 ;0 ;0 ;0 ;0 ;0 ;0 ;0 ;
7.02 ;0 ; ;0 ;0 ;0 ;0 ;0 ;0 ;0 ;0 ;0 ;
7.04 ;0 ; ;0 ;0 ;0 ;0 ;0 ;0 ;0 ;0 ;0 ;
7.06 ;0 ; ;0 ;0 ;0 ;0 ;0 ;0 ;0 ;0 ;0 ;
7.08 ;0 ; ;0 ;0 ;0 ;0 ;0 ;0 ;0 ;0 ;0 ;
7.1 ;0 ; ;0 ;0 ;0 ;0 ;0 ;0 ;0 ;0 ;0 ;
7.12 ;0 ; ;0 ;0 ;0 ;0 ;0 ;0 ;0 ;0 ;0 ;
7.14 ;0 ; ;0 ;0 ;0 ;0 ;0 ;0 ;0 ;0 ;0 ;
7.16 ;0 ; ;0 ;0 ;0 ;0 ;0 ;0 ;0 ;0 ;0 ;
7.18 ;0 ; ;0 ;0 ;0 ;0 ;0 ;0 ;0 ;0 ;0 ;
7.2 ;0 ; ;0 ;0 ;0 ;0 ;0 ;0 ;0 ;0 ;0 ;
7.22 ;0 ; ;0 ;0 ;0 ;0 ;0 ;0 ;0 ;0 ;0 ;
7.24 ;0 ; ;0 ;0 ;0 ;0 ;0 ;0 ;0 ;0 ;0 ;
7.26 ;0 ; ;0 ;0 ;0 ;0 ;0 ;0 ;0 ;0 ;0 ;
7.28 ;0 ; ;0 ;0 ;0 ;0 ;0 ;0 ;0 ;0 ;0 ;
7.3 ;0 ; ;0 ;0 ;0 ;0 ;0 ;0 ;0 ;0 ;0 ;
7.32 ;0 ; ;0 ;0 ;0 ;0 ;0 ;0 ;0 ;0 ;0 ;
7.34 ;0 ; ;0 ;0 ;0 ;0 ;0 ;0 ;0 ;0 ;0 ;
7.36 ;0 ; ;0 ;0 ;0 ;0 ;0 ;0 ;0 ;0 ;0 ;
7.38 ;0 ; ;0 ;0 ;0 ;0 ;0 ;0 ;0 ;0 ;0 ;
7.4 ;0 ; ;0 ;0 ;0 ;0 ;0 ;0 ;0 ;0 ;0 ;
7.42 ;0 ; ;0 ;0 ;0 ;0 ;0 ;0 ;0 ;0 ;0 ;
7.44 ;0 ; ;0 ;0 ;0 ;0 ;0 ;0 ;0 ;0 ;0 ;
7.46 ;0 ; ;0 ;0 ;0 ;0 ;0 ;0 ;0 ;0 ;0 ;
7.48 ;0 ; ;0 ;0 ;0 ;0 ;0 ;0 ;0 ;0 ;0 ;
7.5 ;0 ; ;0 ;0 ;0 ;0 ;0 ;0 ;0 ;0 ;0 ;
7.52 ;0 ; ;0 ;0 ;0 ;0 ;0 ;0 ;0 ;0 ;0 ;
7.54 ;0 ; ;0 ;0 ;0 ;0 ;0 ;0 ;0 ;0 ;0 ;
7.56 ;0 ; ;0 ;0 ;0 ;0 ;0 ;0 ;0 ;0 ;0 ;
7.58 ;0 ; ;0 ;0 ;0 ;0 ;0 ;0 ;0 ;0 ;0 ;
7.6 ;0 ; ;0 ;0 ;0 ;0 ;0 ;0 ;0 ;0 ;0 ;
7.62 ;0 ; ;0 ;0 ;0 ;0 ;0 ;0 ;0 ;0 ;0 ;
7.64 ;0 ; ;0 ;0 ;0 ;0 ;0 ;0 ;0 ;0 ;0 ;
7.66 ;0 ; ;0 ;0 ;0 ;0 ;0 ;0 ;0 ;0 ;0 ;
7.68 ;0 ; ;0 ;0 ;0 ;0 ;0 ;0 ;0 ;0 ;0 ;
7.7 ;0 ; ;0 ;0 ;0 ;0 ;0 ;0 ;0 ;0 ;0 ;
7.72 ;0 ; ;0 ;0 ;0 ;0 ;0 ;0 ;0 ;0 ;0 ;
7.74 ;0 ; ;0 ;0 ;0 ;0 ;0 ;0 ;0 ;0 ;0 ;
7.76 ;0 ; ;0 ;0 ;0 ;0 ;0 ;0 ;0 ;0 ;0 ;
7.78 ;0 ; ;0 ;0 ;0 ;0 ;0 ;0 ;0 ;0 ;0 ;
7.8 ;0 ; ;0 ;0 ;0 ;0 ;0 ;0 ;0 ;0 ;0 ;
7.82 ;0 ; ;0 ;0 ;0 ;0 ;0 ;0 ;0 ;0 ;0 ;
7.84 ;0 ; ;0 ;0 ;0 ;0 ;0 ;0 ;0 ;0 ;0 ;
7.86 ;0 ; ;0 ;0 ;0 ;0 ;0 ;0 ;0 ;0 ;0 ;
7.88 ;0 ; ;0 ;0 ;0 ;0 ;0 ;0 ;0 ;0 ;0 ;
7.9 ;0 ; ;0 ;0 ;0 ;0 ;0 ;0 ;0 ;0 ;0 ;
7.92 ;0 ; ;0 ;0 ;0 ;0 ;0 ;0 ;0 ;0 ;0 ;
7.94 ;0 ; ;0 ;0 ;0 ;0 ;0 ;0 ;0 ;0 ;0 ;
7.96 ;0 ; ;0 ;0 ;0 ;0 ;0 ;0 ;0 ;0 ;0 ;
7.98 ;0 ; ;0 ;0 ;0 ;0 ;0 ;0 ;0 ;0 ;0 ;
8 ;0 ; ;0 ;0 ;0 ;0 ;0 ;0 ;0 ;0 ;0 ;
8.02 ;0 ; ;0 ;0 ;0 ;0 ;0 ;0 ;0 ;0 ;0 ;
8.04 ;0 ; ;0 ;0 ;0 ;0 ;0 ;0 ;0 ;0 ;0 ;
8.059999 ;0 ; ;0 ;0 ;0 ;0 ;0 ;0 ;0 ;0 ;0 ;
8.08 ;0 ; ;0 ;0 ;0 ;0 ;0 ;0 ;0 ;0 ;0 ;
8.099999 ;0 ; ;0 ;0 ;0 ;0 ;0 ;0 ;0 ;0 ;0 ;
8.12 ;0 ; ;0 ;0 ;0 ;0 ;0 ;0 ;0 ;0 ;0 ;
8.139999 ;0 ; ;0 ;0 ;0 ;0 ;0 ;0 ;0 ;0 ;0 ;
8.16 ;0 ; ;0 ;0 ;0 ;0 ;0 ;0 ;0 ;0 ;0 ;
8.179999 ;0 ; ;0 ;0 ;0 ;0 ;0 ;0 ;0 ;0 ;0 ;
8.2 ;0 ; ;0 ;0 ;0 ;0 ;0 ;0 ;0 ;0 ;0 ;
8.22 ;0 ; ;0 ;0 ;0 ;0 ;0 ;0 ;0 ;0 ;0 ;
8.24 ;0 ; ;0 ;0 ;0 ;0 ;0 ;0 ;0 ;0 ;0 ;
8.26 ;0 ; ;0 ;0 ;0 ;0 ;0 ;0 ;0 ;0 ;0 ;
8.28 ;0 ; ;0 ;0 ;0 ;0 ;0 ;0 ;0 ;0 ;0 ;
8.3 ;0 ; ;0 ;0 ;0 ;0 ;0 ;0 ;0 ;0 ;0 ;
8.32 ;0 ; ;0 ;0 ;0 ;0 ;0 ;0 ;0 ;0 ;0 ;
8.34 ;0 ; ;0 ;0 ;0 ;0 ;0 ;0 ;0 ;0 ;0 ;
8.36 ;0 ; ;0 ;0 ;0 ;0 ;0 ;0 ;0 ;0 ;0 ;
8.38 ;0 ; ;0 ;0 ;0 ;0 ;0 ;0 ;0 ;0 ;0 ;
8.4 ;0 ; ;0 ;0 ;0 ;0 ;0 ;0 ;0 ;0 ;0 ;
8.42 ;0 ; ;0 ;0 ;0 ;0 ;0 ;0 ;0 ;0 ;0 ;
8.44 ;0 ; ;0 ;0 ;0 ;0 ;0 ;0 ;0 ;0 ;0 ;
8.46 ;0 ; ;0 ;0 ;0 ;0 ;0 ;0 ;0 ;0 ;0 ;
8.48 ;0 ; ;0 ;0 ;0 ;0 ;0 ;0 ;0 ;0 ;0 ;
8.5 ;0 ; ;0 ;0 ;0 ;0 ;0 ;0 ;0 ;0 ;0 ;
8.52 ;0 ; ;0 ;0 ;0 ;0 ;0 ;0 ;0 ;0 ;0 ;
8.54 ;0 ; ;0 ;0 ;0 ;0 ;0 ;0 ;0 ;0 ;0 ;
8.559999 ;0 ; ;0 ;0 ;0 ;0 ;0 ;0 ;0 ;0 ;0 ;
8.58 ;0 ; ;0 ;0 ;0 ;0 ;0 ;0 ;0 ;0 ;0 ;
8.599999 ;0 ; ;0 ;0 ;0 ;0 ;0 ;0 ;0 ;0 ;0 ;
8.62 ;0 ; ;0 ;0 ;0 ;0 ;0 ;0 ;0 ;0 ;0 ;
8.639999 ;0 ; ;0 ;0 ;0 ;0 ;0 ;0 ;0 ;0 ;0 ;
8.66 ;0 ; ;0 ;0 ;0 ;0 ;0 ;0 ;0 ;0 ;0 ;
8.679999 ;0 ; ;0 ;0 ;0 ;0 ;0 ;0 ;0 ;0 ;0 ;
8.7 ;0 ; ;0 ;0 ;0 ;0 ;0 ;0 ;0 ;0 ;0 ;
8.72 ;0 ; ;0 ;0 ;0 ;0 ;0 ;0 ;0 ;0 ;0 ;
8.74 ;0 ; ;0 ;0 ;0 ;0 ;0 ;0 ;0 ;0 ;0 ;
8.76 ;0 ; ;0 ;0 ;0 ;0 ;0 ;0 ;0 ;0 ;0 ;
8.78 ;0 ; ;0 ;0 ;0 ;0 ;0 ;0 ;0 ;0 ;0 ;
8.8 ;0 ; ;0 ;0 ;0 ;0 ;0 ;0 ;0 ;0 ;0 ;
8.82 ;0 ; ;0 ;0 ;0 ;0 ;0 ;0 ;0 ;0 ;0 ;
8.84 ;0 ; ;0 ;0 ;0 ;0 ;0 ;0 ;0 ;0 ;0 ;
8.86 ;0 ; ;0 ;0 ;0 ;0 ;0 ;0 ;0 ;0 ;0 ;
8.88 ;0 ; ;0 ;0 ;0 ;0 ;0 ;0 ;0 ;0 ;0 ;
8.9 ;0 ; ;0 ;0 ;0 ;0 ;0 ;0 ;0 ;0 ;0 ;
8.92 ;0 ; ;0 ;0 ;0 ;0 ;0 ;0 ;0 ;0 ;0 ;
8.94 ;0 ; ;0 ;0 ;0 ;0 ;0 ;0 ;0 ;0 ;0 ;
8.96 ;0 ; ;0 ;0 ;0 ;0 ;0 ;0 ;0 ;0 ;0 ;
8.98 ;0 ; ;0 ;0 ;0 ;0 ;0 ;0 ;0 ;0 ;0 ;
9 ;0 ; ;0 ;0 ;0 ;0 ;0 ;0 ;0 ;0 ;0 ;
9.02 ;0 ; ;0 ;0 ;0 ;0 ;0 ;0 ;0 ;0 ;0 ;
9.04 ;0 ; ;0 ;0 ;0 ;0 ;0 ;0 ;0 ;0 ;0 ;
9.059999 ;0 ; ;0 ;0 ;0 ;0 ;0 ;0 ;0 ;0 ;0 ;
9.08 ;0 ; ;0 ;0 ;0 ;0 ;0 ;0 ;0 ;0 ;0 ;
9.099999 ;0 ; ;0 ;0 ;0 ;0 ;0 ;0 ;0 ;0 ;0 ;
9.12 ;0 ; ;0 ;0 ;0 ;0 ;0 ;0 ;0 ;0 ;0 ;
9.139999 ;0 ; ;0 ;0 ;0 ;0 ;0 ;0 ;0 ;0 ;0 ;
9.16 ;0 ; ;0 ;0 ;0 ;0 ;0 ;0 ;0 ;0 ;0 ;
9.179999 ;0 ; ;0 ;0 ;0 ;0 ;0 ;0 ;0 ;0 ;0 ;
9.2 ;0 ; ;0 ;0 ;0 ;0 ;0 ;0 ;0 ;0 ;0 ;
9.22 ;0 ; ;0 ;0 ;0 ;0 ;0 ;0 ;0 ;0 ;0 ;
9.24 ;0 ; ;0 ;0 ;0 ;0 ;0 ;0 ;0 ;0 ;0 ;
9.26 ;0 ; ;0 ;0 ;0 ;0 ;0 ;0 ;0 ;0 ;0 ;
9.28 ;0 ; ;0 ;0 ;0 ;0 ;0 ;0 ;0 ;0 ;0 ;
9.3 ;0 ; ;0 ;0 ;0 ;0 ;0 ;0 ;0 ;0 ;0 ;
9.32 ;0 ; ;0 ;0 ;0 ;0 ;0 ;0 ;0 ;0 ;0 ;
9.34 ;0 ; ;0 ;0 ;0 ;0 ;0 ;0 ;0 ;0 ;0 ;
9.36 ;0 ; ;0 ;0 ;0 ;0 ;0 ;0 ;0 ;0 ;0 ;
9.38 ;0 ; ;0 ;0 ;0 ;0 ;0 ;0 ;0 ;0 ;0 ;
9.4 ;0 ; ;0 ;0 ;0 ;0 ;0 ;0 ;0 ;0 ;0 ;
9.42 ;0 ; ;0 ;0 ;0 ;0 ;0 ;0 ;0 ;0 ;0 ;
9.44 ;0 ; ;0 ;0 ;0 ;0 ;0 ;0 ;0 ;0 ;0 ;
9.46 ;0 ; ;0 ;0 ;0 ;0 ;0 ;0 ;0 ;0 ;0 ;
9.48 ;0 ; ;0 ;0 ;0 ;0 ;0 ;0 ;0 ;0 ;0 ;
9.5 ;0 ; ;0 ;0 ;0 ;0 ;0 ;0 ;0 ;0 ;0 ;
9.52 ;0 ; ;0 ;0 ;0 ;0 ;0 ;0 ;0 ;0 ;0 ;
9.54 ;0 ; ;0 ;0 ;0 ;0 ;0 ;0 ;0 ;0 ;0 ;
9.559999 ;0 ; ;0 ;0 ;0 ;0 ;0 ;0 ;0 ;0 ;0 ;
9.58 ;0 ; ;0 ;0 ;0 ;0 ;0 ;0 ;0 ;0 ;0 ;
9.599999 ;0 ; ;0 ;0 ;0 ;0 ;0 ;0 ;0 ;0 ;0 ;
9.62 ;0 ; ;0 ;0 ;0 ;0 ;0 ;0 ;0 ;0 ;0 ;
9.639999 ;0 ; ;0 ;0 ;0 ;0 ;0 ;0 ;0 ;0 ;0 ;
9.66 ;0 ; ;0 ;0 ;0 ;0 ;0 ;0 ;0 ;0 ;0 ;
9.679999 ;0 ; ;0 ;0 ;0 ;0 ;0 ;0 ;0 ;0 ;0 ;
9.7 ;0 ; ;0 ;0 ;0 ;0 ;0 ;0 ;0 ;0 ;0 ;
9.719999 ;0 ; ;0 ;0 ;0 ;0 ;0 ;0 ;0 ;0 ;0 ;
9.74 ;0 ; ;0 ;0 ;0 ;0 ;0 ;0 ;0 ;0 ;0 ;
9.76 ;0 ; ;0 ;0 ;0 ;0 ;0 ;0 ;0 ;0 ;0 ;
9.78 ;0 ; ;0 ;0 ;0 ;0 ;0 ;0 ;0 ;0 ;0 ;
9.8 ;0 ; ;0 ;0 ;0 ;0 ;0 ;0 ;0 ;0 ;0 ;
9.82 ;0 ; ;0 ;0 ;0 ;0 ;0 ;0 ;0 ;0 ;0 ;
9.84 ;0 ; ;0 ;0 ;0 ;0 ;0 ;0 ;0 ;0 ;0 ;
9.86 ;0 ; ;0 ;0 ;0 ;0 ;0 ;0 ;0 ;0 ;0 ;
9.88 ;0 ; ;0 ;0 ;0 ;0 ;0 ;0 ;0 ;0 ;0 ;
9.9 ;0 ; ;0 ;0 ;0 ;0 ;0 ;0 ;0 ;0 ;0 ;
9.92 ;0 ; ;0 ;0 ;0 ;0 ;0 ;0 ;0 ;0 ;0 ;
9.94 ;0 ; ;0 ;0 ;0 ;0 ;0 ;0 ;0 ;0 ;0 ;
9.96 ;0 ; ;0 ;0 ;0 ;0 ;0 ;0 ;0 ;0 ;0 ;
9.98 ;0 ; ;0 ;0 ;0 ;0 ;0 ;0 ;0 ;0 ;0 ;
10 ;0 ; ;0 ;0 ;0 ;0 ;0 ;0 ;0 ;0 ;0 ;
10.02 ;0 ; ;0 ;0 ;0 ;0 ;0 ;0 ;0 ;0 ;0 ;
10.04 ;0 ; ;0 ;0 ;0 ;0 ;0 ;0 ;0 ;0 ;0 ;
10.06 ;0 ; ;0 ;0 ;0 ;0 ;0 ;0 ;0 ;0 ;0 ;
10.08 ;0 ; ;0 ;0 ;0 ;0 ;0 ;0 ;0 ;0 ;0 ;
10.1 ;0 ; ;0 ;0 ;0 ;0 ;0 ;0 ;0 ;0 ;0 ;
10.12 ;0 ; ;0 ;0 ;0 ;0 ;0 ;0 ;0 ;0 ;0 ;
10.14 ;0 ; ;0 ;0 ;0 ;0 ;0 ;0 ;0 ;0 ;0 ;
10.16 ;0 ; ;0 ;0 ;0 ;0 ;0 ;0 ;0 ;0 ;0 ;
10.18 ;0 ; ;0 ;0 ;0 ;0 ;0 ;0 ;0 ;0 ;0 ;
10.2 ;0 ; ;0 ;0 ;0 ;0 ;0 ;0 ;0 ;0 ;0 ;
10.22 ;0 ; ;0 ;0 ;0 ;0 ;0 ;0 ;0 ;0 ;0 ;
10.24 ;0 ; ;0 ;0 ;0 ;0 ;0 ;0 ;0 ;0 ;0 ;
10.26 ;0 ; ;0 ;0 ;0 ;0 ;0 ;0 ;0 ;0 ;0 ;
10.28 ;0 ; ;0 ;0 ;0 ;0 ;0 ;0 ;0 ;0 ;0 ;
10.3 ;0 ; ;0 ;0 ;0 ;0 ;0 ;0 ;0 ;0 ;0 ;
10.32 ;0 ; ;0 ;0 ;0 ;0 ;0 ;0 ;0 ;0 ;0 ;
10.34 ;0 ; ;0 ;0 ;0 ;0 ;0 ;0 ;0 ;0 ;0 ;
10.36 ;0 ; ;0 ;0 ;0 ;0 ;0 ;0 ;0 ;0 ;0 ;
10.38 ;0 ; ;0 ;0 ;0 ;0 ;0 ;0 ;0 ;0 ;0 ;
10.4 ;0 ; ;0 ;0 ;0 ;0 ;0 ;0 ;0 ;0 ;0 ;
10.42 ;0 ; ;0 ;0 ;0 ;0 ;0 ;0 ;0 ;0 ;0 ;
10.44 ;0 ; ;0 ;0 ;0 ;0 ;0 ;0 ;0 ;0 ;0 ;
10.46 ;0 ; ;0 ;0 ;0 ;0 ;0 ;0 ;0 ;0 ;0 ;
10.48 ;0 ; ;0 ;0 ;0 ;0 ;0 ;0 ;0 ;0 ;0 ;
10.5 ;0 ; ;0 ;0 ;0 ;0 ;0 ;0 ;0 ;0 ;0 ;
10.52 ;0 ; ;0 ;0 ;0 ;0 ;0 ;0 ;0 ;0 ;0 ;
10.54 ;0 ; ;0 ;0 ;0 ;0 ;0 ;0 ;0 ;0 ;0 ;
10.56 ;0 ; ;0 ;0 ;0 ;0 ;0 ;0 ;0 ;0 ;0 ;
10.58 ;0 ; ;0 ;0 ;0 ;0 ;0 ;0 ;0 ;0 ;0 ;
10.6 ;0 ; ;0 ;0 ;0 ;0 ;0 ;0 ;0 ;0 ;0 ;
10.62 ;0 ; ;0 ;0 ;0 ;0 ;0 ;0 ;0 ;0 ;0 ;
10.64 ;0 ; ;0 ;0 ;0 ;0 ;0 ;0 ;0 ;0 ;0 ;
10.66 ;0 ; ;0 ;0 ;0 ;0 ;0 ;0 ;0 ;0 ;0 ;
10.68 ;0 ; ;0 ;0 ;0 ;0 ;0 ;0 ;0 ;0 ;0 ;
10.7 ;0 ; ;0 ;0 ;0 ;0 ;0 ;0 ;0 ;0 ;0 ;
10.72 ;0 ; ;0 ;0 ;0 ;0 ;0 ;0 ;0 ;0 ;0 ;
10.74 ;0 ; ;0 ;0 ;0 ;0 ;0 ;0 ;0 ;0 ;0 ;
10.76 ;0 ; ;0 ;0 ;0 ;0 ;0 ;0 ;0 ;0 ;0 ;
10.78 ;0 ; ;0 ;0 ;0 ;0 ;0 ;0 ;0 ;0 ;0 ;
10.8 ;0 ; ;0 ;0 ;0 ;0 ;0 ;0 ;0 ;0 ;0 ;
10.82 ;0 ; ;0 ;0 ;0 ;0 ;0 ;0 ;0 ;0 ;0 ;
10.84 ;0 ; ;0 ;0 ;0 ;0 ;0 ;0 ;0 ;0 ;0 ;
10.86 ;0 ; ;0 ;0 ;0 ;0 ;0 ;0 ;0 ;0 ;0 ;
10.88 ;0 ; ;0 ;0 ;0 ;0 ;0 ;0 ;0 ;0 ;0 ;
10.9 ;0 ; ;0 ;0 ;0 ;0 ;0 ;0 ;0 ;0 ;0 ;
10.92 ;0 ; ;0 ;0 ;0 ;0 ;0 ;0 ;0 ;0 ;0 ;
10.94 ;0 ; ;0 ;0 ;0 ;0 ;0 ;0 ;0 ;0 ;0 ;
10.96 ;0 ; ;0 ;0 ;0 ;0 ;0 ;0 ;0 ;0 ;0 ;
10.98 ;0 ; ;0 ;0 ;0 ;0 ;0 ;0 ;0 ;0 ;0 ;
11 ;0 ; ;0 ;0 ;0 ;0 ;0 ;0 ;0 ;0 ;0 ;
11.02 ;0 ; ;0 ;0 ;0 ;0 ;0 ;0 ;0 ;0 ;0 ;
11.04 ;0 ; ;0 ;0 ;0 ;0 ;0 ;0 ;0 ;0 ;0 ;
11.06 ;0 ; ;0 ;0 ;0 ;0 ;0 ;0 ;0 ;0 ;0 ;
11.08 ;0 ; ;0 ;0 ;0 ;0 ;0 ;0 ;0 ;0 ;0 ;
11.1 ;0 ; ;0 ;0 ;0 ;0 ;0 ;0 ;0 ;0 ;0 ;
11.12 ;0 ; ;0 ;0 ;0 ;0 ;0 ;0 ;0 ;0 ;0 ;
11.14 ;0 ; ;0 ;0 ;0 ;0 ;0 ;0 ;0 ;0 ;0 ;
11.16 ;0 ; ;0 ;0 ;0 ;0 ;0 ;0 ;0 ;0 ;0 ;
11.18 ;0 ; ;0 ;0 ;0 ;0 ;0 ;0 ;0 ;0 ;0 ;
11.2 ;0 ; ;0 ;0 ;0 ;0 ;0 ;0 ;0 ;0 ;0 ;
11.22 ;0 ; ;0 ;0 ;0 ;0 ;0 ;0 ;0 ;0 ;0 ;
11.24 ;0 ; ;0 ;0 ;0 ;0 ;0 ;0 ;0 ;0 ;0 ;
11.26 ;0 ; ;0 ;0 ;0 ;0 ;0 ;0 ;0 ;0 ;0 ;
11.28 ;0 ; ;0 ;0 ;0 ;0 ;0 ;0 ;0 ;0 ;0 ;
11.3 ;0 ; ;0 ;0 ;0 ;0 ;0 ;0 ;0 ;0 ;0 ;
11.32 ;0 ; ;0 ;0 ;0 ;0 ;0 ;0 ;0 ;0 ;0 ;
11.34 ;0 ; ;0 ;0 ;0 ;0 ;0 ;0 ;0 ;0 ;0 ;
11.36 ;0 ; ;0 ;0 ;0 ;0 ;0 ;0 ;0 ;0 ;0 ;
11.38 ;0 ; ;0 ;0 ;0 ;0 ;0 ;0 ;0 ;0 ;0 ;
11.4 ;0 ; ;0 ;0 ;0 ;0 ;0 ;0 ;0 ;0 ;0 ;
11.42 ;0 ; ;0 ;0 ;0 ;0 ;0 ;0 ;0 ;0 ;0 ;
11.44 ;0 ; ;0 ;0 ;0 ;0 ;0 ;0 ;0 ;0 ;0 ;
11.46 ;0 ; ;0 ;0 ;0 ;0 ;0 ;0 ;0 ;0 ;0 ;
11.48 ;0 ; ;0 ;0 ;0 ;0 ;0 ;0 ;0 ;0 ;0 ;
11.5 ;0 ; ;0 ;0 ;0 ;0 ;0 ;0 ;0 ;0 ;0 ;
11.52 ;0 ; ;0 ;0 ;0 ;0 ;0 ;0 ;0 ;0 ;0 ;
11.54 ;0 ; ;0 ;0 ;0 ;0 ;0 ;0 ;0 ;0 ;0 ;
11.56 ;0 ; ;0 ;0 ;0 ;0 ;0 ;0 ;0 ;0 ;0 ;
11.58 ;0 ; ;0 ;0 ;0 ;0 ;0 ;0 ;0 ;0 ;0 ;
11.6 ;0 ; ;0 ;0 ;0 ;0 ;0 ;0 ;0 ;0 ;0 ;
11.62 ;0 ; ;0 ;0 ;0 ;0 ;0 ;0 ;0 ;0 ;0 ;
11.64 ;0 ; ;0 ;0 ;0 ;0 ;0 ;0 ;0 ;0 ;0 ;
11.66 ;0 ; ;0 ;0 ;0 ;0 ;0 ;0 ;0 ;0 ;0 ;
11.68 ;0 ; ;0 ;0 ;0 ;0 ;0 ;0 ;0 ;0 ;0 ;
11.7 ;0 ; ;0 ;0 ;0 ;0 ;0 ;0 ;0 ;0 ;0 ;
11.72 ;0 ; ;0 ;0 ;0 ;0 ;0 ;0 ;0 ;0 ;0 ;
11.74 ;0 ; ;0 ;0 ;0 ;0 ;0 ;0 ;0 ;0 ;0 ;
11.76 ;0 ; ;0 ;0 ;0 ;0 ;0 ;0 ;0 ;0 ;0 ;
11.78 ;0 ; ;0 ;0 ;0 ;0 ;0 ;0 ;0 ;0 ;0 ;
11.8 ;0 ; ;0 ;0 ;0 ;0 ;0 ;0 ;0 ;0 ;0 ;
11.82 ;0 ; ;0 ;0 ;0 ;0 ;0 ;0 ;0 ;0 ;0 ;
11.84 ;0 ; ;0 ;0 ;0 ;0 ;0 ;0 ;0 ;0 ;0 ;
11.86 ;0 ; ;0 ;0 ;0 ;0 ;0 ;0 ;0 ;0 ;0 ;
11.88 ;0 ; ;0 ;0 ;0 ;0 ;0 ;0 ;0 ;0 ;0 ;
11.9 ;0 ; ;0 ;0 ;0 ;0 ;0 ;0 ;0 ;0 ;0 ;
11.92 ;0 ; ;0 ;0 ;0 ;0 ;0 ;0 ;0 ;0 ;0 ;
11.94 ;0 ; ;0 ;0 ;0 ;0 ;0 ;0 ;0 ;0 ;0 ;
11.96 ;0 ; ;0 ;0 ;0 ;0 ;0 ;0 ;0 ;0 ;0 ;
11.98 ;0 ; ;0 ;0 ;0 ;0 ;0 ;0 ;0 ;0 ;0 ;
12 ;0 ; ;0 ;0 ;0 ;0 ;0 ;0 ;0 ;0 ;0 ;
12.02 ;0 ; ;0 ;0 ;0 ;0 ;0 ;0 ;0 ;0 ;0 ;
12.04 ;0 ; ;0 ;0 ;0 ;0 ;0 ;0 ;0 ;0 ;0 ;
12.06 ;0 ; ;0 ;0 ;0 ;0 ;0 ;0 ;0 ;0 ;0 ;
12.08 ;0 ; ;0 ;0 ;0 ;0 ;0 ;0 ;0 ;0 ;0 ;
12.1 ;0 ; ;0 ;0 ;0 ;0 ;0 ;0 ;0 ;0 ;0 ;
12.12 ;0 ; ;0 ;0 ;0 ;0 ;0 ;0 ;0 ;0 ;0 ;
12.14 ;0 ; ;0 ;0 ;0 ;0 ;0 ;0 ;0 ;0 ;0 ;
12.16 ;0 ; ;0 ;0 ;0 ;0 ;0 ;0 ;0 ;0 ;0 ;
12.18 ;0 ; ;0 ;0 ;0 ;0 ;0 ;0 ;0 ;0 ;0 ;
12.2 ;0 ; ;0 ;0 ;0 ;0 ;0 ;0 ;0 ;0 ;0 ;
12.22 ;0 ; ;0 ;0 ;0 ;0 ;0 ;0 ;0 ;0 ;0 ;
12.24 ;0 ; ;0 ;0 ;0 ;0 ;0 ;0 ;0 ;0 ;0 ;
12.26 ;0 ; ;0 ;0 ;0 ;0 ;0 ;0 ;0 ;0 ;0 ;
12.28 ;0 ; ;0 ;0 ;0 ;0 ;0 ;0 ;0 ;0 ;0 ;
12.3 ;0 ; ;0 ;0 ;0 ;0 ;0 ;0 ;0 ;0 ;0 ;
12.32 ;0 ; ;0 ;0 ;0 ;0 ;0 ;0 ;0 ;0 ;0 ;
12.34 ;0 ; ;0 ;0 ;0 ;0 ;0 ;0 ;0 ;0 ;0 ;
12.36 ;0 ; ;0 ;0 ;0 ;0 ;0 ;0 ;0 ;0 ;0 ;
12.38 ;0 ; ;0 ;0 ;0 ;0 ;0 ;0 ;0 ;0 ;0 ;
12.4 ;0 ; ;0 ;0 ;0 ;0 ;0 ;0 ;0 ;0 ;0 ;
12.42 ;0 ; ;0 ;0 ;0 ;0 ;0 ;0 ;0 ;0 ;0 ;
12.44 ;0 ; ;0 ;0 ;0 ;0 ;0 ;0 ;0 ;0 ;0 ;
12.46 ;0 ; ;0 ;0 ;0 ;0 ;0 ;0 ;0 ;0 ;0 ;
12.48 ;0 ; ;0 ;0 ;0 ;0 ;0 ;0 ;0 ;0 ;0 ;
12.5 ;0 ; ;0 ;0 ;0 ;0 ;0 ;0 ;0 ;0 ;0 ;
12.52 ;0 ; ;0 ;0 ;0 ;0 ;0 ;0 ;0 ;0 ;0 ;
12.54 ;0 ; ;0 ;0 ;0 ;0 ;0 ;0 ;0 ;0 ;0 ;
12.56 ;0 ; ;0 ;0 ;0 ;0 ;0 ;0 ;0 ;0 ;0 ;
12.58 ;0 ; ;0 ;0 ;0 ;0 ;0 ;0 ;0 ;0 ;0 ;
12.6 ;0 ; ;0 ;0 ;0 ;0 ;0 ;0 ;0 ;0 ;0 ;
12.62 ;0 ; ;0 ;0 ;0 ;0 ;0 ;0 ;0 ;0 ;0 ;
12.64 ;0 ; ;0 ;0 ;0 ;0 ;0 ;0 ;0 ;0 ;0 ;
12.66 ;0 ; ;0 ;0 ;0 ;0 ;0 ;0 ;0 ;0 ;0 ;
12.68 ;0 ; ;0 ;0 ;0 ;0 ;0 ;0 ;0 ;0 ;0 ;
12.7 ;0 ; ;0 ;0 ;0 ;0 ;0 ;0 ;0 ;0 ;0 ;
12.72 ;0 ; ;0 ;0 ;0 ;0 ;0 ;0 ;0 ;0 ;0 ;
12.74 ;0 ; ;0 ;0 ;0 ;0 ;0 ;0 ;0 ;0 ;0 ;
12.76 ;0 ; ;0 ;0 ;0 ;0 ;0 ;0 ;0 ;0 ;0 ;
12.78 ;0 ; ;0 ;0 ;0 ;0 ;0 ;0 ;0 ;0 ;0 ;
12.8 ;0 ; ;0 ;0 ;0 ;0 ;0 ;0 ;0 ;0 ;0 ;
12.82 ;0 ; ;0 ;0 ;0 ;0 ;0 ;0 ;0 ;0 ;0 ;
12.84 ;0 ; ;0 ;0 ;0 ;0 ;0 ;0 ;0 ;0 ;0 ;
12.86 ;0 ; ;0 ;0 ;0 ;0 ;0 ;0 ;0 ;0 ;0 ;
12.88 ;0 ; ;0 ;0 ;0 ;0 ;0 ;0 ;0 ;0 ;0 ;
12.9 ;0 ; ;0 ;0 ;0 ;0 ;0 ;0 ;0 ;0 ;0 ;
12.92 ;0 ; ;0 ;0 ;0 ;0 ;0 ;0 ;0 ;0 ;0 ;
12.94 ;0 ; ;0 ;0 ;0 ;0 ;0 ;0 ;0 ;0 ;0 ;
12.96 ;0 ; ;0 ;0 ;0 ;0 ;0 ;0 ;0 ;0 ;0 ;
12.98 ;0 ; ;0 ;0 ;0 ;0 ;0 ;0 ;0 ;0 ;0 ;
13 ;0 ; ;0 ;0 ;0 ;0 ;0 ;0 ;0 ;0 ;0 ;
13.02 ;0 ; ;0 ;0 ;0 ;0 ;0 ;0 ;0 ;0 ;0 ;
13.04 ;0 ; ;0 ;0 ;0 ;0 ;0 ;0 ;0 ;0 ;0 ;
13.06 ;0 ; ;0 ;0 ;0 ;0 ;0 ;0 ;0 ;0 ;0 ;
13.08 ;0 ; ;0 ;0 ;0 ;0 ;0 ;0 ;0 ;0 ;0 ;
13.1 ;0 ; ;0 ;0 ;0 ;0 ;0 ;0 ;0 ;0 ;0 ;
13.12 ;0 ; ;0 ;0 ;0 ;0 ;0 ;0 ;0 ;0 ;0 ;
13.14 ;0 ; ;0 ;0 ;0 ;0 ;0 ;0 ;0 ;0 ;0 ;
13.16 ;0 ; ;0 ;0 ;0 ;0 ;0 ;0 ;0 ;0 ;0 ;
13.18 ;0 ; ;0 ;0 ;0 ;0 ;0 ;0 ;0 ;0 ;0 ;
13.2 ;0 ; ;0 ;0 ;0 ;0 ;0 ;0 ;0 ;0 ;0 ;
13.22 ;0 ; ;0 ;0 ;0 ;0 ;0 ;0 ;0 ;0 ;0 ;
13.24 ;0 ; ;0 ;0 ;0 ;0 ;0 ;0 ;0 ;0 ;0 ;
13.26 ;0 ; ;0 ;0 ;0 ;0 ;0 ;0 ;0 ;0 ;0 ;
13.28 ;0 ; ;0 ;0 ;0 ;0 ;0 ;0 ;0 ;0 ;0 ;
13.3 ;0 ; ;0 ;0 ;0 ;0 ;0 ;0 ;0 ;0 ;0 ;
13.32 ;0 ; ;0 ;0 ;0 ;0 ;0 ;0 ;0 ;0 ;0 ;
13.34 ;0 ; ;0 ;0 ;0 ;0 ;0 ;0 ;0 ;0 ;0 ;
13.36 ;0 ; ;0 ;0 ;0 ;0 ;0 ;0 ;0 ;0 ;0 ;
13.38 ;0 ; ;0 ;0 ;0 ;0 ;0 ;0 ;0 ;0 ;0 ;
13.4 ;0 ; ;0 ;0 ;0 ;0 ;0 ;0 ;0 ;0 ;0 ;
13.42 ;0 ; ;0 ;0 ;0 ;0 ;0 ;0 ;0 ;0 ;0 ;
13.44 ;0 ; ;0 ;0 ;0 ;0 ;0 ;0 ;0 ;0 ;0 ;
13.46 ;0 ; ;0 ;0 ;0 ;0 ;0 ;0 ;0 ;0 ;0 ;
13.48 ;0 ; ;0 ;0 ;0 ;0 ;0 ;0 ;0 ;0 ;0 ;
13.5 ;0 ; ;0 ;0 ;0 ;0 ;0 ;0 ;0 ;0 ;0 ;
13.52 ;0 ; ;0 ;0 ;0 ;0 ;0 ;0 ;0 ;0 ;0 ;
13.54 ;0 ; ;0 ;0 ;0 ;0 ;0 ;0 ;0 ;0 ;0 ;
13.56 ;0 ; ;0 ;0 ;0 ;0 ;0 ;0 ;0 ;0 ;0 ;
13.58 ;0 ; ;0 ;0 ;0 ;0 ;0 ;0 ;0 ;0 ;0 ;
13.6 ;0 ; ;0 ;0 ;0 ;0 ;0 ;0 ;0 ;0 ;0 ;
13.62 ;0 ; ;0 ;0 ;0 ;0 ;0 ;0 ;0 ;0 ;0 ;
13.64 ;0 ; ;0 ;0 ;0 ;0 ;0 ;0 ;0 ;0 ;0 ;
13.66 ;0 ; ;0 ;0 ;0 ;0 ;0 ;0 ;0 ;0 ;0 ;
13.68 ;0 ; ;0 ;0 ;0 ;0 ;0 ;0 ;0 ;0 ;0 ;
13.7 ;0 ; ;0 ;0 ;0 ;0 ;0 ;0 ;0 ;0 ;0 ;
13.72 ;0 ; ;0 ;0 ;0 ;0 ;0 ;0 ;0 ;0 ;0 ;
13.74 ;0 ; ;0 ;0 ;0 ;0 ;0 ;0 ;0 ;0 ;0 ;
13.76 ;0 ; ;0 ;0 ;0 ;0 ;0 ;0 ;0 ;0 ;0 ;
13.78 ;0 ; ;0 ;0 ;0 ;0 ;0 ;0 ;0 ;0 ;0 ;
13.8 ;0 ; ;0 ;0 ;0 ;0 ;0 ;0 ;0 ;0 ;0 ;
13.82 ;0 ; ;0 ;0 ;0 ;0 ;0 ;0 ;0 ;0 ;0 ;
13.84 ;0 ; ;0 ;0 ;0 ;0 ;0 ;0 ;0 ;0 ;0 ;
13.86 ;0 ; ;0 ;0 ;0 ;0 ;0 ;0 ;0 ;0 ;0 ;
13.88 ;0 ; ;0 ;0 ;0 ;0 ;0 ;0 ;0 ;0 ;0 ;
13.9 ;0 ; ;0 ;0 ;0 ;0 ;0 ;0 ;0 ;0 ;0 ;
13.92 ;0 ; ;0 ;0 ;0 ;0 ;0 ;0 ;0 ;0 ;0 ;
13.94 ;0 ; ;0 ;0 ;0 ;0 ;0 ;0 ;0 ;0 ;0 ;
13.96 ;0 ; ;0 ;0 ;0 ;0 ;0 ;0 ;0 ;0 ;0 ;
13.98 ;0 ; ;0 ;0 ;0 ;0 ;0 ;0 ;0 ;0 ;0 ;
14 ;0 ; ;0 ;0 ;0 ;0 ;0 ;0 ;0 ;0 ;0 ;
14.02 ;0 ; ;0 ;0 ;0 ;0 ;0 ;0 ;0 ;0 ;0 ;
14.04 ;0 ; ;0 ;0 ;0 ;0 ;0 ;0 ;0 ;0 ;0 ;
14.06 ;0 ; ;0 ;0 ;0 ;0 ;0 ;0 ;0 ;0 ;0 ;
14.08 ;0 ; ;0 ;0 ;0 ;0 ;0 ;0 ;0 ;0 ;0 ;
14.1 ;0 ; ;0 ;0 ;0 ;0 ;0 ;0 ;0 ;0 ;0 ;
14.12 ;0 ; ;0 ;0 ;0 ;0 ;0 ;0 ;0 ;0 ;0 ;
14.14 ;0 ; ;0 ;0 ;0 ;0 ;0 ;0 ;0 ;0 ;0 ;
14.16 ;0 ; ;0 ;0 ;0 ;0 ;0 ;0 ;0 ;0 ;0 ;
14.18 ;0 ; ;0 ;0 ;0 ;0 ;0 ;0 ;0 ;0 ;0 ;
14.2 ;0 ; ;0 ;0 ;0 ;0 ;0 ;0 ;0 ;0 ;0 ;
14.22 ;0 ; ;0 ;0 ;0 ;0 ;0 ;0 ;0 ;0 ;0 ;
14.24 ;0 ; ;0 ;0 ;0 ;0 ;0 ;0 ;0 ;0 ;0 ;
14.26 ;0 ; ;0 ;0 ;0 ;0 ;0 ;0 ;0 ;0 ;0 ;
14.28 ;0 ; ;0 ;0 ;0 ;0 ;0 ;0 ;0 ;0 ;0 ;
14.3 ;0 ; ;0 ;0 ;0 ;0 ;0 ;0 ;0 ;0 ;0 ;
14.32 ;0 ; ;0 ;0 ;0 ;0 ;0 ;0 ;0 ;0 ;0 ;
14.34 ;0 ; ;0 ;0 ;0 ;0 ;0 ;0 ;0 ;0 ;0 ;
14.36 ;0 ; ;0 ;0 ;0 ;0 ;0 ;0 ;0 ;0 ;0 ;
14.38 ;0 ; ;0 ;0 ;0 ;0 ;0 ;0 ;0 ;0 ;0 ;
14.4 ;0 ; ;0 ;0 ;0 ;0 ;0 ;0 ;0 ;0 ;0 ;
14.42 ;0 ; ;0 ;0 ;0 ;0 ;0 ;0 ;0 ;0 ;0 ;
14.44 ;0 ; ;0 ;0 ;0 ;0 ;0 ;0 ;0 ;0 ;0 ;
14.46 ;0 ; ;0 ;0 ;0 ;0 ;0 ;0 ;0 ;0 ;0 ;
14.48 ;0 ; ;0 ;0 ;0 ;0 ;0 ;0 ;0 ;0 ;0 ;
14.5 ;0 ; ;0 ;0 ;0 ;0 ;0 ;0 ;0 ;0 ;0 ;
14.52 ;0 ; ;0 ;0 ;0 ;0 ;0 ;0 ;0 ;0 ;0 ;
14.54 ;0 ; ;0 ;0 ;0 ;0 ;0 ;0 ;0 ;0 ;0 ;
14.56 ;0 ; ;0 ;0 ;0 ;0 ;0 ;0 ;0 ;0 ;0 ;
14.58 ;0 ; ;0 ;0 ;0 ;0 ;0 ;0 ;0 ;0 ;0 ;
14.6 ;0 ; ;0 ;0 ;0 ;0 ;0 ;0 ;0 ;0 ;0 ;
14.62 ;0 ; ;0 ;0 ;0 ;0 ;0 ;0 ;0 ;0 ;0 ;
14.64 ;0 ; ;0 ;0 ;0 ;0 ;0 ;0 ;0 ;0 ;0 ;
14.66 ;0 ; ;0 ;0 ;0 ;0 ;0 ;0 ;0 ;0 ;0 ;
14.68 ;0 ; ;0 ;0 ;0 ;0 ;0 ;0 ;0 ;0 ;0 ;
14.7 ;0 ; ;0 ;0 ;0 ;0 ;0 ;0 ;0 ;0 ;0 ;
14.72 ;0 ; ;0 ;0 ;0 ;0 ;0 ;0 ;0 ;0 ;0 ;
14.74 ;0 ; ;0 ;0 ;0 ;0 ;0 ;0 ;0 ;0 ;0 ;
14.76 ;0 ; ;0 ;0 ;0 ;0 ;0 ;0 ;0 ;0 ;0 ;
14.78 ;0 ; ;0 ;0 ;0 ;0 ;0 ;0 ;0 ;0 ;0 ;
14.8 ;0 ; ;0 ;0 ;0 ;0 ;0 ;0 ;0 ;0 ;0 ;
14.82 ;0 ; ;0 ;0 ;0 ;0 ;0 ;0 ;0 ;0 ;0 ;
14.84 ;0 ; ;0 ;0 ;0 ;0 ;0 ;0 ;0 ;0 ;0 ;
14.86 ;0 ; ;0 ;0 ;0 ;0 ;0 ;0 ;0 ;0 ;0 ;
14.88 ;0 ; ;0 ;0 ;0 ;0 ;0 ;0 ;0 ;0 ;0 ;
14.9 ;0 ; ;0 ;0 ;0 ;0 ;0 ;0 ;0 ;0 ;0 ;
14.92 ;0 ; ;0 ;0 ;0 ;0 ;0 ;0 ;0 ;0 ;0 ;
14.94 ;0 ; ;0 ;0 ;0 ;0 ;0 ;0 ;0 ;0 ;0 ;
14.96 ;0 ; ;0 ;0 ;0 ;0 ;0 ;0 ;0 ;0 ;0 ;
14.98 ;0 ; ;0 ;0 ;0 ;0 ;0 ;0 ;0 ;0 ;0 ;
15 ;0 ; ;0 ;0 ;0 ;0 ;0 ;0 ;0 ;0 ;0 ;
15.02 ;0 ; ;0 ;0 ;0 ;0 ;0 ;0 ;0 ;0 ;0 ;
15.04 ;0 ; ;0 ;0 ;0 ;0 ;0 ;0 ;0 ;0 ;0 ;
15.06 ;0 ; ;0 ;0 ;0 ;0 ;0 ;0 ;0 ;0 ;0 ;
15.08 ;0 ; ;0 ;0 ;0 ;0 ;0 ;0 ;0 ;0 ;0 ;
15.1 ;0 ; ;0 ;0 ;0 ;0 ;0 ;0 ;0 ;0 ;0 ;
15.12 ;0 ; ;0 ;0 ;0 ;0 ;0 ;0 ;0 ;0 ;0 ;
15.14 ;0 ; ;0 ;0 ;0 ;0 ;0 ;0 ;0 ;0 ;0 ;
15.16 ;0 ; ;0 ;0 ;0 ;0 ;0 ;0 ;0 ;0 ;0 ;
15.18 ;0 ; ;0 ;0 ;0 ;0 ;0 ;0 ;0 ;0 ;0 ;
15.2 ;0 ; ;0 ;0 ;0 ;0 ;0 ;0 ;0 ;0 ;0 ;
15.22 ;0 ; ;0 ;0 ;0 ;0 ;0 ;0 ;0 ;0 ;0 ;
15.24 ;0 ; ;0 ;0 ;0 ;0 ;0 ;0 ;0 ;0 ;0 ;
15.26 ;0 ; ;0 ;0 ;0 ;0 ;0 ;0 ;0 ;0 ;0 ;
15.28 ;0 ; ;0 ;0 ;0 ;0 ;0 ;0 ;0 ;0 ;0 ;
15.3 ;0 ; ;0 ;0 ;0 ;0 ;0 ;0 ;0 ;0 ;0 ;
15.32 ;0 ; ;0 ;0 ;0 ;0 ;0 ;0 ;0 ;0 ;0 ;
15.34 ;0 ; ;0 ;0 ;0 ;0 ;0 ;0 ;0 ;0 ;0 ;
15.36 ;0 ; ;0 ;0 ;0 ;0 ;0 ;0 ;0 ;0 ;0 ;
15.38 ;0 ; ;0 ;0 ;0 ;0 ;0 ;0 ;0 ;0 ;0 ;
15.4 ;0 ; ;0 ;0 ;0 ;0 ;0 ;0 ;0 ;0 ;0 ;
15.42 ;0 ; ;0 ;0 ;0 ;0 ;0 ;0 ;0 ;0 ;0 ;
15.44 ;0 ; ;0 ;0 ;0 ;0 ;0 ;0 ;0 ;0 ;0 ;
15.46 ;0 ; ;0 ;0 ;0 ;0 ;0 ;0 ;0 ;0 ;0 ;
15.48 ;0 ; ;0 ;0 ;0 ;0 ;0 ;0 ;0 ;0 ;0 ;
15.5 ;0 ; ;0 ;0 ;0 ;0 ;0 ;0 ;0 ;0 ;0 ;
15.52 ;0 ; ;0 ;0 ;0 ;0 ;0 ;0 ;0 ;0 ;0 ;
15.54 ;0 ; ;0 ;0 ;0 ;0 ;0 ;0 ;0 ;0 ;0 ;
15.56 ;0 ; ;0 ;0 ;0 ;0 ;0 ;0 ;0 ;0 ;0 ;
15.58 ;0 ; ;0 ;0 ;0 ;0 ;0 ;0 ;0 ;0 ;0 ;
15.6 ;0 ; ;0 ;0 ;0 ;0 ;0 ;0 ;0 ;0 ;0 ;
15.62 ;0 ; ;0 ;0 ;0 ;0 ;0 ;0 ;0 ;0 ;0 ;
15.64 ;0 ; ;0 ;0 ;0 ;0 ;0 ;0 ;0 ;0 ;0 ;
15.66 ;0 ; ;0 ;0 ;0 ;0 ;0 ;0 ;0 ;0 ;0 ;
15.68 ;0 ; ;0 ;0 ;0 ;0 ;0 ;0 ;0 ;0 ;0 ;
15.7 ;0 ; ;0 ;0 ;0 ;0 ;0 ;0 ;0 ;0 ;0 ;
15.72 ;0 ; ;0 ;0 ;0 ;0 ;0 ;0 ;0 ;0 ;0 ;
15.74 ;0 ; ;0 ;0 ;0 ;0 ;0 ;0 ;0 ;0 ;0 ;
15.76 ;0 ; ;0 ;0 ;0 ;0 ;0 ;0 ;0 ;0 ;0 ;
15.78 ;0 ; ;0 ;0 ;0 ;0 ;0 ;0 ;0 ;0 ;0 ;
15.8 ;0 ; ;0 ;0 ;0 ;0 ;0 ;0 ;0 ;0 ;0 ;
15.82 ;0 ; ;0 ;0 ;0 ;0 ;0 ;0 ;0 ;0 ;0 ;
15.84 ;0 ; ;0 ;0 ;0 ;0 ;0 ;0 ;0 ;0 ;0 ;
15.86 ;0 ; ;0 ;0 ;0 ;0 ;0 ;0 ;0 ;0 ;0 ;
15.88 ;0 ; ;0 ;0 ;0 ;0 ;0 ;0 ;0 ;0 ;0 ;
15.9 ;0 ; ;0 ;0 ;0 ;0 ;0 ;0 ;0 ;0 ;0 ;
15.92 ;0 ; ;0 ;0 ;0 ;0 ;0 ;0 ;0 ;0 ;0 ;
15.94 ;0 ; ;0 ;0 ;0 ;0 ;0 ;0 ;0 ;0 ;0 ;
15.96 ;0 ; ;0 ;0 ;0 ;0 ;0 ;0 ;0 ;0 ;0 ;
15.98 ;0 ; ;0 ;0 ;0 ;0 ;0 ;0 ;0 ;0 ;0 ;
16 ;0 ; ;0 ;0 ;0 ;0 ;0 ;0 ;0 ;0 ;0 ;
16.02 ;0 ; ;0 ;0 ;0 ;0 ;0 ;0 ;0 ;0 ;0 ;
16.04 ;0 ; ;0 ;0 ;0 ;0 ;0 ;0 ;0 ;0 ;0 ;
16.06 ;0 ; ;0 ;0 ;0 ;0 ;0 ;0 ;0 ;0 ;0 ;
16.08 ;0 ; ;0 ;0 ;0 ;0 ;0 ;0 ;0 ;0 ;0 ;
16.1 ;0 ; ;0 ;0 ;0 ;0 ;0 ;0 ;0 ;0 ;0 ;
16.12 ;0 ; ;0 ;0 ;0 ;0 ;0 ;0 ;0 ;0 ;0 ;
16.14 ;0 ; ;0 ;0 ;0 ;0 ;0 ;0 ;0 ;0 ;0 ;
16.16 ;0 ; ;0 ;0 ;0 ;0 ;0 ;0 ;0 ;0 ;0 ;
16.18 ;0 ; ;0 ;0 ;0 ;0 ;0 ;0 ;0 ;0 ;0 ;
16.2 ;0 ; ;0 ;0 ;0 ;0 ;0 ;0 ;0 ;0 ;0 ;
16.22 ;0 ; ;0 ;0 ;0 ;0 ;0 ;0 ;0 ;0 ;0 ;
16.24 ;0 ; ;0 ;0 ;0 ;0 ;0 ;0 ;0 ;0 ;0 ;
16.26 ;0 ; ;0 ;0 ;0 ;0 ;0 ;0 ;0 ;0 ;0 ;
16.28 ;0 ; ;0 ;0 ;0 ;0 ;0 ;0 ;0 ;0 ;0 ;
16.3 ;0 ; ;0 ;0 ;0 ;0 ;0 ;0 ;0 ;0 ;0 ;
16.32 ;0 ; ;0 ;0 ;0 ;0 ;0 ;0 ;0 ;0 ;0 ;
16.34 ;0 ; ;0 ;0 ;0 ;0 ;0 ;0 ;0 ;0 ;0 ;
16.36 ;0 ; ;0 ;0 ;0 ;0 ;0 ;0 ;0 ;0 ;0 ;
16.38 ;0 ; ;0 ;0 ;0 ;0 ;0 ;0 ;0 ;0 ;0 ;
16.4 ;0 ; ;0 ;0 ;0 ;0 ;0 ;0 ;0 ;0 ;0 ;
16.42 ;0 ; ;0 ;0 ;0 ;0 ;0 ;0 ;0 ;0 ;0 ;
16.44 ;0 ; ;0 ;0 ;0 ;0 ;0 ;0 ;0 ;0 ;0 ;
16.46 ;0 ; ;0 ;0 ;0 ;0 ;0 ;0 ;0 ;0 ;0 ;
16.48 ;0 ; ;0 ;0 ;0 ;0 ;0 ;0 ;0 ;0 ;0 ;
16.5 ;0 ; ;0 ;0 ;0 ;0 ;0 ;0 ;0 ;0 ;0 ;
16.52 ;0 ; ;0 ;0 ;0 ;0 ;0 ;0 ;0 ;0 ;0 ;
16.54 ;0 ; ;0 ;0 ;0 ;0 ;0 ;0 ;0 ;0 ;0 ;
16.56 ;0 ; ;0 ;0 ;0 ;0 ;0 ;0 ;0 ;0 ;0 ;
16.58 ;0 ; ;0 ;0 ;0 ;0 ;0 ;0 ;0 ;0 ;0 ;
16.6 ;0 ; ;0 ;0 ;0 ;0 ;0 ;0 ;0 ;0 ;0 ;
16.62 ;0 ; ;0 ;0 ;0 ;0 ;0 ;0 ;0 ;0 ;0 ;
16.64 ;0 ; ;0 ;0 ;0 ;0 ;0 ;0 ;0 ;0 ;0 ;
16.66 ;0 ; ;0 ;0 ;0 ;0 ;0 ;0 ;0 ;0 ;0 ;
16.68 ;0 ; ;0 ;0 ;0 ;0 ;0 ;0 ;0 ;0 ;0 ;
16.7 ;0 ; ;0 ;0 ;0 ;0 ;0 ;0 ;0 ;0 ;0 ;
16.72 ;0 ; ;0 ;0 ;0 ;0 ;0 ;0 ;0 ;0 ;0 ;
16.74 ;0 ; ;0 ;0 ;0 ;0 ;0 ;0 ;0 ;0 ;0 ;
16.76 ;0 ; ;0 ;0 ;0 ;0 ;0 ;0 ;0 ;0 ;0 ;
16.78 ;0 ; ;0 ;0 ;0 ;0 ;0 ;0 ;0 ;0 ;0 ;
16.8 ;0 ; ;0 ;0 ;0 ;0 ;0 ;0 ;0 ;0 ;0 ;
16.82 ;0 ; ;0 ;0 ;0 ;0 ;0 ;0 ;0 ;0 ;0 ;
16.84 ;0 ; ;0 ;0 ;0 ;0 ;0 ;0 ;0 ;0 ;0 ;
16.86 ;0 ; ;0 ;0 ;0 ;0 ;0 ;0 ;0 ;0 ;0 ;
16.88 ;0 ; ;0 ;0 ;0 ;0 ;0 ;0 ;0 ;0 ;0 ;
16.9 ;0 ; ;0 ;0 ;0 ;0 ;0 ;0 ;0 ;0 ;0 ;
16.92 ;0 ; ;0 ;0 ;0 ;0 ;0 ;0 ;0 ;0 ;0 ;
16.94 ;0 ; ;0 ;0 ;0 ;0 ;0 ;0 ;0 ;0 ;0 ;
16.96 ;0 ; ;0 ;0 ;0 ;0 ;0 ;0 ;0 ;0 ;0 ;
16.98 ;0 ; ;0 ;0 ;0 ;0 ;0 ;0 ;0 ;0 ;0 ;
16.99726 ;0 ;5 ;0 ;0 ;0 ;0 ;0 ;0 ;0 ;0 ;0 ;
17 ;1 ; ;0 ;0 ;0 ;0 ;0 ;0 ;0 ;0 ;0 ;
17.02 ;1 ; ;0 ;0 ;0 ;0 ;0 ;0 ;0 ;0 ;0 ;
17.04 ;1 ; ;0 ;0 ;0 ;0 ;0 ;0 ;0 ;0 ;0 ;
17.06 ;1 ; ;0 ;0 ;0 ;0 ;0 ;0 ;0 ;0 ;0 ;
17.08 ;1 ; ;0 ;0 ;0 ;0 ;0 ;0 ;0 ;0 ;0 ;
17.1 ;1 ; ;0 ;0 ;0 ;0 ;0 ;0 ;0 ;0 ;0 ;
17.12 ;1 ; ;0 ;0 ;0 ;0 ;0 ;0 ;0 ;0 ;0 ;
17.14 ;1 ; ;0 ;0 ;0 ;0 ;0 ;0 ;0 ;0 ;0 ;
17.16 ;1 ; ;0 ;0 ;0 ;0 ;0 ;0 ;0 ;0 ;0 ;
17.18 ;1 ; ;0 ;0 ;0 ;0 ;0 ;0 ;0 ;0 ;0 ;
17.2 ;1 ; ;0 ;0 ;0 ;0 ;0 ;0 ;0 ;0 ;0 ;
17.22 ;1 ; ;0 ;0 ;0 ;0 ;0 ;0 ;0 ;0 ;0 ;
17.24 ;1 ; ;0 ;0 ;0 ;0 ;0 ;0 ;0 ;0 ;0 ;
17.26 ;1 ; ;0 ;0 ;0 ;0 ;0 ;0 ;0 ;0 ;0 ;
17.28 ;1 ; ;0 ;0 ;0 ;0 ;0 ;0 ;0 ;0 ;0 ;
17.3 ;1 ; ;0 ;0 ;0 ;0 ;0 ;0 ;0 ;0 ;0 ;
17.32 ;1 ; ;0 ;0 ;0 ;0 ;0 ;0 ;0 ;0 ;0 ;
17.34 ;1 ; ;0 ;0 ;0 ;0 ;0 ;0 ;0 ;0 ;0 ;
17.36 ;1 ; ;0 ;0 ;0 ;0 ;0 ;0 ;0 ;0 ;0 ;
17.38 ;1 ; ;0 ;0 ;0 ;0 ;0 ;0 ;0 ;0 ;0 ;
17.4 ;1 ; ;0 ;0 ;0 ;0 ;0 ;0 ;0 ;0 ;0 ;
17.42 ;1 ; ;0 ;0 ;0 ;0 ;0 ;0 ;0 ;0 ;0 ;
17.44 ;1 ; ;0 ;0 ;0 ;0 ;0 ;0 ;0 ;0 ;0 ;
17.46 ;1 ; ;0 ;0 ;0 ;0 ;0 ;0 ;0 ;0 ;0 ;
17.48 ;1 ; ;0 ;0 ;0 ;0 ;0 ;0 ;0 ;0 ;0 ;
17.5 ;1 ; ;0 ;0 ;0 ;0 ;0 ;0 ;0 ;0 ;0 ;
17.52 ;1 ; ;0 ;0 ;0 ;0 ;0 ;0 ;0 ;0 ;0 ;
17.54 ;1 ; ;0 ;0 ;0 ;0 ;0 ;0 ;0 ;0 ;0 ;
17.56 ;1 ; ;0 ;0 ;0 ;0 ;0 ;0 ;0 ;0 ;0 ;
17.58 ;1 ; ;0 ;0 ;0 ;0 ;0 ;0 ;0 ;0 ;0 ;
17.6 ;1 ; ;0 ;0 ;0 ;0 ;0 ;0 ;0 ;0 ;0 ;
17.62 ;1 ; ;0 ;0 ;0 ;0 ;0 ;0 ;0 ;0 ;0 ;
17.64 ;1 ; ;0 ;0 ;0 ;0 ;0 ;0 ;0 ;0 ;0 ;
17.66 ;1 ; ;0 ;0 ;0 ;0 ;0 ;0 ;0 ;0 ;0 ;
17.68 ;1 ; ;0 ;0 ;0 ;0 ;0 ;0 ;0 ;0 ;0 ;
17.7 ;1 ; ;0 ;0 ;0 ;0 ;0 ;0 ;0 ;0 ;0 ;
17.72 ;1 ; ;0 ;0 ;0 ;0 ;0 ;0 ;0 ;0 ;0 ;
17.74 ;1 ; ;0 ;0 ;0 ;0 ;0 ;0 ;0 ;0 ;0 ;
17.76 ;1 ; ;0 ;0 ;0 ;0 ;0 ;0 ;0 ;0 ;0 ;
17.78 ;1 ; ;0 ;0 ;0 ;0 ;0 ;0 ;0 ;0 ;0 ;
17.8 ;1 ; ;0 ;0 ;0 ;0 ;0 ;0 ;0 ;0 ;0 ;
17.82 ;1 ; ;0 ;0 ;0 ;0 ;0 ;0 ;0 ;0 ;0 ;
17.84 ;1 ; ;0 ;0 ;0 ;0 ;0 ;0 ;0 ;0 ;0 ;
17.86 ;1 ; ;0 ;0 ;0 ;0 ;0 ;0 ;0 ;0 ;0 ;
17.88 ;1 ; ;0 ;0 ;0 ;0 ;0 ;0 ;0 ;0 ;0 ;
17.9 ;1 ; ;0 ;0 ;0 ;0 ;0 ;0 ;0 ;0 ;0 ;
17.92 ;1 ; ;0 ;0 ;0 ;0 ;0 ;0 ;0 ;0 ;0 ;
17.94 ;1 ; ;0 ;0 ;0 ;0 ;0 ;0 ;0 ;0 ;0 ;
17.96 ;1 ; ;0 ;0 ;0 ;0 ;0 ;0 ;0 ;0 ;0 ;
17.98 ;1 ; ;0 ;0 ;0 ;0 ;0 ;0 ;0 ;0 ;0 ;
18 ;1 ; ;0 ;0 ;0 ;0 ;0 ;0 ;0 ;0 ;0 ;
18.02 ;1 ; ;0 ;0 ;0 ;0 ;0 ;0 ;0 ;0 ;0 ;
18.04 ;1 ; ;0 ;0 ;0 ;0 ;0 ;0 ;0 ;0 ;0 ;
18.06 ;1 ; ;0 ;0 ;0 ;0 ;0 ;0 ;0 ;0 ;0 ;
18.08 ;1 ; ;0 ;0 ;0 ;0 ;0 ;0 ;0 ;0 ;0 ;
18.1 ;1 ; ;0 ;0 ;0 ;0 ;0 ;0 ;0 ;0 ;0 ;
18.12 ;1 ; ;0 ;0 ;0 ;0 ;0 ;0 ;0 ;0 ;0 ;
18.14 ;1 ; ;0 ;0 ;0 ;0 ;0 ;0 ;0 ;0 ;0 ;
18.16 ;1 ; ;0 ;0 ;0 ;0 ;0 ;0 ;0 ;0 ;0 ;
18.18 ;1 ; ;0 ;0 ;0 ;0 ;0 ;0 ;0 ;0 ;0 ;
18.2 ;1 ; ;0 ;0 ;0 ;0 ;0 ;0 ;0 ;0 ;0 ;
18.22 ;1 ; ;0 ;0 ;0 ;0 ;0 ;0 ;0 ;0 ;0 ;
18.24 ;1 ; ;0 ;0 ;0 ;0 ;0 ;0 ;0 ;0 ;0 ;
18.26 ;1 ; ;0 ;0 ;0 ;0 ;0 ;0 ;0 ;0 ;0 ;
18.28 ;1 ; ;0 ;0 ;0 ;0 ;0 ;0 ;0 ;0 ;0 ;
18.3 ;1 ; ;0 ;0 ;0 ;0 ;0 ;0 ;0 ;0 ;0 ;
18.32 ;1 ; ;0 ;0 ;0 ;0 ;0 ;0 ;0 ;0 ;0 ;
18.34 ;1 ; ;0 ;0 ;0 ;0 ;0 ;0 ;0 ;0 ;0 ;
18.36 ;1 ; ;0 ;0 ;0 ;0 ;0 ;0 ;0 ;0 ;0 ;
18.38 ;1 ; ;0 ;0 ;0 ;0 ;0 ;0 ;0 ;0 ;0 ;
18.4 ;1 ; ;0 ;0 ;0 ;0 ;0 ;0 ;0 ;0 ;0 ;
18.42 ;1 ; ;0 ;0 ;0 ;0 ;0 ;0 ;0 ;0 ;0 ;
18.44 ;1 ; ;0 ;0 ;0 ;0 ;0 ;0 ;0 ;0 ;0 ;
18.46 ;1 ; ;0 ;0 ;0 ;0 ;0 ;0 ;0 ;0 ;0 ;
18.48 ;1 ; ;0 ;0 ;0 ;0 ;0 ;0 ;0 ;0 ;0 ;
18.5 ;1 ; ;0 ;0 ;0 ;0 ;0 ;0 ;0 ;0 ;0 ;
18.52 ;1 ; ;0 ;0 ;0 ;0 ;0 ;0 ;0 ;0 ;0 ;
18.54 ;1 ; ;0 ;0 ;0 ;0 ;0 ;0 ;0 ;0 ;0 ;
18.56 ;1 ; ;0 ;0 ;0 ;0 ;0 ;0 ;0 ;0 ;0 ;
18.58 ;1 ; ;0 ;0 ;0 ;0 ;0 ;0 ;0 ;0 ;0 ;
18.6 ;1 ; ;0 ;0 ;0 ;0 ;0 ;0 ;0 ;0 ;0 ;
18.62 ;1 ; ;0 ;0 ;0 ;0 ;0 ;0 ;0 ;0 ;0 ;
18.64 ;1 ; ;0 ;0 ;0 ;0 ;0 ;0 ;0 ;0 ;0 ;
18.66 ;1 ; ;0 ;0 ;0 ;0 ;0 ;0 ;0 ;0 ;0 ;
18.68 ;1 ; ;0 ;0 ;0 ;0 ;0 ;0 ;0 ;0 ;0 ;
18.7 ;1 ; ;0 ;0 ;0 ;0 ;0 ;0 ;0 ;0 ;0 ;
18.72 ;1 ; ;0 ;0 ;0 ;0 ;0 ;0 ;0 ;0 ;0 ;
18.74 ;1 ; ;0 ;0 ;0 ;0 ;0 ;0 ;0 ;0 ;0 ;
18.76 ;1 ; ;0 ;0 ;0 ;0 ;0 ;0 ;0 ;0 ;0 ;
18.78 ;1 ; ;0 ;0 ;0 ;0 ;0 ;0 ;0 ;0 ;0 ;
18.8 ;1 ; ;0 ;0 ;0 ;0 ;0 ;0 ;0 ;0 ;0 ;
18.82 ;1 ; ;0 ;0 ;0 ;0 ;0 ;0 ;0 ;0 ;0 ;
18.84 ;1 ; ;0 ;0 ;0 ;0 ;0 ;0 ;0 ;0 ;0 ;
18.86 ;1 ; ;0 ;0 ;0 ;0 ;0 ;0 ;0 ;0 ;0 ;
18.88 ;1 ; ;0 ;0 ;0 ;0 ;0 ;0 ;0 ;0 ;0 ;
18.9 ;1 ; ;0 ;0 ;0 ;0 ;0 ;0 ;0 ;0 ;0 ;
18.92 ;1 ; ;0 ;0 ;0 ;0 ;0 ;0 ;0 ;0 ;0 ;
18.94 ;1 ; ;0 ;0 ;0 ;0 ;0 ;0 ;0 ;0 ;0 ;
18.96 ;1 ; ;0 ;0 ;0 ;0 ;0 ;0 ;0 ;0 ;0 ;
18.98 ;1 ; ;0 ;0 ;0 ;0 ;0 ;0 ;0 ;0 ;0 ;
19 ;1 ; ;0 ;0 ;0 ;0 ;0 ;0 ;0 ;0 ;0 ;
19.02 ;1 ; ;0 ;0 ;0 ;0 ;0 ;0 ;0 ;0 ;0 ;
19.04 ;1 ; ;0 ;0 ;0 ;0 ;0 ;0 ;0 ;0 ;0 ;
19.06 ;1 ; ;0 ;0 ;0 ;0 ;0 ;0 ;0 ;0 ;0 ;
19.08 ;1 ; ;0 ;0 ;0 ;0 ;0 ;0 ;0 ;0 ;0 ;
19.1 ;1 ; ;0 ;0 ;0 ;0 ;0 ;0 ;0 ;0 ;0 ;
19.12 ;1 ; ;0 ;0 ;0 ;0 ;0 ;0 ;0 ;0 ;0 ;
19.14 ;1 ; ;0 ;0 ;0 ;0 ;0 ;0 ;0 ;0 ;0 ;
19.16 ;1 ; ;0 ;0 ;0 ;0 ;0 ;0 ;0 ;0 ;0 ;
19.18 ;1 ; ;0 ;0 ;0 ;0 ;0 ;0 ;0 ;0 ;0 ;
19.2 ;1 ; ;0 ;0 ;0 ;0 ;0 ;0 ;0 ;0 ;0 ;
19.22 ;1 ; ;0 ;0 ;0 ;0 ;0 ;0 ;0 ;0 ;0 ;
19.24 ;1 ; ;0 ;0 ;0 ;0 ;0 ;0 ;0 ;0 ;0 ;
19.26 ;1 ; ;0 ;0 ;0 ;0 ;0 ;0 ;0 ;0 ;0 ;
19.28 ;1 ; ;0 ;0 ;0 ;0 ;0 ;0 ;0 ;0 ;0 ;
19.3 ;1 ; ;0 ;0 ;0 ;0 ;0 ;0 ;0 ;0 ;0 ;
19.32 ;1 ; ;0 ;0 ;0 ;0 ;0 ;0 ;0 ;0 ;0 ;
19.34 ;1 ; ;0 ;0 ;0 ;0 ;0 ;0 ;0 ;0 ;0 ;
19.36 ;1 ; ;0 ;0 ;0 ;0 ;0 ;0 ;0 ;0 ;0 ;
19.38 ;1 ; ;0 ;0 ;0 ;0 ;0 ;0 ;0 ;0 ;0 ;
19.4 ;1 ; ;0 ;0 ;0 ;0 ;0 ;0 ;0 ;0 ;0 ;
19.42 ;1 ; ;0 ;0 ;0 ;0 ;0 ;0 ;0 ;0 ;0 ;
19.44 ;1 ; ;0 ;0 ;0 ;0 ;0 ;0 ;0 ;0 ;0 ;
19.46 ;1 ; ;0 ;0 ;0 ;0 ;0 ;0 ;0 ;0 ;0 ;
19.48 ;1 ; ;0 ;0 ;0 ;0 ;0 ;0 ;0 ;0 ;0 ;
19.5 ;1 ; ;0 ;0 ;0 ;0 ;0 ;0 ;0 ;0 ;0 ;
19.52 ;1 ; ;0 ;0 ;0 ;0 ;0 ;0 ;0 ;0 ;0 ;
19.54 ;1 ; ;0 ;0 ;0 ;0 ;0 ;0 ;0 ;0 ;0 ;
19.56 ;1 ; ;0 ;0 ;0 ;0 ;0 ;0 ;0 ;0 ;0 ;
19.58 ;1 ; ;0 ;0 ;0 ;0 ;0 ;0 ;0 ;0 ;0 ;
19.6 ;1 ; ;0 ;0 ;0 ;0 ;0 ;0 ;0 ;0 ;0 ;
19.62 ;1 ; ;0 ;0 ;0 ;0 ;0 ;0 ;0 ;0 ;0 ;
19.64 ;1 ; ;0 ;0 ;0 ;0 ;0 ;0 ;0 ;0 ;0 ;
19.66 ;1 ; ;0 ;0 ;0 ;0 ;0 ;0 ;0 ;0 ;0 ;
19.68 ;1 ; ;0 ;0 ;0 ;0 ;0 ;0 ;0 ;0 ;0 ;
19.7 ;1 ; ;0 ;0 ;0 ;0 ;0 ;0 ;0 ;0 ;0 ;
19.72 ;1 ; ;0 ;0 ;0 ;0 ;0 ;0 ;0 ;0 ;0 ;
19.74 ;1 ; ;0 ;0 ;0 ;0 ;0 ;0 ;0 ;0 ;0 ;
19.76 ;1 ; ;0 ;0 ;0 ;0 ;0 ;0 ;0 ;0 ;0 ;
19.78 ;1 ; ;0 ;0 ;0 ;0 ;0 ;0 ;0 ;0 ;0 ;
19.8 ;1 ; ;0 ;0 ;0 ;0 ;0 ;0 ;0 ;0 ;0 ;
19.82 ;1 ; ;0 ;0 ;0 ;0 ;0 ;0 ;0 ;0 ;0 ;
19.84 ;1 ; ;0 ;0 ;0 ;0 ;0 ;0 ;0 ;0 ;0 ;
19.86 ;1 ; ;0 ;0 ;0 ;0 ;0 ;0 ;0 ;0 ;0 ;
19.88 ;1 ; ;0 ;0 ;0 ;0 ;0 ;0 ;0 ;0 ;0 ;
19.9 ;1 ; ;0 ;0 ;0 ;0 ;0 ;0 ;0 ;0 ;0 ;
19.92 ;1 ; ;0 ;0 ;0 ;0 ;0 ;0 ;0 ;0 ;0 ;
19.94 ;1 ; ;0 ;0 ;0 ;0 ;0 ;0 ;0 ;0 ;0 ;
19.96 ;1 ; ;0 ;0 ;0 ;0 ;0 ;0 ;0 ;0 ;0 ;
19.98 ;1 ; ;0 ;0 ;0 ;0 ;0 ;0 ;0 ;0 ;0 ;
20 ;1 ; ;0 ;0 ;0 ;0 ;0 ;0 ;0 ;0 ;0 ;
20.00006 ;1 ;5 ;0 ;0 ;0 ;0 ;0 ;0 ;0 ;0 ;0 ;
20.02 ;2 ; ;0 ;0 ;0 ;0 ;0 ;0 ;0 ;0 ;0 ;
20.04 ;2 ; ;0 ;0 ;0 ;0 ;0 ;0 ;0 ;0 ;0 ;
20.06 ;2 ; ;0 ;0 ;0 ;0 ;0 ;0 ;0 ;0 ;0 ;
20.08 ;2 ; ;0 ;0 ;0 ;0 ;0 ;0 ;0 ;0 ;0 ;
20.1 ;2 ; ;0 ;0 ;0 ;0 ;0 ;0 ;0 ;0 ;0 ;
20.12 ;2 ; ;0 ;0 ;0 ;0 ;0 ;0 ;0 ;0 ;0 ;
20.14 ;2 ; ;0 ;0 ;0 ;0 ;0 ;0 ;0 ;0 ;0 ;
20.16 ;2 ; ;0 ;0 ;0 ;0 ;0 ;0 ;0 ;0 ;0 ;
20.18 ;2 ; ;0 ;0 ;0 ;0 ;0 ;0 ;0 ;0 ;0 ;
20.2 ;2 ; ;0 ;0 ;0 ;0 ;0 ;0 ;0 ;0 ;0 ;
20.22 ;2 ; ;0 ;0 ;0 ;0 ;0 ;0 ;0 ;0 ;0 ;
20.24 ;2 ; ;0 ;0 ;0 ;0 ;0 ;0 ;0 ;0 ;0 ;
20.26 ;2 ; ;0 ;0 ;0 ;0 ;0 ;0 ;0 ;0 ;0 ;
20.28 ;2 ; ;0 ;0 ;0 ;0 ;0 ;0 ;0 ;0 ;0 ;
20.3 ;2 ; ;0 ;0 ;0 ;0 ;0 ;0 ;0 ;0 ;0 ;
20.32 ;2 ; ;0 ;0 ;0 ;0 ;0 ;0 ;0 ;0 ;0 ;
20.34 ;2 ; ;0 ;0 ;0 ;0 ;0 ;0 ;0 ;0 ;0 ;
20.36 ;2 ; ;0 ;0 ;0 ;0 ;0 ;0 ;0 ;0 ;0 ;
20.38 ;2 ; ;0 ;0 ;0 ;0 ;0 ;0 ;0 ;0 ;0 ;
20.4 ;2 ; ;0 ;0 ;0 ;0 ;0 ;0 ;0 ;0 ;0 ;
20.42 ;2 ; ;0 ;0 ;0 ;0 ;0 ;0 ;0 ;0 ;0 ;
20.44 ;2 ; ;0 ;0 ;0 ;0 ;0 ;0 ;0 ;0 ;0 ;
20.46 ;2 ; ;0 ;0 ;0 ;0 ;0 ;0 ;0 ;0 ;0 ;
20.48 ;2 ; ;0 ;0 ;0 ;0 ;0 ;0 ;0 ;0 ;0 ;
20.5 ;2 ; ;0 ;0 ;0 ;0 ;0 ;0 ;0 ;0 ;0 ;
20.52 ;2 ; ;0 ;0 ;0 ;0 ;0 ;0 ;0 ;0 ;0 ;
20.54 ;2 ; ;0 ;0 ;0 ;0 ;0 ;0 ;0 ;0 ;0 ;
20.56 ;2 ; ;0 ;0 ;0 ;0 ;0 ;0 ;0 ;0 ;0 ;
20.58 ;2 ; ;0 ;0 ;0 ;0 ;0 ;0 ;0 ;0 ;0 ;
20.6 ;2 ; ;0 ;0 ;0 ;0 ;0 ;0 ;0 ;0 ;0 ;
20.62 ;2 ; ;0 ;0 ;0 ;0 ;0 ;0 ;0 ;0 ;0 ;
20.64 ;2 ; ;0 ;0 ;0 ;0 ;0 ;0 ;0 ;0 ;0 ;
20.66 ;2 ; ;0 ;0 ;0 ;0 ;0 ;0 ;0 ;0 ;0 ;
20.68 ;2 ; ;0 ;0 ;0 ;0 ;0 ;0 ;0 ;0 ;0 ;
20.7 ;2 ; ;0 ;0 ;0 ;0 ;0 ;0 ;0 ;0 ;0 ;
20.72 ;2 ; ;0 ;0 ;0 ;0 ;0 ;0 ;0 ;0 ;0 ;
20.74 ;2 ; ;0 ;0 ;0 ;0 ;0 ;0 ;0 ;0 ;0 ;
20.76 ;2 ; ;0 ;0 ;0 ;0 ;0 ;0 ;0 ;0 ;0 ;
20.78 ;2 ; ;0 ;0 ;0 ;0 ;0 ;0 ;0 ;0 ;0 ;
20.8 ;2 ; ;0 ;0 ;0 ;0 ;0 ;0 ;0 ;0 ;0 ;
20.82 ;2 ; ;0 ;0 ;0 ;0 ;0 ;0 ;0 ;0 ;0 ;
20.84 ;2 ; ;0 ;0 ;0 ;0 ;0 ;0 ;0 ;0 ;0 ;
20.86 ;2 ; ;0 ;0 ;0 ;0 ;0 ;0 ;0 ;0 ;0 ;
20.88 ;2 ; ;0 ;0 ;0 ;0 ;0 ;0 ;0 ;0 ;0 ;
20.9 ;2 ; ;0 ;0 ;0 ;0 ;0 ;0 ;0 ;0 ;0 ;
20.92 ;2 ; ;0 ;0 ;0 ;0 ;0 ;0 ;0 ;0 ;0 ;
20.94 ;2 ; ;0 ;0 ;0 ;0 ;0 ;0 ;0 ;0 ;0 ;
20.96 ;2 ; ;0 ;0 ;0 ;0 ;0 ;0 ;0 ;0 ;0 ;
20.98 ;2 ; ;0 ;0 ;0 ;0 ;0 ;0 ;0 ;0 ;0 ;
21 ;2 ; ;0 ;0 ;0 ;0 ;0 ;0 ;0 ;0 ;0 ;
21.02 ;2 ; ;0 ;0 ;0 ;0 ;0 ;0 ;0 ;0 ;0 ;
21.04 ;2 ; ;0 ;0 ;0 ;0 ;0 ;0 ;0 ;0 ;0 ;
21.06 ;2 ; ;0 ;0 ;0 ;0 ;0 ;0 ;0 ;0 ;0 ;
21.08 ;2 ; ;0 ;0 ;0 ;0 ;0 ;0 ;0 ;0 ;0 ;
21.1 ;2 ; ;0 ;0 ;0 ;0 ;0 ;0 ;0 ;0 ;0 ;
21.12 ;2 ; ;0 ;0 ;0 ;0 ;0 ;0 ;0 ;0 ;0 ;
21.14 ;2 ; ;0 ;0 ;0 ;0 ;0 ;0 ;0 ;0 ;0 ;
21.16 ;2 ; ;0 ;0 ;0 ;0 ;0 ;0 ;0 ;0 ;0 ;
21.18 ;2 ; ;0 ;0 ;0 ;0 ;0 ;0 ;0 ;0 ;0 ;
21.2 ;2 ; ;0 ;0 ;0 ;0 ;0 ;0 ;0 ;0 ;0 ;
21.22 ;2 ; ;0 ;0 ;0 ;0 ;0 ;0 ;0 ;0 ;0 ;
21.24 ;2 ; ;0 ;0 ;0 ;0 ;0 ;0 ;0 ;0 ;0 ;
21.26 ;2 ; ;0 ;0 ;0 ;0 ;0 ;0 ;0 ;0 ;0 ;
21.28 ;2 ; ;0 ;0 ;0 ;0 ;0 ;0 ;0 ;0 ;0 ;
21.3 ;2 ; ;0 ;0 ;0 ;0 ;0 ;0 ;0 ;0 ;0 ;
21.32 ;2 ; ;0 ;0 ;0 ;0 ;0 ;0 ;0 ;0 ;0 ;
21.34 ;2 ; ;0 ;0 ;0 ;0 ;0 ;0 ;0 ;0 ;0 ;
21.36 ;2 ; ;0 ;0 ;0 ;0 ;0 ;0 ;0 ;0 ;0 ;
21.38 ;2 ; ;0 ;0 ;0 ;0 ;0 ;0 ;0 ;0 ;0 ;
21.4 ;2 ; ;0 ;0 ;0 ;0 ;0 ;0 ;0 ;0 ;0 ;
21.42 ;2 ; ;0 ;0 ;0 ;0 ;0 ;0 ;0 ;0 ;0 ;
21.44 ;2 ; ;0 ;0 ;0 ;0 ;0 ;0 ;0 ;0 ;0 ;
21.46 ;2 ; ;0 ;0 ;0 ;0 ;0 ;0 ;0 ;0 ;0 ;
21.48 ;2 ; ;0 ;0 ;0 ;0 ;0 ;0 ;0 ;0 ;0 ;
21.5 ;2 ; ;0 ;0 ;0 ;0 ;0 ;0 ;0 ;0 ;0 ;
21.52 ;2 ; ;0 ;0 ;0 ;0 ;0 ;0 ;0 ;0 ;0 ;
21.54 ;2 ; ;0 ;0 ;0 ;0 ;0 ;0 ;0 ;0 ;0 ;
21.56 ;2 ; ;0 ;0 ;0 ;0 ;0 ;0 ;0 ;0 ;0 ;
21.58 ;2 ; ;0 ;0 ;0 ;0 ;0 ;0 ;0 ;0 ;0 ;
21.6 ;2 ; ;0 ;0 ;0 ;0 ;0 ;0 ;0 ;0 ;0 ;
21.62 ;2 ; ;0 ;0 ;0 ;0 ;0 ;0 ;0 ;0 ;0 ;
21.64 ;2 ; ;0 ;0 ;0 ;0 ;0 ;0 ;0 ;0 ;0 ;
21.66 ;2 ; ;0 ;0 ;0 ;0 ;0 ;0 ;0 ;0 ;0 ;
21.68 ;2 ; ;0 ;0 ;0 ;0 ;0 ;0 ;0 ;0 ;0 ;
21.7 ;2 ; ;0 ;0 ;0 ;0 ;0 ;0 ;0 ;0 ;0 ;
21.7 ;2 ;3 ;0 ;0 ;0 ;0 ;0 ;0 ;0 ;0 ;0 ;
21.72 ;2 ; ;0 ;0 ;0 ;0 ;0 ;0 ;0 ;0 ;0 ;
21.74 ;2 ; ;0 ;0 ;0 ;0 ;0 ;0 ;0 ;0 ;0 ;
21.76 ;2 ; ;0 ;0 ;0 ;0 ;0 ;0 ;0 ;0 ;0 ;
21.78 ;2 ; ;0 ;0 ;0 ;0 ;0 ;0 ;0 ;0 ;0 ;
21.8 ;2 ; ;0 ;0 ;0 ;0 ;0 ;0 ;0 ;0 ;0 ;
21.82 ;2 ; ;0 ;0 ;0 ;0 ;0 ;0 ;0 ;0 ;0 ;
21.84 ;2 ; ;0 ;0 ;0 ;0 ;0 ;0 ;0 ;0 ;0 ;
21.86 ;2 ; ;0 ;0 ;0 ;0 ;0 ;0 ;0 ;0 ;0 ;
21.88 ;2 ; ;0 ;0 ;0 ;0 ;0 ;0 ;0 ;0 ;0 ;
21.9 ;2 ; ;0 ;0 ;0 ;0 ;0 ;0 ;0 ;0 ;0 ;
21.92 ;2 ; ;0 ;0 ;0 ;0 ;0 ;0 ;0 ;0 ;0 ;
21.94 ;2 ; ;0 ;0 ;0 ;0 ;0 ;0 ;0 ;0 ;0 ;
21.96 ;2 ; ;0 ;0 ;0 ;0 ;0 ;0 ;0 ;0 ;0 ;
21.98 ;2 ; ;0 ;0 ;0 ;0 ;0 ;0 ;0 ;0 ;0 ;
22 ;2 ; ;0 ;0 ;0 ;0 ;0 ;0 ;0 ;0 ;0 ;
22.02 ;2 ; ;0 ;0 ;0 ;0 ;0 ;0 ;0 ;0 ;0 ;
22.04 ;2 ; ;0 ;0 ;0 ;0 ;0 ;0 ;0 ;0 ;0 ;
22.06 ;2 ; ;0 ;0 ;0 ;0 ;0 ;0 ;0 ;0 ;0 ;
22.08 ;2 ; ;0 ;0 ;0 ;0 ;0 ;0 ;0 ;0 ;0 ;
22.1 ;2 ; ;0 ;0 ;0 ;0 ;0 ;0 ;0 ;0 ;0 ;
22.12 ;2 ; ;0 ;0 ;0 ;0 ;0 ;0 ;0 ;0 ;0 ;
22.14 ;2 ; ;0 ;0 ;0 ;0 ;0 ;0 ;0 ;0 ;0 ;
22.16 ;2 ; ;0 ;0 ;0 ;0 ;0 ;0 ;0 ;0 ;0 ;
22.18 ;2 ; ;0 ;0 ;0 ;0 ;0 ;0 ;0 ;0 ;0 ;
22.2 ;2 ; ;0 ;0 ;0 ;0 ;0 ;0 ;0 ;0 ;0 ;
22.22 ;2 ; ;0 ;0 ;0 ;0 ;0 ;0 ;0 ;0 ;0 ;
22.24 ;2 ; ;0 ;0 ;0 ;0 ;0 ;0 ;0 ;0 ;0 ;
22.26 ;2 ; ;0 ;0 ;0 ;0 ;0 ;0 ;0 ;0 ;0 ;
22.28 ;2 ; ;0 ;0 ;0 ;0 ;0 ;0 ;0 ;0 ;0 ;
22.3 ;2 ; ;0 ;0 ;0 ;0 ;0 ;0 ;0 ;0 ;0 ;
22.32 ;2 ; ;0 ;0 ;0 ;0 ;0 ;0 ;0 ;0 ;0 ;
22.34 ;2 ; ;0 ;0 ;0 ;0 ;0 ;0 ;0 ;0 ;0 ;
22.36 ;2 ; ;0 ;0 ;0 ;0 ;0 ;0 ;0 ;0 ;0 ;
22.38 ;2 ; ;0 ;0 ;0 ;0 ;0 ;0 ;0 ;0 ;0 ;
22.4 ;2 ; ;0 ;0 ;0 ;0 ;0 ;0 ;0 ;0 ;0 ;
22.42 ;2 ; ;0 ;0 ;0 ;0 ;0 ;0 ;0 ;0 ;0 ;
22.44 ;2 ; ;0 ;0 ;0 ;0 ;0 ;0 ;0 ;0 ;0 ;
22.46 ;2 ; ;0 ;0 ;0 ;0 ;0 ;0 ;0 ;0 ;0 ;
22.48 ;2 ; ;0 ;0 ;0 ;0 ;0 ;0 ;0 ;0 ;0 ;
22.5 ;2 ; ;0 ;0 ;0 ;0 ;0 ;0 ;0 ;0 ;0 ;
22.52 ;2 ; ;0 ;0 ;0 ;0 ;0 ;0 ;0 ;0 ;0 ;
22.54 ;2 ; ;0 ;0 ;0 ;0 ;0 ;0 ;0 ;0 ;0 ;
22.56 ;2 ; ;0 ;0 ;0 ;0 ;0 ;0 ;0 ;0 ;0 ;
22.58 ;2 ; ;0 ;0 ;0 ;0 ;0 ;0 ;0 ;0 ;0 ;
22.6 ;2 ; ;0 ;0 ;0 ;0 ;0 ;0 ;0 ;0 ;0 ;
22.62 ;2 ; ;0 ;0 ;0 ;0 ;0 ;0 ;0 ;0 ;0 ;
22.64 ;2 ; ;0 ;0 ;0 ;0 ;0 ;0 ;0 ;0 ;0 ;
22.66 ;2 ; ;0 ;0 ;0 ;0 ;0 ;0 ;0 ;0 ;0 ;
22.68 ;2 ; ;0 ;0 ;0 ;0 ;0 ;0 ;0 ;0 ;0 ;
22.68 ;2 ;3 ;0 ;0 ;0 ;0 ;0 ;0 ;0 ;0 ;0 ;
22.7 ;2 ; ;0 ;0 ;0 ;0 ;0 ;0 ;0 ;0 ;0 ;
22.72 ;2 ; ;0 ;0 ;0 ;0 ;0 ;0 ;0 ;0 ;0 ;
22.74 ;2 ; ;0 ;0 ;0 ;0 ;0 ;0 ;0 ;0 ;0 ;
22.76 ;2 ; ;0 ;0 ;0 ;0 ;0 ;0 ;0 ;0 ;0 ;
22.78 ;2 ; ;0 ;0 ;0 ;0 ;0 ;0 ;0 ;0 ;0 ;
22.8 ;2 ; ;0 ;0 ;0 ;0 ;0 ;0 ;0 ;0 ;0 ;
22.82 ;2 ; ;0 ;0 ;0 ;0 ;0 ;0 ;0 ;0 ;0 ;
22.84 ;2 ; ;0 ;0 ;0 ;0 ;0 ;0 ;0 ;0 ;0 ;
22.86 ;2 ; ;0 ;0 ;0 ;0 ;0 ;0 ;0 ;0 ;0 ;
22.88 ;2 ; ;0 ;0 ;0 ;0 ;0 ;0 ;0 ;0 ;0 ;
22.9 ;2 ; ;0 ;0 ;0 ;0 ;0 ;0 ;0 ;0 ;0 ;
22.92 ;2 ; ;0 ;0 ;0 ;0 ;0 ;0 ;0 ;0 ;0 ;
22.94 ;2 ; ;0 ;0 ;0 ;0 ;0 ;0 ;0 ;0 ;0 ;
22.96 ;2 ; ;0 ;0 ;0 ;0 ;0 ;0 ;0 ;0 ;0 ;
22.98 ;2 ; ;0 ;0 ;0 ;0 ;0 ;0 ;0 ;0 ;0 ;
23 ;2 ; ;0 ;0 ;0 ;0 ;0 ;0 ;0 ;0 ;0 ;
23.02 ;2 ; ;0 ;0 ;0 ;0 ;0 ;0 ;0 ;0 ;0 ;
23.04 ;2 ; ;0 ;0 ;0 ;0 ;0 ;0 ;0 ;0 ;0 ;
23.06 ;2 ; ;0 ;0 ;0 ;0 ;0 ;0 ;0 ;0 ;0 ;
23.08 ;2 ; ;0 ;0 ;0 ;0 ;0 ;0 ;0 ;0 ;0 ;
23.1 ;2 ; ;0 ;0 ;0 ;0 ;0 ;0 ;0 ;0 ;0 ;
23.12 ;2 ; ;0 ;0 ;0 ;0 ;0 ;0 ;0 ;0 ;0 ;
23.14 ;2 ; ;0 ;0 ;0 ;0 ;0 ;0 ;0 ;0 ;0 ;
23.16 ;2 ; ;0 ;0 ;0 ;0 ;0 ;0 ;0 ;0 ;0 ;
23.18 ;2 ; ;0 ;0 ;0 ;0 ;0 ;0 ;0 ;0 ;0 ;
23.2 ;2 ; ;0 ;0 ;0 ;0 ;0 ;0 ;0 ;0 ;0 ;
23.22 ;2 ; ;0 ;0 ;0 ;0 ;0 ;0 ;0 ;0 ;0 ;
23.24 ;2 ; ;0 ;0 ;0 ;0 ;0 ;0 ;0 ;0 ;0 ;
23.26 ;2 ; ;0 ;0 ;0 ;0 ;0 ;0 ;0 ;0 ;0 ;
23.28 ;2 ; ;0 ;0 ;0 ;0 ;0 ;0 ;0 ;0 ;0 ;
23.3 ;2 ; ;0 ;0 ;0 ;0 ;0 ;0 ;0 ;0 ;0 ;
23.32 ;2 ; ;0 ;0 ;0 ;0 ;0 ;0 ;0 ;0 ;0 ;
23.34 ;2 ; ;0 ;0 ;0 ;0 ;0 ;0 ;0 ;0 ;0 ;
23.36 ;2 ; ;0 ;0 ;0 ;0 ;0 ;0 ;0 ;0 ;0 ;
23.38 ;2 ; ;0 ;0 ;0 ;0 ;0 ;0 ;0 ;0 ;0 ;
23.4 ;2 ; ;0 ;0 ;0 ;0 ;0 ;0 ;0 ;0 ;0 ;
23.42 ;2 ; ;0 ;0 ;0 ;0 ;0 ;0 ;0 ;0 ;0 ;
23.44 ;2 ; ;0 ;0 ;0 ;0 ;0 ;0 ;0 ;0 ;0 ;
23.46 ;2 ; ;0 ;0 ;0 ;0 ;0 ;0 ;0 ;0 ;0 ;
23.48 ;2 ; ;0 ;0 ;0 ;0 ;0 ;0 ;0 ;0 ;0 ;
23.5 ;2 ; ;0 ;0 ;0 ;0 ;0 ;0 ;0 ;0 ;0 ;
23.52 ;2 ; ;0 ;0 ;0 ;0 ;0 ;0 ;0 ;0 ;0 ;
23.54 ;2 ; ;0 ;0 ;0 ;0 ;0 ;0 ;0 ;0 ;0 ;
23.56 ;2 ; ;0 ;0 ;0 ;0 ;0 ;0 ;0 ;0 ;0 ;
23.58 ;2 ; ;0 ;0 ;0 ;0 ;0 ;0 ;0 ;0 ;0 ;
23.6 ;2 ; ;0 ;0 ;0 ;0 ;0 ;0 ;0 ;0 ;0 ;
23.62 ;2 ; ;0 ;0 ;0 ;0 ;0 ;0 ;0 ;0 ;0 ;
23.64 ;2 ; ;0 ;0 ;0 ;0 ;0 ;0 ;0 ;0 ;0 ;
23.66 ;2 ; ;0 ;0 ;0 ;0 ;0 ;0 ;0 ;0 ;0 ;
23.68 ;2 ; ;0 ;0 ;0 ;0 ;0 ;0 ;0 ;0 ;0 ;
23.7 ;2 ; ;0 ;0 ;0 ;0 ;0 ;0 ;0 ;0 ;0 ;
23.72 ;2 ; ;0 ;0 ;0 ;0 ;0 ;0 ;0 ;0 ;0 ;
23.74 ;2 ; ;0 ;0 ;0 ;0 ;0 ;0 ;0 ;0 ;0 ;
23.76 ;2 ; ;0 ;0 ;0 ;0 ;0 ;0 ;0 ;0 ;0 ;
23.78 ;2 ; ;0 ;0 ;0 ;0 ;0 ;0 ;0 ;0 ;0 ;
23.8 ;2 ; ;0 ;0 ;0 ;0 ;0 ;0 ;0 ;0 ;0 ;
23.82 ;2 ; ;0 ;0 ;0 ;0 ;0 ;0 ;0 ;0 ;0 ;
23.84 ;2 ; ;0 ;0 ;0 ;0 ;0 ;0 ;0 ;0 ;0 ;
23.86 ;2 ; ;0 ;0 ;0 ;0 ;0 ;0 ;0 ;0 ;0 ;
23.88 ;2 ; ;0 ;0 ;0 ;0 ;0 ;0 ;0 ;0 ;0 ;
23.9 ;2 ; ;0 ;0 ;0 ;0 ;0 ;0 ;0 ;0 ;0 ;
23.92 ;2 ; ;0 ;0 ;0 ;0 ;0 ;0 ;0 ;0 ;0 ;
23.94 ;2 ; ;0 ;0 ;0 ;0 ;0 ;0 ;0 ;0 ;0 ;
23.96 ;2 ; ;0 ;0 ;0 ;0 ;0 ;0 ;0 ;0 ;0 ;
23.98 ;2 ; ;0 ;0 ;0 ;0 ;0 ;0 ;0 ;0 ;0 ;
24 ;2 ; ;0 ;0 ;0 ;0 ;0 ;0 ;0 ;0 ;0 ;
24.02 ;2 ; ;0 ;0 ;0 ;0 ;0 ;0 ;0 ;0 ;0 ;
24.04 ;2 ; ;0 ;0 ;0 ;0 ;0 ;0 ;0 ;0 ;0 ;
24.06 ;2 ; ;0 ;0 ;0 ;0 ;0 ;0 ;0 ;0 ;0 ;
24.08 ;2 ; ;0 ;0 ;0 ;0 ;0 ;0 ;0 ;0 ;0 ;
24.1 ;2 ; ;0 ;0 ;0 ;0 ;0 ;0 ;0 ;0 ;0 ;
24.12 ;2 ; ;0 ;0 ;0 ;0 ;0 ;0 ;0 ;0 ;0 ;
24.14 ;2 ; ;0 ;0 ;0 ;0 ;0 ;0 ;0 ;0 ;0 ;
24.16 ;2 ; ;0 ;0 ;0 ;0 ;0 ;0 ;0 ;0 ;0 ;
24.18 ;2 ; ;0 ;0 ;0 ;0 ;0 ;0 ;0 ;0 ;0 ;
24.2 ;2 ; ;0 ;0 ;0 ;0 ;0 ;0 ;0 ;0 ;0 ;
24.22 ;2 ; ;0 ;0 ;0 ;0 ;0 ;0 ;0 ;0 ;0 ;
24.24 ;2 ; ;0 ;0 ;0 ;0 ;0 ;0 ;0 ;0 ;0 ;
24.26 ;2 ; ;0 ;0 ;0 ;0 ;0 ;0 ;0 ;0 ;0 ;
24.28 ;2 ; ;0 ;0 ;0 ;0 ;0 ;0 ;0 ;0 ;0 ;
24.3 ;2 ; ;0 ;0 ;0 ;0 ;0 ;0 ;0 ;0 ;0 ;
24.32 ;2 ; ;0 ;0 ;0 ;0 ;0 ;0 ;0 ;0 ;0 ;
24.34 ;2 ; ;0 ;0 ;0 ;0 ;0 ;0 ;0 ;0 ;0 ;
24.36 ;2 ; ;0 ;0 ;0 ;0 ;0 ;0 ;0 ;0 ;0 ;
24.38 ;2 ; ;0 ;0 ;0 ;0 ;0 ;0 ;0 ;0 ;0 ;
24.4 ;2 ; ;0 ;0 ;0 ;0 ;0 ;0 ;0 ;0 ;0 ;
24.42 ;2 ; ;0 ;0 ;0 ;0 ;0 ;0 ;0 ;0 ;0 ;
24.44 ;2 ; ;0 ;0 ;0 ;0 ;0 ;0 ;0 ;0 ;0 ;
24.46 ;2 ; ;0 ;0 ;0 ;0 ;0 ;0 ;0 ;0 ;0 ;
24.48 ;2 ; ;0 ;0 ;0 ;0 ;0 ;0 ;0 ;0 ;0 ;
24.5 ;2 ; ;0 ;0 ;0 ;0 ;0 ;0 ;0 ;0 ;0 ;
24.52 ;2 ; ;0 ;0 ;0 ;0 ;0 ;0 ;0 ;0 ;0 ;
24.54 ;2 ; ;0 ;0 ;0 ;0 ;0 ;0 ;0 ;0 ;0 ;
24.56 ;2 ; ;0 ;0 ;0 ;0 ;0 ;0 ;0 ;0 ;0 ;
24.58 ;2 ; ;0 ;0 ;0 ;0 ;0 ;0 ;0 ;0 ;0 ;
24.6 ;2 ; ;0 ;0 ;0 ;0 ;0 ;0 ;0 ;0 ;0 ;
24.62 ;2 ; ;0 ;0 ;0 ;0 ;0 ;0 ;0 ;0 ;0 ;
24.64 ;2 ; ;0 ;0 ;0 ;0 ;0 ;0 ;0 ;0 ;0 ;
24.66 ;2 ; ;0 ;0 ;0 ;0 ;0 ;0 ;0 ;0 ;0 ;
24.68 ;2 ; ;0 ;0 ;0 ;0 ;0 ;0 ;0 ;0 ;0 ;
24.7 ;2 ; ;0 ;0 ;0 ;0 ;0 ;0 ;0 ;0 ;0 ;
24.72 ;2 ; ;0 ;0 ;0 ;0 ;0 ;0 ;0 ;0 ;0 ;
24.74 ;2 ; ;0 ;0 ;0 ;0 ;0 ;0 ;0 ;0 ;0 ;
24.76 ;2 ; ;0 ;0 ;0 ;0 ;0 ;0 ;0 ;0 ;0 ;
24.78 ;2 ; ;0 ;0 ;0 ;0 ;0 ;0 ;0 ;0 ;0 ;
24.8 ;2 ; ;0 ;0 ;0 ;0 ;0 ;0 ;0 ;0 ;0 ;
24.82 ;2 ; ;0 ;0 ;0 ;0 ;0 ;0 ;0 ;0 ;0 ;
24.84 ;2 ; ;0 ;0 ;0 ;0 ;0 ;0 ;0 ;0 ;0 ;
24.86 ;2 ; ;0 ;0 ;0 ;0 ;0 ;0 ;0 ;0 ;0 ;
24.88 ;2 ; ;0 ;0 ;0 ;0 ;0 ;0 ;0 ;0 ;0 ;
24.9 ;2 ; ;0 ;0 ;0 ;0 ;0 ;0 ;0 ;0 ;0 ;
24.92 ;2 ; ;0 ;0 ;0 ;0 ;0 ;0 ;0 ;0 ;0 ;
24.94 ;2 ; ;0 ;0 ;0 ;0 ;0 ;0 ;0 ;0 ;0 ;
24.96 ;2 ; ;0 ;0 ;0 ;0 ;0 ;0 ;0 ;0 ;0 ;
24.98 ;2 ; ;0 ;0 ;0 ;0 ;0 ;0 ;0 ;0 ;0 ;
25 ;2 ; ;0 ;0 ;0 ;0 ;0 ;0 ;0 ;0 ;0 ;
25.02 ;2 ; ;0 ;0 ;0 ;0 ;0 ;0 ;0 ;0 ;0 ;
25.04 ;2 ; ;0 ;0 ;0 ;0 ;0 ;0 ;0 ;0 ;0 ;
25.06 ;2 ; ;0 ;0 ;0 ;0 ;0 ;0 ;0 ;0 ;0 ;
25.08 ;2 ; ;0 ;0 ;0 ;0 ;0 ;0 ;0 ;0 ;0 ;
25.1 ;2 ; ;0 ;0 ;0 ;0 ;0 ;0 ;0 ;0 ;0 ;
25.12 ;2 ; ;0 ;0 ;0 ;0 ;0 ;0 ;0 ;0 ;0 ;
25.14 ;2 ; ;0 ;0 ;0 ;0 ;0 ;0 ;0 ;0 ;0 ;
25.16 ;2 ; ;0 ;0 ;0 ;0 ;0 ;0 ;0 ;0 ;0 ;
25.18 ;2 ; ;0 ;0 ;0 ;0 ;0 ;0 ;0 ;0 ;0 ;
25.2 ;2 ; ;0 ;0 ;0 ;0 ;0 ;0 ;0 ;0 ;0 ;
25.22 ;2 ; ;0 ;0 ;0 ;0 ;0 ;0 ;0 ;0 ;0 ;
25.24 ;2 ; ;0 ;0 ;0 ;0 ;0 ;0 ;0 ;0 ;0 ;
25.26 ;2 ; ;0 ;0 ;0 ;0 ;0 ;0 ;0 ;0 ;0 ;
25.28 ;2 ; ;0 ;0 ;0 ;0 ;0 ;0 ;0 ;0 ;0 ;
25.3 ;2 ; ;0 ;0 ;0 ;0 ;0 ;0 ;0 ;0 ;0 ;
25.32 ;2 ; ;0 ;0 ;0 ;0 ;0 ;0 ;0 ;0 ;0 ;
