RightController  ;
timestamp; status;interrupt;globalPosition; ; ;localPosition; ; ;globalRotation; ; ; ;localRotation; ; ; ;
msec; Game Status; code;x; y; z;x; y; z;x; y; z; w;x; y; z; w;
10.02635 ;0 ;-1 ;0.62 ;0 ;-4.21 ;0.62 ;0 ;0 ;0 ;0 ;0 ;1 ;0 ;0 ;0 ;1 ;
10.04 ;0 ;-1 ;0.62 ;0 ;-4.21 ;0.62 ;0 ;0 ;0 ;0 ;0 ;1 ;0 ;0 ;0 ;1 ;
10.06 ;0 ;-1 ;0.62 ;0 ;-4.21 ;0.62 ;0 ;0 ;0 ;0 ;0 ;1 ;0 ;0 ;0 ;1 ;
10.08 ;0 ;-1 ;0.62 ;0 ;-4.21 ;0.62 ;0 ;0 ;0 ;0 ;0 ;1 ;0 ;0 ;0 ;1 ;
10.1 ;0 ;-1 ;0.62 ;0 ;-4.21 ;0.62 ;0 ;0 ;0 ;0 ;0 ;1 ;0 ;0 ;0 ;1 ;
10.12 ;0 ;-1 ;0.62 ;0 ;-4.21 ;0.62 ;0 ;0 ;0 ;0 ;0 ;1 ;0 ;0 ;0 ;1 ;
10.14 ;0 ;-1 ;0.62 ;0 ;-4.21 ;0.62 ;0 ;0 ;0 ;0 ;0 ;1 ;0 ;0 ;0 ;1 ;
10.16 ;0 ;-1 ;0.62 ;0 ;-4.21 ;0.62 ;0 ;0 ;0 ;0 ;0 ;1 ;0 ;0 ;0 ;1 ;
10.18 ;0 ;-1 ;0.62 ;0 ;-4.21 ;0.62 ;0 ;0 ;0 ;0 ;0 ;1 ;0 ;0 ;0 ;1 ;
10.2 ;0 ;-1 ;0.62 ;0 ;-4.21 ;0.62 ;0 ;0 ;0 ;0 ;0 ;1 ;0 ;0 ;0 ;1 ;
10.22 ;0 ;-1 ;0.62 ;0 ;-4.21 ;0.62 ;0 ;0 ;0 ;0 ;0 ;1 ;0 ;0 ;0 ;1 ;
10.24 ;0 ;-1 ;0.62 ;0 ;-4.21 ;0.62 ;0 ;0 ;0 ;0 ;0 ;1 ;0 ;0 ;0 ;1 ;
10.26 ;0 ;-1 ;0.62 ;0 ;-4.21 ;0.62 ;0 ;0 ;0 ;0 ;0 ;1 ;0 ;0 ;0 ;1 ;
10.28 ;0 ;-1 ;0.62 ;0 ;-4.21 ;0.62 ;0 ;0 ;0 ;0 ;0 ;1 ;0 ;0 ;0 ;1 ;
10.3 ;0 ;-1 ;0.62 ;0 ;-4.21 ;0.62 ;0 ;0 ;0 ;0 ;0 ;1 ;0 ;0 ;0 ;1 ;
10.32 ;0 ;-1 ;0.62 ;0 ;-4.21 ;0.62 ;0 ;0 ;0 ;0 ;0 ;1 ;0 ;0 ;0 ;1 ;
10.34 ;0 ;-1 ;0.62 ;0 ;-4.21 ;0.62 ;0 ;0 ;0 ;0 ;0 ;1 ;0 ;0 ;0 ;1 ;
10.36 ;0 ;-1 ;0.62 ;0 ;-4.21 ;0.62 ;0 ;0 ;0 ;0 ;0 ;1 ;0 ;0 ;0 ;1 ;
10.38 ;0 ;-1 ;0.62 ;0 ;-4.21 ;0.62 ;0 ;0 ;0 ;0 ;0 ;1 ;0 ;0 ;0 ;1 ;
10.4 ;0 ;-1 ;0.62 ;0 ;-4.21 ;0.62 ;0 ;0 ;0 ;0 ;0 ;1 ;0 ;0 ;0 ;1 ;
10.42 ;0 ;-1 ;0.62 ;0 ;-4.21 ;0.62 ;0 ;0 ;0 ;0 ;0 ;1 ;0 ;0 ;0 ;1 ;
10.44 ;0 ;-1 ;0.62 ;0 ;-4.21 ;0.62 ;0 ;0 ;0 ;0 ;0 ;1 ;0 ;0 ;0 ;1 ;
10.46 ;0 ;-1 ;0.62 ;0 ;-4.21 ;0.62 ;0 ;0 ;0 ;0 ;0 ;1 ;0 ;0 ;0 ;1 ;
10.48 ;0 ;-1 ;0.62 ;0 ;-4.21 ;0.62 ;0 ;0 ;0 ;0 ;0 ;1 ;0 ;0 ;0 ;1 ;
10.5 ;0 ;-1 ;0.62 ;0 ;-4.21 ;0.62 ;0 ;0 ;0 ;0 ;0 ;1 ;0 ;0 ;0 ;1 ;
10.52 ;0 ;-1 ;0.62 ;0 ;-4.21 ;0.62 ;0 ;0 ;0 ;0 ;0 ;1 ;0 ;0 ;0 ;1 ;
10.54 ;0 ;-1 ;0.62 ;0 ;-4.21 ;0.62 ;0 ;0 ;0 ;0 ;0 ;1 ;0 ;0 ;0 ;1 ;
10.56 ;0 ;-1 ;0.62 ;0 ;-4.21 ;0.62 ;0 ;0 ;0 ;0 ;0 ;1 ;0 ;0 ;0 ;1 ;
10.58 ;0 ;-1 ;0.62 ;0 ;-4.21 ;0.62 ;0 ;0 ;0 ;0 ;0 ;1 ;0 ;0 ;0 ;1 ;
10.6 ;0 ;-1 ;0.62 ;0 ;-4.21 ;0.62 ;0 ;0 ;0 ;0 ;0 ;1 ;0 ;0 ;0 ;1 ;
10.62 ;0 ;-1 ;0.62 ;0 ;-4.21 ;0.62 ;0 ;0 ;0 ;0 ;0 ;1 ;0 ;0 ;0 ;1 ;
10.64 ;0 ;-1 ;0.62 ;0 ;-4.21 ;0.62 ;0 ;0 ;0 ;0 ;0 ;1 ;0 ;0 ;0 ;1 ;
10.66 ;0 ;-1 ;0.62 ;0 ;-4.21 ;0.62 ;0 ;0 ;0 ;0 ;0 ;1 ;0 ;0 ;0 ;1 ;
10.68 ;0 ;-1 ;0.62 ;0 ;-4.21 ;0.62 ;0 ;0 ;0 ;0 ;0 ;1 ;0 ;0 ;0 ;1 ;
10.7 ;0 ;-1 ;0.62 ;0 ;-4.21 ;0.62 ;0 ;0 ;0 ;0 ;0 ;1 ;0 ;0 ;0 ;1 ;
10.72 ;0 ;-1 ;0.62 ;0 ;-4.21 ;0.62 ;0 ;0 ;0 ;0 ;0 ;1 ;0 ;0 ;0 ;1 ;
10.74 ;0 ;-1 ;0.62 ;0 ;-4.21 ;0.62 ;0 ;0 ;0 ;0 ;0 ;1 ;0 ;0 ;0 ;1 ;
10.76 ;0 ;-1 ;0.62 ;0 ;-4.21 ;0.62 ;0 ;0 ;0 ;0 ;0 ;1 ;0 ;0 ;0 ;1 ;
10.78 ;0 ;-1 ;0.62 ;0 ;-4.21 ;0.62 ;0 ;0 ;0 ;0 ;0 ;1 ;0 ;0 ;0 ;1 ;
10.8 ;0 ;-1 ;0.62 ;0 ;-4.21 ;0.62 ;0 ;0 ;0 ;0 ;0 ;1 ;0 ;0 ;0 ;1 ;
10.82 ;0 ;-1 ;0.62 ;0 ;-4.21 ;0.62 ;0 ;0 ;0 ;0 ;0 ;1 ;0 ;0 ;0 ;1 ;
10.84 ;0 ;-1 ;0.62 ;0 ;-4.21 ;0.62 ;0 ;0 ;0 ;0 ;0 ;1 ;0 ;0 ;0 ;1 ;
10.86 ;0 ;-1 ;0.62 ;0 ;-4.21 ;0.62 ;0 ;0 ;0 ;0 ;0 ;1 ;0 ;0 ;0 ;1 ;
10.88 ;0 ;-1 ;0.62 ;0 ;-4.21 ;0.62 ;0 ;0 ;0 ;0 ;0 ;1 ;0 ;0 ;0 ;1 ;
10.9 ;0 ;-1 ;0.62 ;0 ;-4.21 ;0.62 ;0 ;0 ;0 ;0 ;0 ;1 ;0 ;0 ;0 ;1 ;
10.92 ;0 ;-1 ;0.62 ;0 ;-4.21 ;0.62 ;0 ;0 ;0 ;0 ;0 ;1 ;0 ;0 ;0 ;1 ;
10.94 ;0 ;-1 ;0.62 ;0 ;-4.21 ;0.62 ;0 ;0 ;0 ;0 ;0 ;1 ;0 ;0 ;0 ;1 ;
10.96 ;0 ;-1 ;0.62 ;0 ;-4.21 ;0.62 ;0 ;0 ;0 ;0 ;0 ;1 ;0 ;0 ;0 ;1 ;
10.98 ;0 ;-1 ;0.62 ;0 ;-4.21 ;0.62 ;0 ;0 ;0 ;0 ;0 ;1 ;0 ;0 ;0 ;1 ;
11 ;0 ;-1 ;0.62 ;0 ;-4.21 ;0.62 ;0 ;0 ;0 ;0 ;0 ;1 ;0 ;0 ;0 ;1 ;
11.02 ;0 ;-1 ;0.62 ;0 ;-4.21 ;0.62 ;0 ;0 ;0 ;0 ;0 ;1 ;0 ;0 ;0 ;1 ;
11.04 ;0 ;-1 ;0.62 ;0 ;-4.21 ;0.62 ;0 ;0 ;0 ;0 ;0 ;1 ;0 ;0 ;0 ;1 ;
11.06 ;0 ;-1 ;0.62 ;0 ;-4.21 ;0.62 ;0 ;0 ;0 ;0 ;0 ;1 ;0 ;0 ;0 ;1 ;
11.08 ;0 ;-1 ;0.62 ;0 ;-4.21 ;0.62 ;0 ;0 ;0 ;0 ;0 ;1 ;0 ;0 ;0 ;1 ;
11.1 ;0 ;-1 ;0.62 ;0 ;-4.21 ;0.62 ;0 ;0 ;0 ;0 ;0 ;1 ;0 ;0 ;0 ;1 ;
11.12 ;0 ;-1 ;0.62 ;0 ;-4.21 ;0.62 ;0 ;0 ;0 ;0 ;0 ;1 ;0 ;0 ;0 ;1 ;
11.14 ;0 ;-1 ;0.62 ;0 ;-4.21 ;0.62 ;0 ;0 ;0 ;0 ;0 ;1 ;0 ;0 ;0 ;1 ;
11.16 ;0 ;-1 ;0.62 ;0 ;-4.21 ;0.62 ;0 ;0 ;0 ;0 ;0 ;1 ;0 ;0 ;0 ;1 ;
11.18 ;0 ;-1 ;0.62 ;0 ;-4.21 ;0.62 ;0 ;0 ;0 ;0 ;0 ;1 ;0 ;0 ;0 ;1 ;
11.2 ;0 ;-1 ;0.62 ;0 ;-4.21 ;0.62 ;0 ;0 ;0 ;0 ;0 ;1 ;0 ;0 ;0 ;1 ;
11.22 ;0 ;-1 ;0.62 ;0 ;-4.21 ;0.62 ;0 ;0 ;0 ;0 ;0 ;1 ;0 ;0 ;0 ;1 ;
11.24 ;0 ;-1 ;0.62 ;0 ;-4.21 ;0.62 ;0 ;0 ;0 ;0 ;0 ;1 ;0 ;0 ;0 ;1 ;
11.26 ;0 ;-1 ;0.62 ;0 ;-4.21 ;0.62 ;0 ;0 ;0 ;0 ;0 ;1 ;0 ;0 ;0 ;1 ;
11.28 ;0 ;-1 ;0.62 ;0 ;-4.21 ;0.62 ;0 ;0 ;0 ;0 ;0 ;1 ;0 ;0 ;0 ;1 ;
11.3 ;0 ;-1 ;0.62 ;0 ;-4.21 ;0.62 ;0 ;0 ;0 ;0 ;0 ;1 ;0 ;0 ;0 ;1 ;
11.32 ;0 ;-1 ;0.62 ;0 ;-4.21 ;0.62 ;0 ;0 ;0 ;0 ;0 ;1 ;0 ;0 ;0 ;1 ;
11.34 ;0 ;-1 ;0.62 ;0 ;-4.21 ;0.62 ;0 ;0 ;0 ;0 ;0 ;1 ;0 ;0 ;0 ;1 ;
11.36 ;0 ;-1 ;0.62 ;0 ;-4.21 ;0.62 ;0 ;0 ;0 ;0 ;0 ;1 ;0 ;0 ;0 ;1 ;
11.38 ;0 ;-1 ;0.62 ;0 ;-4.21 ;0.62 ;0 ;0 ;0 ;0 ;0 ;1 ;0 ;0 ;0 ;1 ;
11.4 ;0 ;-1 ;0.62 ;0 ;-4.21 ;0.62 ;0 ;0 ;0 ;0 ;0 ;1 ;0 ;0 ;0 ;1 ;
11.42 ;0 ;-1 ;0.62 ;0 ;-4.21 ;0.62 ;0 ;0 ;0 ;0 ;0 ;1 ;0 ;0 ;0 ;1 ;
11.44 ;0 ;-1 ;0.62 ;0 ;-4.21 ;0.62 ;0 ;0 ;0 ;0 ;0 ;1 ;0 ;0 ;0 ;1 ;
11.46 ;0 ;-1 ;0.62 ;0 ;-4.21 ;0.62 ;0 ;0 ;0 ;0 ;0 ;1 ;0 ;0 ;0 ;1 ;
11.48 ;0 ;-1 ;0.62 ;0 ;-4.21 ;0.62 ;0 ;0 ;0 ;0 ;0 ;1 ;0 ;0 ;0 ;1 ;
11.5 ;0 ;-1 ;0.62 ;0 ;-4.21 ;0.62 ;0 ;0 ;0 ;0 ;0 ;1 ;0 ;0 ;0 ;1 ;
11.52 ;0 ;-1 ;0.62 ;0 ;-4.21 ;0.62 ;0 ;0 ;0 ;0 ;0 ;1 ;0 ;0 ;0 ;1 ;
11.54 ;0 ;-1 ;0.62 ;0 ;-4.21 ;0.62 ;0 ;0 ;0 ;0 ;0 ;1 ;0 ;0 ;0 ;1 ;
11.56 ;0 ;-1 ;0.62 ;0 ;-4.21 ;0.62 ;0 ;0 ;0 ;0 ;0 ;1 ;0 ;0 ;0 ;1 ;
11.58 ;0 ;-1 ;0.62 ;0 ;-4.21 ;0.62 ;0 ;0 ;0 ;0 ;0 ;1 ;0 ;0 ;0 ;1 ;
11.6 ;0 ;-1 ;0.62 ;0 ;-4.21 ;0.62 ;0 ;0 ;0 ;0 ;0 ;1 ;0 ;0 ;0 ;1 ;
11.62 ;0 ;-1 ;0.62 ;0 ;-4.21 ;0.62 ;0 ;0 ;0 ;0 ;0 ;1 ;0 ;0 ;0 ;1 ;
11.64 ;0 ;-1 ;0.62 ;0 ;-4.21 ;0.62 ;0 ;0 ;0 ;0 ;0 ;1 ;0 ;0 ;0 ;1 ;
11.66 ;0 ;-1 ;0.62 ;0 ;-4.21 ;0.62 ;0 ;0 ;0 ;0 ;0 ;1 ;0 ;0 ;0 ;1 ;
11.68 ;0 ;-1 ;0.62 ;0 ;-4.21 ;0.62 ;0 ;0 ;0 ;0 ;0 ;1 ;0 ;0 ;0 ;1 ;
11.7 ;0 ;-1 ;0.62 ;0 ;-4.21 ;0.62 ;0 ;0 ;0 ;0 ;0 ;1 ;0 ;0 ;0 ;1 ;
11.72 ;0 ;-1 ;0.62 ;0 ;-4.21 ;0.62 ;0 ;0 ;0 ;0 ;0 ;1 ;0 ;0 ;0 ;1 ;
11.74 ;0 ;-1 ;0.62 ;0 ;-4.21 ;0.62 ;0 ;0 ;0 ;0 ;0 ;1 ;0 ;0 ;0 ;1 ;
11.76 ;0 ;-1 ;0.62 ;0 ;-4.21 ;0.62 ;0 ;0 ;0 ;0 ;0 ;1 ;0 ;0 ;0 ;1 ;
11.78 ;0 ;-1 ;0.62 ;0 ;-4.21 ;0.62 ;0 ;0 ;0 ;0 ;0 ;1 ;0 ;0 ;0 ;1 ;
11.8 ;0 ;-1 ;0.62 ;0 ;-4.21 ;0.62 ;0 ;0 ;0 ;0 ;0 ;1 ;0 ;0 ;0 ;1 ;
11.82 ;0 ;-1 ;0.62 ;0 ;-4.21 ;0.62 ;0 ;0 ;0 ;0 ;0 ;1 ;0 ;0 ;0 ;1 ;
11.84 ;0 ;-1 ;0.62 ;0 ;-4.21 ;0.62 ;0 ;0 ;0 ;0 ;0 ;1 ;0 ;0 ;0 ;1 ;
11.86 ;0 ;-1 ;0.62 ;0 ;-4.21 ;0.62 ;0 ;0 ;0 ;0 ;0 ;1 ;0 ;0 ;0 ;1 ;
11.88 ;0 ;-1 ;0.62 ;0 ;-4.21 ;0.62 ;0 ;0 ;0 ;0 ;0 ;1 ;0 ;0 ;0 ;1 ;
11.9 ;0 ;-1 ;0.62 ;0 ;-4.21 ;0.62 ;0 ;0 ;0 ;0 ;0 ;1 ;0 ;0 ;0 ;1 ;
11.92 ;0 ;-1 ;0.62 ;0 ;-4.21 ;0.62 ;0 ;0 ;0 ;0 ;0 ;1 ;0 ;0 ;0 ;1 ;
11.94 ;0 ;-1 ;0.62 ;0 ;-4.21 ;0.62 ;0 ;0 ;0 ;0 ;0 ;1 ;0 ;0 ;0 ;1 ;
11.96 ;0 ;-1 ;0.62 ;0 ;-4.21 ;0.62 ;0 ;0 ;0 ;0 ;0 ;1 ;0 ;0 ;0 ;1 ;
11.98 ;0 ;-1 ;0.62 ;0 ;-4.21 ;0.62 ;0 ;0 ;0 ;0 ;0 ;1 ;0 ;0 ;0 ;1 ;
12 ;0 ;-1 ;0.62 ;0 ;-4.21 ;0.62 ;0 ;0 ;0 ;0 ;0 ;1 ;0 ;0 ;0 ;1 ;
12.02 ;0 ;-1 ;0.62 ;0 ;-4.21 ;0.62 ;0 ;0 ;0 ;0 ;0 ;1 ;0 ;0 ;0 ;1 ;
12.04 ;0 ;-1 ;0.62 ;0 ;-4.21 ;0.62 ;0 ;0 ;0 ;0 ;0 ;1 ;0 ;0 ;0 ;1 ;
12.06 ;0 ;-1 ;0.62 ;0 ;-4.21 ;0.62 ;0 ;0 ;0 ;0 ;0 ;1 ;0 ;0 ;0 ;1 ;
12.08 ;0 ;-1 ;0.62 ;0 ;-4.21 ;0.62 ;0 ;0 ;0 ;0 ;0 ;1 ;0 ;0 ;0 ;1 ;
12.1 ;0 ;-1 ;0.62 ;0 ;-4.21 ;0.62 ;0 ;0 ;0 ;0 ;0 ;1 ;0 ;0 ;0 ;1 ;
12.12 ;0 ;-1 ;0.62 ;0 ;-4.21 ;0.62 ;0 ;0 ;0 ;0 ;0 ;1 ;0 ;0 ;0 ;1 ;
12.14 ;0 ;-1 ;0.62 ;0 ;-4.21 ;0.62 ;0 ;0 ;0 ;0 ;0 ;1 ;0 ;0 ;0 ;1 ;
12.16 ;0 ;-1 ;0.62 ;0 ;-4.21 ;0.62 ;0 ;0 ;0 ;0 ;0 ;1 ;0 ;0 ;0 ;1 ;
12.18 ;0 ;-1 ;0.62 ;0 ;-4.21 ;0.62 ;0 ;0 ;0 ;0 ;0 ;1 ;0 ;0 ;0 ;1 ;
12.2 ;0 ;-1 ;0.62 ;0 ;-4.21 ;0.62 ;0 ;0 ;0 ;0 ;0 ;1 ;0 ;0 ;0 ;1 ;
12.22 ;0 ;-1 ;0.62 ;0 ;-4.21 ;0.62 ;0 ;0 ;0 ;0 ;0 ;1 ;0 ;0 ;0 ;1 ;
12.24 ;0 ;-1 ;0.62 ;0 ;-4.21 ;0.62 ;0 ;0 ;0 ;0 ;0 ;1 ;0 ;0 ;0 ;1 ;
12.26 ;0 ;-1 ;0.62 ;0 ;-4.21 ;0.62 ;0 ;0 ;0 ;0 ;0 ;1 ;0 ;0 ;0 ;1 ;
12.28 ;0 ;-1 ;0.62 ;0 ;-4.21 ;0.62 ;0 ;0 ;0 ;0 ;0 ;1 ;0 ;0 ;0 ;1 ;
12.3 ;0 ;-1 ;0.62 ;0 ;-4.21 ;0.62 ;0 ;0 ;0 ;0 ;0 ;1 ;0 ;0 ;0 ;1 ;
12.32 ;0 ;-1 ;0.62 ;0 ;-4.21 ;0.62 ;0 ;0 ;0 ;0 ;0 ;1 ;0 ;0 ;0 ;1 ;
12.34 ;0 ;-1 ;0.62 ;0 ;-4.21 ;0.62 ;0 ;0 ;0 ;0 ;0 ;1 ;0 ;0 ;0 ;1 ;
12.36 ;0 ;-1 ;0.62 ;0 ;-4.21 ;0.62 ;0 ;0 ;0 ;0 ;0 ;1 ;0 ;0 ;0 ;1 ;
12.38 ;0 ;-1 ;0.62 ;0 ;-4.21 ;0.62 ;0 ;0 ;0 ;0 ;0 ;1 ;0 ;0 ;0 ;1 ;
12.4 ;0 ;-1 ;0.62 ;0 ;-4.21 ;0.62 ;0 ;0 ;0 ;0 ;0 ;1 ;0 ;0 ;0 ;1 ;
12.42 ;0 ;-1 ;0.62 ;0 ;-4.21 ;0.62 ;0 ;0 ;0 ;0 ;0 ;1 ;0 ;0 ;0 ;1 ;
12.44 ;0 ;-1 ;0.62 ;0 ;-4.21 ;0.62 ;0 ;0 ;0 ;0 ;0 ;1 ;0 ;0 ;0 ;1 ;
12.46 ;0 ;-1 ;0.62 ;0 ;-4.21 ;0.62 ;0 ;0 ;0 ;0 ;0 ;1 ;0 ;0 ;0 ;1 ;
12.48 ;0 ;-1 ;0.62 ;0 ;-4.21 ;0.62 ;0 ;0 ;0 ;0 ;0 ;1 ;0 ;0 ;0 ;1 ;
12.5 ;0 ;-1 ;0.62 ;0 ;-4.21 ;0.62 ;0 ;0 ;0 ;0 ;0 ;1 ;0 ;0 ;0 ;1 ;
12.52 ;0 ;-1 ;0.62 ;0 ;-4.21 ;0.62 ;0 ;0 ;0 ;0 ;0 ;1 ;0 ;0 ;0 ;1 ;
12.54 ;0 ;-1 ;0.62 ;0 ;-4.21 ;0.62 ;0 ;0 ;0 ;0 ;0 ;1 ;0 ;0 ;0 ;1 ;
12.56 ;0 ;-1 ;0.62 ;0 ;-4.21 ;0.62 ;0 ;0 ;0 ;0 ;0 ;1 ;0 ;0 ;0 ;1 ;
12.58 ;0 ;-1 ;0.62 ;0 ;-4.21 ;0.62 ;0 ;0 ;0 ;0 ;0 ;1 ;0 ;0 ;0 ;1 ;
12.6 ;0 ;-1 ;0.62 ;0 ;-4.21 ;0.62 ;0 ;0 ;0 ;0 ;0 ;1 ;0 ;0 ;0 ;1 ;
12.62 ;0 ;-1 ;0.62 ;0 ;-4.21 ;0.62 ;0 ;0 ;0 ;0 ;0 ;1 ;0 ;0 ;0 ;1 ;
12.64 ;0 ;-1 ;0.62 ;0 ;-4.21 ;0.62 ;0 ;0 ;0 ;0 ;0 ;1 ;0 ;0 ;0 ;1 ;
12.66 ;0 ;-1 ;0.62 ;0 ;-4.21 ;0.62 ;0 ;0 ;0 ;0 ;0 ;1 ;0 ;0 ;0 ;1 ;
12.68 ;0 ;-1 ;0.62 ;0 ;-4.21 ;0.62 ;0 ;0 ;0 ;0 ;0 ;1 ;0 ;0 ;0 ;1 ;
12.7 ;0 ;-1 ;0.62 ;0 ;-4.21 ;0.62 ;0 ;0 ;0 ;0 ;0 ;1 ;0 ;0 ;0 ;1 ;
12.72 ;0 ;-1 ;0.62 ;0 ;-4.21 ;0.62 ;0 ;0 ;0 ;0 ;0 ;1 ;0 ;0 ;0 ;1 ;
12.74 ;0 ;-1 ;0.62 ;0 ;-4.21 ;0.62 ;0 ;0 ;0 ;0 ;0 ;1 ;0 ;0 ;0 ;1 ;
12.76 ;0 ;-1 ;0.62 ;0 ;-4.21 ;0.62 ;0 ;0 ;0 ;0 ;0 ;1 ;0 ;0 ;0 ;1 ;
12.78 ;0 ;-1 ;0.62 ;0 ;-4.21 ;0.62 ;0 ;0 ;0 ;0 ;0 ;1 ;0 ;0 ;0 ;1 ;
12.8 ;0 ;-1 ;0.62 ;0 ;-4.21 ;0.62 ;0 ;0 ;0 ;0 ;0 ;1 ;0 ;0 ;0 ;1 ;
12.82 ;0 ;-1 ;0.62 ;0 ;-4.21 ;0.62 ;0 ;0 ;0 ;0 ;0 ;1 ;0 ;0 ;0 ;1 ;
12.84 ;0 ;-1 ;0.62 ;0 ;-4.21 ;0.62 ;0 ;0 ;0 ;0 ;0 ;1 ;0 ;0 ;0 ;1 ;
12.86 ;0 ;-1 ;0.62 ;0 ;-4.21 ;0.62 ;0 ;0 ;0 ;0 ;0 ;1 ;0 ;0 ;0 ;1 ;
12.88 ;0 ;-1 ;0.62 ;0 ;-4.21 ;0.62 ;0 ;0 ;0 ;0 ;0 ;1 ;0 ;0 ;0 ;1 ;
12.9 ;0 ;-1 ;0.62 ;0 ;-4.21 ;0.62 ;0 ;0 ;0 ;0 ;0 ;1 ;0 ;0 ;0 ;1 ;
12.92 ;0 ;-1 ;0.62 ;0 ;-4.21 ;0.62 ;0 ;0 ;0 ;0 ;0 ;1 ;0 ;0 ;0 ;1 ;
12.94 ;0 ;-1 ;0.62 ;0 ;-4.21 ;0.62 ;0 ;0 ;0 ;0 ;0 ;1 ;0 ;0 ;0 ;1 ;
12.96 ;0 ;-1 ;0.62 ;0 ;-4.21 ;0.62 ;0 ;0 ;0 ;0 ;0 ;1 ;0 ;0 ;0 ;1 ;
12.98 ;0 ;-1 ;0.62 ;0 ;-4.21 ;0.62 ;0 ;0 ;0 ;0 ;0 ;1 ;0 ;0 ;0 ;1 ;
13 ;0 ;-1 ;0.62 ;0 ;-4.21 ;0.62 ;0 ;0 ;0 ;0 ;0 ;1 ;0 ;0 ;0 ;1 ;
13.02 ;0 ;-1 ;0.62 ;0 ;-4.21 ;0.62 ;0 ;0 ;0 ;0 ;0 ;1 ;0 ;0 ;0 ;1 ;
13.04 ;0 ;-1 ;0.62 ;0 ;-4.21 ;0.62 ;0 ;0 ;0 ;0 ;0 ;1 ;0 ;0 ;0 ;1 ;
13.06 ;0 ;-1 ;0.62 ;0 ;-4.21 ;0.62 ;0 ;0 ;0 ;0 ;0 ;1 ;0 ;0 ;0 ;1 ;
13.08 ;0 ;-1 ;0.62 ;0 ;-4.21 ;0.62 ;0 ;0 ;0 ;0 ;0 ;1 ;0 ;0 ;0 ;1 ;
13.1 ;0 ;-1 ;0.62 ;0 ;-4.21 ;0.62 ;0 ;0 ;0 ;0 ;0 ;1 ;0 ;0 ;0 ;1 ;
13.12 ;0 ;-1 ;0.62 ;0 ;-4.21 ;0.62 ;0 ;0 ;0 ;0 ;0 ;1 ;0 ;0 ;0 ;1 ;
13.14 ;0 ;-1 ;0.62 ;0 ;-4.21 ;0.62 ;0 ;0 ;0 ;0 ;0 ;1 ;0 ;0 ;0 ;1 ;
13.16 ;0 ;-1 ;0.62 ;0 ;-4.21 ;0.62 ;0 ;0 ;0 ;0 ;0 ;1 ;0 ;0 ;0 ;1 ;
13.18 ;0 ;-1 ;0.62 ;0 ;-4.21 ;0.62 ;0 ;0 ;0 ;0 ;0 ;1 ;0 ;0 ;0 ;1 ;
13.2 ;0 ;-1 ;0.62 ;0 ;-4.21 ;0.62 ;0 ;0 ;0 ;0 ;0 ;1 ;0 ;0 ;0 ;1 ;
13.22 ;0 ;-1 ;0.62 ;0 ;-4.21 ;0.62 ;0 ;0 ;0 ;0 ;0 ;1 ;0 ;0 ;0 ;1 ;
13.24 ;0 ;-1 ;0.62 ;0 ;-4.21 ;0.62 ;0 ;0 ;0 ;0 ;0 ;1 ;0 ;0 ;0 ;1 ;
13.26 ;0 ;-1 ;0.62 ;0 ;-4.21 ;0.62 ;0 ;0 ;0 ;0 ;0 ;1 ;0 ;0 ;0 ;1 ;
13.28 ;0 ;-1 ;0.62 ;0 ;-4.21 ;0.62 ;0 ;0 ;0 ;0 ;0 ;1 ;0 ;0 ;0 ;1 ;
13.3 ;0 ;-1 ;0.62 ;0 ;-4.21 ;0.62 ;0 ;0 ;0 ;0 ;0 ;1 ;0 ;0 ;0 ;1 ;
13.32 ;0 ;-1 ;0.62 ;0 ;-4.21 ;0.62 ;0 ;0 ;0 ;0 ;0 ;1 ;0 ;0 ;0 ;1 ;
13.34 ;0 ;-1 ;0.62 ;0 ;-4.21 ;0.62 ;0 ;0 ;0 ;0 ;0 ;1 ;0 ;0 ;0 ;1 ;
13.36 ;0 ;-1 ;0.62 ;0 ;-4.21 ;0.62 ;0 ;0 ;0 ;0 ;0 ;1 ;0 ;0 ;0 ;1 ;
13.38 ;0 ;-1 ;0.62 ;0 ;-4.21 ;0.62 ;0 ;0 ;0 ;0 ;0 ;1 ;0 ;0 ;0 ;1 ;
13.4 ;0 ;-1 ;0.62 ;0 ;-4.21 ;0.62 ;0 ;0 ;0 ;0 ;0 ;1 ;0 ;0 ;0 ;1 ;
13.42 ;0 ;-1 ;0.62 ;0 ;-4.21 ;0.62 ;0 ;0 ;0 ;0 ;0 ;1 ;0 ;0 ;0 ;1 ;
13.44 ;0 ;-1 ;0.62 ;0 ;-4.21 ;0.62 ;0 ;0 ;0 ;0 ;0 ;1 ;0 ;0 ;0 ;1 ;
13.46 ;0 ;-1 ;0.62 ;0 ;-4.21 ;0.62 ;0 ;0 ;0 ;0 ;0 ;1 ;0 ;0 ;0 ;1 ;
13.48 ;0 ;-1 ;0.62 ;0 ;-4.21 ;0.62 ;0 ;0 ;0 ;0 ;0 ;1 ;0 ;0 ;0 ;1 ;
13.5 ;0 ;-1 ;0.62 ;0 ;-4.21 ;0.62 ;0 ;0 ;0 ;0 ;0 ;1 ;0 ;0 ;0 ;1 ;
13.52 ;0 ;-1 ;0.62 ;0 ;-4.21 ;0.62 ;0 ;0 ;0 ;0 ;0 ;1 ;0 ;0 ;0 ;1 ;
13.54 ;0 ;-1 ;0.62 ;0 ;-4.21 ;0.62 ;0 ;0 ;0 ;0 ;0 ;1 ;0 ;0 ;0 ;1 ;
13.56 ;0 ;-1 ;0.62 ;0 ;-4.21 ;0.62 ;0 ;0 ;0 ;0 ;0 ;1 ;0 ;0 ;0 ;1 ;
13.58 ;0 ;-1 ;0.62 ;0 ;-4.21 ;0.62 ;0 ;0 ;0 ;0 ;0 ;1 ;0 ;0 ;0 ;1 ;
13.6 ;0 ;-1 ;0.62 ;0 ;-4.21 ;0.62 ;0 ;0 ;0 ;0 ;0 ;1 ;0 ;0 ;0 ;1 ;
13.62 ;0 ;-1 ;0.62 ;0 ;-4.21 ;0.62 ;0 ;0 ;0 ;0 ;0 ;1 ;0 ;0 ;0 ;1 ;
13.64 ;0 ;-1 ;0.62 ;0 ;-4.21 ;0.62 ;0 ;0 ;0 ;0 ;0 ;1 ;0 ;0 ;0 ;1 ;
13.66 ;0 ;-1 ;0.62 ;0 ;-4.21 ;0.62 ;0 ;0 ;0 ;0 ;0 ;1 ;0 ;0 ;0 ;1 ;
13.68 ;0 ;-1 ;0.62 ;0 ;-4.21 ;0.62 ;0 ;0 ;0 ;0 ;0 ;1 ;0 ;0 ;0 ;1 ;
13.7 ;0 ;-1 ;0.62 ;0 ;-4.21 ;0.62 ;0 ;0 ;0 ;0 ;0 ;1 ;0 ;0 ;0 ;1 ;
13.72 ;0 ;-1 ;0.62 ;0 ;-4.21 ;0.62 ;0 ;0 ;0 ;0 ;0 ;1 ;0 ;0 ;0 ;1 ;
13.74 ;0 ;-1 ;0.62 ;0 ;-4.21 ;0.62 ;0 ;0 ;0 ;0 ;0 ;1 ;0 ;0 ;0 ;1 ;
13.76 ;0 ;-1 ;0.62 ;0 ;-4.21 ;0.62 ;0 ;0 ;0 ;0 ;0 ;1 ;0 ;0 ;0 ;1 ;
13.78 ;0 ;-1 ;0.62 ;0 ;-4.21 ;0.62 ;0 ;0 ;0 ;0 ;0 ;1 ;0 ;0 ;0 ;1 ;
13.8 ;0 ;-1 ;0.62 ;0 ;-4.21 ;0.62 ;0 ;0 ;0 ;0 ;0 ;1 ;0 ;0 ;0 ;1 ;
13.82 ;0 ;-1 ;0.62 ;0 ;-4.21 ;0.62 ;0 ;0 ;0 ;0 ;0 ;1 ;0 ;0 ;0 ;1 ;
13.84 ;0 ;-1 ;0.62 ;0 ;-4.21 ;0.62 ;0 ;0 ;0 ;0 ;0 ;1 ;0 ;0 ;0 ;1 ;
13.86 ;0 ;-1 ;0.62 ;0 ;-4.21 ;0.62 ;0 ;0 ;0 ;0 ;0 ;1 ;0 ;0 ;0 ;1 ;
13.88 ;0 ;-1 ;0.62 ;0 ;-4.21 ;0.62 ;0 ;0 ;0 ;0 ;0 ;1 ;0 ;0 ;0 ;1 ;
13.9 ;0 ;-1 ;0.62 ;0 ;-4.21 ;0.62 ;0 ;0 ;0 ;0 ;0 ;1 ;0 ;0 ;0 ;1 ;
13.92 ;0 ;-1 ;0.62 ;0 ;-4.21 ;0.62 ;0 ;0 ;0 ;0 ;0 ;1 ;0 ;0 ;0 ;1 ;
13.94 ;0 ;-1 ;0.62 ;0 ;-4.21 ;0.62 ;0 ;0 ;0 ;0 ;0 ;1 ;0 ;0 ;0 ;1 ;
13.96 ;0 ;-1 ;0.62 ;0 ;-4.21 ;0.62 ;0 ;0 ;0 ;0 ;0 ;1 ;0 ;0 ;0 ;1 ;
13.98 ;0 ;-1 ;0.62 ;0 ;-4.21 ;0.62 ;0 ;0 ;0 ;0 ;0 ;1 ;0 ;0 ;0 ;1 ;
14 ;0 ;-1 ;0.62 ;0 ;-4.21 ;0.62 ;0 ;0 ;0 ;0 ;0 ;1 ;0 ;0 ;0 ;1 ;
14.02 ;0 ;-1 ;0.62 ;0 ;-4.21 ;0.62 ;0 ;0 ;0 ;0 ;0 ;1 ;0 ;0 ;0 ;1 ;
14.04 ;0 ;-1 ;0.62 ;0 ;-4.21 ;0.62 ;0 ;0 ;0 ;0 ;0 ;1 ;0 ;0 ;0 ;1 ;
14.06 ;0 ;-1 ;0.62 ;0 ;-4.21 ;0.62 ;0 ;0 ;0 ;0 ;0 ;1 ;0 ;0 ;0 ;1 ;
14.08 ;0 ;-1 ;0.62 ;0 ;-4.21 ;0.62 ;0 ;0 ;0 ;0 ;0 ;1 ;0 ;0 ;0 ;1 ;
14.1 ;0 ;-1 ;0.62 ;0 ;-4.21 ;0.62 ;0 ;0 ;0 ;0 ;0 ;1 ;0 ;0 ;0 ;1 ;
14.12 ;0 ;-1 ;0.62 ;0 ;-4.21 ;0.62 ;0 ;0 ;0 ;0 ;0 ;1 ;0 ;0 ;0 ;1 ;
14.14 ;0 ;-1 ;0.62 ;0 ;-4.21 ;0.62 ;0 ;0 ;0 ;0 ;0 ;1 ;0 ;0 ;0 ;1 ;
14.16 ;0 ;-1 ;0.62 ;0 ;-4.21 ;0.62 ;0 ;0 ;0 ;0 ;0 ;1 ;0 ;0 ;0 ;1 ;
14.18 ;0 ;-1 ;0.62 ;0 ;-4.21 ;0.62 ;0 ;0 ;0 ;0 ;0 ;1 ;0 ;0 ;0 ;1 ;
14.2 ;0 ;-1 ;0.62 ;0 ;-4.21 ;0.62 ;0 ;0 ;0 ;0 ;0 ;1 ;0 ;0 ;0 ;1 ;
14.22 ;0 ;-1 ;0.62 ;0 ;-4.21 ;0.62 ;0 ;0 ;0 ;0 ;0 ;1 ;0 ;0 ;0 ;1 ;
14.24 ;0 ;-1 ;0.62 ;0 ;-4.21 ;0.62 ;0 ;0 ;0 ;0 ;0 ;1 ;0 ;0 ;0 ;1 ;
14.26 ;0 ;-1 ;0.62 ;0 ;-4.21 ;0.62 ;0 ;0 ;0 ;0 ;0 ;1 ;0 ;0 ;0 ;1 ;
14.28 ;0 ;-1 ;0.62 ;0 ;-4.21 ;0.62 ;0 ;0 ;0 ;0 ;0 ;1 ;0 ;0 ;0 ;1 ;
14.3 ;0 ;-1 ;0.62 ;0 ;-4.21 ;0.62 ;0 ;0 ;0 ;0 ;0 ;1 ;0 ;0 ;0 ;1 ;
14.32 ;0 ;-1 ;0.62 ;0 ;-4.21 ;0.62 ;0 ;0 ;0 ;0 ;0 ;1 ;0 ;0 ;0 ;1 ;
14.34 ;0 ;-1 ;0.62 ;0 ;-4.21 ;0.62 ;0 ;0 ;0 ;0 ;0 ;1 ;0 ;0 ;0 ;1 ;
14.36 ;0 ;-1 ;0.62 ;0 ;-4.21 ;0.62 ;0 ;0 ;0 ;0 ;0 ;1 ;0 ;0 ;0 ;1 ;
14.38 ;0 ;-1 ;0.62 ;0 ;-4.21 ;0.62 ;0 ;0 ;0 ;0 ;0 ;1 ;0 ;0 ;0 ;1 ;
14.4 ;0 ;-1 ;0.62 ;0 ;-4.21 ;0.62 ;0 ;0 ;0 ;0 ;0 ;1 ;0 ;0 ;0 ;1 ;
14.42 ;0 ;-1 ;0.62 ;0 ;-4.21 ;0.62 ;0 ;0 ;0 ;0 ;0 ;1 ;0 ;0 ;0 ;1 ;
14.44 ;0 ;-1 ;0.62 ;0 ;-4.21 ;0.62 ;0 ;0 ;0 ;0 ;0 ;1 ;0 ;0 ;0 ;1 ;
14.46 ;0 ;-1 ;0.62 ;0 ;-4.21 ;0.62 ;0 ;0 ;0 ;0 ;0 ;1 ;0 ;0 ;0 ;1 ;
14.48 ;0 ;-1 ;0.62 ;0 ;-4.21 ;0.62 ;0 ;0 ;0 ;0 ;0 ;1 ;0 ;0 ;0 ;1 ;
14.5 ;0 ;-1 ;0.62 ;0 ;-4.21 ;0.62 ;0 ;0 ;0 ;0 ;0 ;1 ;0 ;0 ;0 ;1 ;
14.52 ;0 ;-1 ;0.62 ;0 ;-4.21 ;0.62 ;0 ;0 ;0 ;0 ;0 ;1 ;0 ;0 ;0 ;1 ;
14.54 ;0 ;-1 ;0.62 ;0 ;-4.21 ;0.62 ;0 ;0 ;0 ;0 ;0 ;1 ;0 ;0 ;0 ;1 ;
14.56 ;0 ;-1 ;0.62 ;0 ;-4.21 ;0.62 ;0 ;0 ;0 ;0 ;0 ;1 ;0 ;0 ;0 ;1 ;
14.58 ;0 ;-1 ;0.62 ;0 ;-4.21 ;0.62 ;0 ;0 ;0 ;0 ;0 ;1 ;0 ;0 ;0 ;1 ;
14.6 ;0 ;-1 ;0.62 ;0 ;-4.21 ;0.62 ;0 ;0 ;0 ;0 ;0 ;1 ;0 ;0 ;0 ;1 ;
14.62 ;0 ;-1 ;0.62 ;0 ;-4.21 ;0.62 ;0 ;0 ;0 ;0 ;0 ;1 ;0 ;0 ;0 ;1 ;
14.64 ;0 ;-1 ;0.62 ;0 ;-4.21 ;0.62 ;0 ;0 ;0 ;0 ;0 ;1 ;0 ;0 ;0 ;1 ;
14.66 ;0 ;-1 ;0.62 ;0 ;-4.21 ;0.62 ;0 ;0 ;0 ;0 ;0 ;1 ;0 ;0 ;0 ;1 ;
14.68 ;0 ;-1 ;0.62 ;0 ;-4.21 ;0.62 ;0 ;0 ;0 ;0 ;0 ;1 ;0 ;0 ;0 ;1 ;
14.7 ;0 ;-1 ;0.62 ;0 ;-4.21 ;0.62 ;0 ;0 ;0 ;0 ;0 ;1 ;0 ;0 ;0 ;1 ;
14.72 ;0 ;-1 ;0.62 ;0 ;-4.21 ;0.62 ;0 ;0 ;0 ;0 ;0 ;1 ;0 ;0 ;0 ;1 ;
14.74 ;0 ;-1 ;0.62 ;0 ;-4.21 ;0.62 ;0 ;0 ;0 ;0 ;0 ;1 ;0 ;0 ;0 ;1 ;
14.76 ;0 ;-1 ;0.62 ;0 ;-4.21 ;0.62 ;0 ;0 ;0 ;0 ;0 ;1 ;0 ;0 ;0 ;1 ;
14.78 ;0 ;-1 ;0.62 ;0 ;-4.21 ;0.62 ;0 ;0 ;0 ;0 ;0 ;1 ;0 ;0 ;0 ;1 ;
14.8 ;0 ;-1 ;0.62 ;0 ;-4.21 ;0.62 ;0 ;0 ;0 ;0 ;0 ;1 ;0 ;0 ;0 ;1 ;
14.82 ;0 ;-1 ;0.62 ;0 ;-4.21 ;0.62 ;0 ;0 ;0 ;0 ;0 ;1 ;0 ;0 ;0 ;1 ;
14.84 ;0 ;-1 ;0.62 ;0 ;-4.21 ;0.62 ;0 ;0 ;0 ;0 ;0 ;1 ;0 ;0 ;0 ;1 ;
14.86 ;0 ;-1 ;0.62 ;0 ;-4.21 ;0.62 ;0 ;0 ;0 ;0 ;0 ;1 ;0 ;0 ;0 ;1 ;
14.88 ;0 ;-1 ;0.62 ;0 ;-4.21 ;0.62 ;0 ;0 ;0 ;0 ;0 ;1 ;0 ;0 ;0 ;1 ;
14.9 ;0 ;-1 ;0.62 ;0 ;-4.21 ;0.62 ;0 ;0 ;0 ;0 ;0 ;1 ;0 ;0 ;0 ;1 ;
14.92 ;0 ;-1 ;0.62 ;0 ;-4.21 ;0.62 ;0 ;0 ;0 ;0 ;0 ;1 ;0 ;0 ;0 ;1 ;
14.94 ;0 ;-1 ;0.62 ;0 ;-4.21 ;0.62 ;0 ;0 ;0 ;0 ;0 ;1 ;0 ;0 ;0 ;1 ;
14.96 ;0 ;-1 ;0.62 ;0 ;-4.21 ;0.62 ;0 ;0 ;0 ;0 ;0 ;1 ;0 ;0 ;0 ;1 ;
14.98 ;0 ;-1 ;0.62 ;0 ;-4.21 ;0.62 ;0 ;0 ;0 ;0 ;0 ;1 ;0 ;0 ;0 ;1 ;
15 ;0 ;-1 ;0.62 ;0 ;-4.21 ;0.62 ;0 ;0 ;0 ;0 ;0 ;1 ;0 ;0 ;0 ;1 ;
15.02 ;0 ;-1 ;0.62 ;0 ;-4.21 ;0.62 ;0 ;0 ;0 ;0 ;0 ;1 ;0 ;0 ;0 ;1 ;
15.04 ;0 ;-1 ;0.62 ;0 ;-4.21 ;0.62 ;0 ;0 ;0 ;0 ;0 ;1 ;0 ;0 ;0 ;1 ;
15.06 ;0 ;-1 ;0.62 ;0 ;-4.21 ;0.62 ;0 ;0 ;0 ;0 ;0 ;1 ;0 ;0 ;0 ;1 ;
15.08 ;0 ;-1 ;0.62 ;0 ;-4.21 ;0.62 ;0 ;0 ;0 ;0 ;0 ;1 ;0 ;0 ;0 ;1 ;
15.1 ;0 ;-1 ;0.62 ;0 ;-4.21 ;0.62 ;0 ;0 ;0 ;0 ;0 ;1 ;0 ;0 ;0 ;1 ;
15.12 ;0 ;-1 ;0.62 ;0 ;-4.21 ;0.62 ;0 ;0 ;0 ;0 ;0 ;1 ;0 ;0 ;0 ;1 ;
15.14 ;0 ;-1 ;0.62 ;0 ;-4.21 ;0.62 ;0 ;0 ;0 ;0 ;0 ;1 ;0 ;0 ;0 ;1 ;
15.16 ;0 ;-1 ;0.62 ;0 ;-4.21 ;0.62 ;0 ;0 ;0 ;0 ;0 ;1 ;0 ;0 ;0 ;1 ;
15.18 ;0 ;-1 ;0.62 ;0 ;-4.21 ;0.62 ;0 ;0 ;0 ;0 ;0 ;1 ;0 ;0 ;0 ;1 ;
15.2 ;0 ;-1 ;0.62 ;0 ;-4.21 ;0.62 ;0 ;0 ;0 ;0 ;0 ;1 ;0 ;0 ;0 ;1 ;
15.22 ;0 ;-1 ;0.62 ;0 ;-4.21 ;0.62 ;0 ;0 ;0 ;0 ;0 ;1 ;0 ;0 ;0 ;1 ;
15.24 ;0 ;-1 ;0.62 ;0 ;-4.21 ;0.62 ;0 ;0 ;0 ;0 ;0 ;1 ;0 ;0 ;0 ;1 ;
15.26 ;0 ;-1 ;0.62 ;0 ;-4.21 ;0.62 ;0 ;0 ;0 ;0 ;0 ;1 ;0 ;0 ;0 ;1 ;
15.28 ;0 ;-1 ;0.62 ;0 ;-4.21 ;0.62 ;0 ;0 ;0 ;0 ;0 ;1 ;0 ;0 ;0 ;1 ;
15.3 ;0 ;-1 ;0.62 ;0 ;-4.21 ;0.62 ;0 ;0 ;0 ;0 ;0 ;1 ;0 ;0 ;0 ;1 ;
15.32 ;0 ;-1 ;0.62 ;0 ;-4.21 ;0.62 ;0 ;0 ;0 ;0 ;0 ;1 ;0 ;0 ;0 ;1 ;
15.34 ;0 ;-1 ;0.62 ;0 ;-4.21 ;0.62 ;0 ;0 ;0 ;0 ;0 ;1 ;0 ;0 ;0 ;1 ;
15.36 ;0 ;-1 ;0.62 ;0 ;-4.21 ;0.62 ;0 ;0 ;0 ;0 ;0 ;1 ;0 ;0 ;0 ;1 ;
15.38 ;0 ;-1 ;0.62 ;0 ;-4.21 ;0.62 ;0 ;0 ;0 ;0 ;0 ;1 ;0 ;0 ;0 ;1 ;
15.4 ;0 ;-1 ;0.62 ;0 ;-4.21 ;0.62 ;0 ;0 ;0 ;0 ;0 ;1 ;0 ;0 ;0 ;1 ;
15.42 ;0 ;-1 ;0.62 ;0 ;-4.21 ;0.62 ;0 ;0 ;0 ;0 ;0 ;1 ;0 ;0 ;0 ;1 ;
15.44 ;0 ;-1 ;0.62 ;0 ;-4.21 ;0.62 ;0 ;0 ;0 ;0 ;0 ;1 ;0 ;0 ;0 ;1 ;
15.46 ;0 ;-1 ;0.62 ;0 ;-4.21 ;0.62 ;0 ;0 ;0 ;0 ;0 ;1 ;0 ;0 ;0 ;1 ;
15.48 ;0 ;-1 ;0.62 ;0 ;-4.21 ;0.62 ;0 ;0 ;0 ;0 ;0 ;1 ;0 ;0 ;0 ;1 ;
15.5 ;0 ;-1 ;0.62 ;0 ;-4.21 ;0.62 ;0 ;0 ;0 ;0 ;0 ;1 ;0 ;0 ;0 ;1 ;
15.52 ;0 ;-1 ;0.62 ;0 ;-4.21 ;0.62 ;0 ;0 ;0 ;0 ;0 ;1 ;0 ;0 ;0 ;1 ;
15.54 ;0 ;-1 ;0.62 ;0 ;-4.21 ;0.62 ;0 ;0 ;0 ;0 ;0 ;1 ;0 ;0 ;0 ;1 ;
15.56 ;0 ;-1 ;0.62 ;0 ;-4.21 ;0.62 ;0 ;0 ;0 ;0 ;0 ;1 ;0 ;0 ;0 ;1 ;
15.58 ;0 ;-1 ;0.62 ;0 ;-4.21 ;0.62 ;0 ;0 ;0 ;0 ;0 ;1 ;0 ;0 ;0 ;1 ;
15.6 ;0 ;-1 ;0.62 ;0 ;-4.21 ;0.62 ;0 ;0 ;0 ;0 ;0 ;1 ;0 ;0 ;0 ;1 ;
15.62 ;0 ;-1 ;0.62 ;0 ;-4.21 ;0.62 ;0 ;0 ;0 ;0 ;0 ;1 ;0 ;0 ;0 ;1 ;
15.64 ;0 ;-1 ;0.62 ;0 ;-4.21 ;0.62 ;0 ;0 ;0 ;0 ;0 ;1 ;0 ;0 ;0 ;1 ;
15.66 ;0 ;-1 ;0.62 ;0 ;-4.21 ;0.62 ;0 ;0 ;0 ;0 ;0 ;1 ;0 ;0 ;0 ;1 ;
15.68 ;0 ;-1 ;0.62 ;0 ;-4.21 ;0.62 ;0 ;0 ;0 ;0 ;0 ;1 ;0 ;0 ;0 ;1 ;
15.7 ;0 ;-1 ;0.62 ;0 ;-4.21 ;0.62 ;0 ;0 ;0 ;0 ;0 ;1 ;0 ;0 ;0 ;1 ;
15.72 ;0 ;-1 ;0.62 ;0 ;-4.21 ;0.62 ;0 ;0 ;0 ;0 ;0 ;1 ;0 ;0 ;0 ;1 ;
15.74 ;0 ;-1 ;0.62 ;0 ;-4.21 ;0.62 ;0 ;0 ;0 ;0 ;0 ;1 ;0 ;0 ;0 ;1 ;
15.76 ;0 ;-1 ;0.62 ;0 ;-4.21 ;0.62 ;0 ;0 ;0 ;0 ;0 ;1 ;0 ;0 ;0 ;1 ;
15.78 ;0 ;-1 ;0.62 ;0 ;-4.21 ;0.62 ;0 ;0 ;0 ;0 ;0 ;1 ;0 ;0 ;0 ;1 ;
15.8 ;0 ;-1 ;0.62 ;0 ;-4.21 ;0.62 ;0 ;0 ;0 ;0 ;0 ;1 ;0 ;0 ;0 ;1 ;
15.82 ;0 ;-1 ;0.62 ;0 ;-4.21 ;0.62 ;0 ;0 ;0 ;0 ;0 ;1 ;0 ;0 ;0 ;1 ;
15.84 ;0 ;-1 ;0.62 ;0 ;-4.21 ;0.62 ;0 ;0 ;0 ;0 ;0 ;1 ;0 ;0 ;0 ;1 ;
15.86 ;0 ;-1 ;0.62 ;0 ;-4.21 ;0.62 ;0 ;0 ;0 ;0 ;0 ;1 ;0 ;0 ;0 ;1 ;
15.88 ;0 ;-1 ;0.62 ;0 ;-4.21 ;0.62 ;0 ;0 ;0 ;0 ;0 ;1 ;0 ;0 ;0 ;1 ;
15.9 ;0 ;-1 ;0.62 ;0 ;-4.21 ;0.62 ;0 ;0 ;0 ;0 ;0 ;1 ;0 ;0 ;0 ;1 ;
15.92 ;0 ;-1 ;0.62 ;0 ;-4.21 ;0.62 ;0 ;0 ;0 ;0 ;0 ;1 ;0 ;0 ;0 ;1 ;
15.94 ;0 ;-1 ;0.62 ;0 ;-4.21 ;0.62 ;0 ;0 ;0 ;0 ;0 ;1 ;0 ;0 ;0 ;1 ;
15.96 ;0 ;-1 ;0.62 ;0 ;-4.21 ;0.62 ;0 ;0 ;0 ;0 ;0 ;1 ;0 ;0 ;0 ;1 ;
15.98 ;0 ;-1 ;0.62 ;0 ;-4.21 ;0.62 ;0 ;0 ;0 ;0 ;0 ;1 ;0 ;0 ;0 ;1 ;
16 ;0 ;-1 ;0.62 ;0 ;-4.21 ;0.62 ;0 ;0 ;0 ;0 ;0 ;1 ;0 ;0 ;0 ;1 ;
16.02 ;0 ;-1 ;0.62 ;0 ;-4.21 ;0.62 ;0 ;0 ;0 ;0 ;0 ;1 ;0 ;0 ;0 ;1 ;
16.04 ;0 ;-1 ;0.62 ;0 ;-4.21 ;0.62 ;0 ;0 ;0 ;0 ;0 ;1 ;0 ;0 ;0 ;1 ;
16.06 ;0 ;-1 ;0.62 ;0 ;-4.21 ;0.62 ;0 ;0 ;0 ;0 ;0 ;1 ;0 ;0 ;0 ;1 ;
16.08 ;0 ;-1 ;0.62 ;0 ;-4.21 ;0.62 ;0 ;0 ;0 ;0 ;0 ;1 ;0 ;0 ;0 ;1 ;
16.1 ;0 ;-1 ;0.62 ;0 ;-4.21 ;0.62 ;0 ;0 ;0 ;0 ;0 ;1 ;0 ;0 ;0 ;1 ;
16.12 ;0 ;-1 ;0.62 ;0 ;-4.21 ;0.62 ;0 ;0 ;0 ;0 ;0 ;1 ;0 ;0 ;0 ;1 ;
16.14 ;0 ;-1 ;0.62 ;0 ;-4.21 ;0.62 ;0 ;0 ;0 ;0 ;0 ;1 ;0 ;0 ;0 ;1 ;
16.16 ;0 ;-1 ;0.62 ;0 ;-4.21 ;0.62 ;0 ;0 ;0 ;0 ;0 ;1 ;0 ;0 ;0 ;1 ;
16.18 ;0 ;-1 ;0.62 ;0 ;-4.21 ;0.62 ;0 ;0 ;0 ;0 ;0 ;1 ;0 ;0 ;0 ;1 ;
16.2 ;0 ;-1 ;0.62 ;0 ;-4.21 ;0.62 ;0 ;0 ;0 ;0 ;0 ;1 ;0 ;0 ;0 ;1 ;
16.22 ;0 ;-1 ;0.62 ;0 ;-4.21 ;0.62 ;0 ;0 ;0 ;0 ;0 ;1 ;0 ;0 ;0 ;1 ;
16.24 ;0 ;-1 ;0.62 ;0 ;-4.21 ;0.62 ;0 ;0 ;0 ;0 ;0 ;1 ;0 ;0 ;0 ;1 ;
16.26 ;0 ;-1 ;0.62 ;0 ;-4.21 ;0.62 ;0 ;0 ;0 ;0 ;0 ;1 ;0 ;0 ;0 ;1 ;
16.28 ;0 ;-1 ;0.62 ;0 ;-4.21 ;0.62 ;0 ;0 ;0 ;0 ;0 ;1 ;0 ;0 ;0 ;1 ;
16.3 ;0 ;-1 ;0.62 ;0 ;-4.21 ;0.62 ;0 ;0 ;0 ;0 ;0 ;1 ;0 ;0 ;0 ;1 ;
16.32 ;0 ;-1 ;0.62 ;0 ;-4.21 ;0.62 ;0 ;0 ;0 ;0 ;0 ;1 ;0 ;0 ;0 ;1 ;
16.34 ;0 ;-1 ;0.62 ;0 ;-4.21 ;0.62 ;0 ;0 ;0 ;0 ;0 ;1 ;0 ;0 ;0 ;1 ;
16.36 ;0 ;-1 ;0.62 ;0 ;-4.21 ;0.62 ;0 ;0 ;0 ;0 ;0 ;1 ;0 ;0 ;0 ;1 ;
16.38 ;0 ;-1 ;0.62 ;0 ;-4.21 ;0.62 ;0 ;0 ;0 ;0 ;0 ;1 ;0 ;0 ;0 ;1 ;
16.4 ;0 ;-1 ;0.62 ;0 ;-4.21 ;0.62 ;0 ;0 ;0 ;0 ;0 ;1 ;0 ;0 ;0 ;1 ;
16.42 ;0 ;-1 ;0.62 ;0 ;-4.21 ;0.62 ;0 ;0 ;0 ;0 ;0 ;1 ;0 ;0 ;0 ;1 ;
16.44 ;0 ;-1 ;0.62 ;0 ;-4.21 ;0.62 ;0 ;0 ;0 ;0 ;0 ;1 ;0 ;0 ;0 ;1 ;
16.46 ;0 ;-1 ;0.62 ;0 ;-4.21 ;0.62 ;0 ;0 ;0 ;0 ;0 ;1 ;0 ;0 ;0 ;1 ;
16.48 ;0 ;-1 ;0.62 ;0 ;-4.21 ;0.62 ;0 ;0 ;0 ;0 ;0 ;1 ;0 ;0 ;0 ;1 ;
16.5 ;0 ;-1 ;0.62 ;0 ;-4.21 ;0.62 ;0 ;0 ;0 ;0 ;0 ;1 ;0 ;0 ;0 ;1 ;
16.52 ;0 ;-1 ;0.62 ;0 ;-4.21 ;0.62 ;0 ;0 ;0 ;0 ;0 ;1 ;0 ;0 ;0 ;1 ;
16.54 ;0 ;-1 ;0.62 ;0 ;-4.21 ;0.62 ;0 ;0 ;0 ;0 ;0 ;1 ;0 ;0 ;0 ;1 ;
16.56 ;0 ;-1 ;0.62 ;0 ;-4.21 ;0.62 ;0 ;0 ;0 ;0 ;0 ;1 ;0 ;0 ;0 ;1 ;
16.58 ;0 ;-1 ;0.62 ;0 ;-4.21 ;0.62 ;0 ;0 ;0 ;0 ;0 ;1 ;0 ;0 ;0 ;1 ;
16.6 ;0 ;-1 ;0.62 ;0 ;-4.21 ;0.62 ;0 ;0 ;0 ;0 ;0 ;1 ;0 ;0 ;0 ;1 ;
16.62 ;0 ;-1 ;0.62 ;0 ;-4.21 ;0.62 ;0 ;0 ;0 ;0 ;0 ;1 ;0 ;0 ;0 ;1 ;
16.64 ;0 ;-1 ;0.62 ;0 ;-4.21 ;0.62 ;0 ;0 ;0 ;0 ;0 ;1 ;0 ;0 ;0 ;1 ;
16.66 ;0 ;-1 ;0.62 ;0 ;-4.21 ;0.62 ;0 ;0 ;0 ;0 ;0 ;1 ;0 ;0 ;0 ;1 ;
16.68 ;0 ;-1 ;0.62 ;0 ;-4.21 ;0.62 ;0 ;0 ;0 ;0 ;0 ;1 ;0 ;0 ;0 ;1 ;
16.7 ;0 ;-1 ;0.62 ;0 ;-4.21 ;0.62 ;0 ;0 ;0 ;0 ;0 ;1 ;0 ;0 ;0 ;1 ;
16.72 ;0 ;-1 ;0.62 ;0 ;-4.21 ;0.62 ;0 ;0 ;0 ;0 ;0 ;1 ;0 ;0 ;0 ;1 ;
16.74 ;0 ;-1 ;0.62 ;0 ;-4.21 ;0.62 ;0 ;0 ;0 ;0 ;0 ;1 ;0 ;0 ;0 ;1 ;
16.76 ;0 ;-1 ;0.62 ;0 ;-4.21 ;0.62 ;0 ;0 ;0 ;0 ;0 ;1 ;0 ;0 ;0 ;1 ;
16.78 ;0 ;-1 ;0.62 ;0 ;-4.21 ;0.62 ;0 ;0 ;0 ;0 ;0 ;1 ;0 ;0 ;0 ;1 ;
16.8 ;0 ;-1 ;0.62 ;0 ;-4.21 ;0.62 ;0 ;0 ;0 ;0 ;0 ;1 ;0 ;0 ;0 ;1 ;
16.82 ;0 ;-1 ;0.62 ;0 ;-4.21 ;0.62 ;0 ;0 ;0 ;0 ;0 ;1 ;0 ;0 ;0 ;1 ;
16.84 ;0 ;-1 ;0.62 ;0 ;-4.21 ;0.62 ;0 ;0 ;0 ;0 ;0 ;1 ;0 ;0 ;0 ;1 ;
16.86 ;0 ;-1 ;0.62 ;0 ;-4.21 ;0.62 ;0 ;0 ;0 ;0 ;0 ;1 ;0 ;0 ;0 ;1 ;
16.88 ;0 ;-1 ;0.62 ;0 ;-4.21 ;0.62 ;0 ;0 ;0 ;0 ;0 ;1 ;0 ;0 ;0 ;1 ;
16.9 ;0 ;-1 ;0.62 ;0 ;-4.21 ;0.62 ;0 ;0 ;0 ;0 ;0 ;1 ;0 ;0 ;0 ;1 ;
16.92 ;0 ;-1 ;0.62 ;0 ;-4.21 ;0.62 ;0 ;0 ;0 ;0 ;0 ;1 ;0 ;0 ;0 ;1 ;
16.94 ;0 ;-1 ;0.62 ;0 ;-4.21 ;0.62 ;0 ;0 ;0 ;0 ;0 ;1 ;0 ;0 ;0 ;1 ;
16.96 ;0 ;-1 ;0.62 ;0 ;-4.21 ;0.62 ;0 ;0 ;0 ;0 ;0 ;1 ;0 ;0 ;0 ;1 ;
16.98 ;0 ;-1 ;0.62 ;0 ;-4.21 ;0.62 ;0 ;0 ;0 ;0 ;0 ;1 ;0 ;0 ;0 ;1 ;
17 ;0 ;-1 ;0.62 ;0 ;-4.21 ;0.62 ;0 ;0 ;0 ;0 ;0 ;1 ;0 ;0 ;0 ;1 ;
17.02 ;0 ;-1 ;0.62 ;0 ;-4.21 ;0.62 ;0 ;0 ;0 ;0 ;0 ;1 ;0 ;0 ;0 ;1 ;
17.04 ;0 ;-1 ;0.62 ;0 ;-4.21 ;0.62 ;0 ;0 ;0 ;0 ;0 ;1 ;0 ;0 ;0 ;1 ;
17.06 ;0 ;-1 ;0.62 ;0 ;-4.21 ;0.62 ;0 ;0 ;0 ;0 ;0 ;1 ;0 ;0 ;0 ;1 ;
17.08 ;0 ;-1 ;0.62 ;0 ;-4.21 ;0.62 ;0 ;0 ;0 ;0 ;0 ;1 ;0 ;0 ;0 ;1 ;
17.1 ;0 ;-1 ;0.62 ;0 ;-4.21 ;0.62 ;0 ;0 ;0 ;0 ;0 ;1 ;0 ;0 ;0 ;1 ;
17.12 ;0 ;-1 ;0.62 ;0 ;-4.21 ;0.62 ;0 ;0 ;0 ;0 ;0 ;1 ;0 ;0 ;0 ;1 ;
17.14 ;0 ;-1 ;0.62 ;0 ;-4.21 ;0.62 ;0 ;0 ;0 ;0 ;0 ;1 ;0 ;0 ;0 ;1 ;
17.16 ;0 ;-1 ;0.62 ;0 ;-4.21 ;0.62 ;0 ;0 ;0 ;0 ;0 ;1 ;0 ;0 ;0 ;1 ;
17.18 ;0 ;-1 ;0.62 ;0 ;-4.21 ;0.62 ;0 ;0 ;0 ;0 ;0 ;1 ;0 ;0 ;0 ;1 ;
17.2 ;0 ;-1 ;0.62 ;0 ;-4.21 ;0.62 ;0 ;0 ;0 ;0 ;0 ;1 ;0 ;0 ;0 ;1 ;
17.22 ;0 ;-1 ;0.62 ;0 ;-4.21 ;0.62 ;0 ;0 ;0 ;0 ;0 ;1 ;0 ;0 ;0 ;1 ;
17.24 ;0 ;-1 ;0.62 ;0 ;-4.21 ;0.62 ;0 ;0 ;0 ;0 ;0 ;1 ;0 ;0 ;0 ;1 ;
17.26 ;0 ;-1 ;0.62 ;0 ;-4.21 ;0.62 ;0 ;0 ;0 ;0 ;0 ;1 ;0 ;0 ;0 ;1 ;
17.28 ;0 ;-1 ;0.62 ;0 ;-4.21 ;0.62 ;0 ;0 ;0 ;0 ;0 ;1 ;0 ;0 ;0 ;1 ;
17.3 ;0 ;-1 ;0.62 ;0 ;-4.21 ;0.62 ;0 ;0 ;0 ;0 ;0 ;1 ;0 ;0 ;0 ;1 ;
17.32 ;0 ;-1 ;0.62 ;0 ;-4.21 ;0.62 ;0 ;0 ;0 ;0 ;0 ;1 ;0 ;0 ;0 ;1 ;
17.34 ;0 ;-1 ;0.62 ;0 ;-4.21 ;0.62 ;0 ;0 ;0 ;0 ;0 ;1 ;0 ;0 ;0 ;1 ;
17.36 ;0 ;-1 ;0.62 ;0 ;-4.21 ;0.62 ;0 ;0 ;0 ;0 ;0 ;1 ;0 ;0 ;0 ;1 ;
17.38 ;0 ;-1 ;0.62 ;0 ;-4.21 ;0.62 ;0 ;0 ;0 ;0 ;0 ;1 ;0 ;0 ;0 ;1 ;
17.4 ;0 ;-1 ;0.62 ;0 ;-4.21 ;0.62 ;0 ;0 ;0 ;0 ;0 ;1 ;0 ;0 ;0 ;1 ;
17.42 ;0 ;-1 ;0.62 ;0 ;-4.21 ;0.62 ;0 ;0 ;0 ;0 ;0 ;1 ;0 ;0 ;0 ;1 ;
17.44 ;0 ;-1 ;0.62 ;0 ;-4.21 ;0.62 ;0 ;0 ;0 ;0 ;0 ;1 ;0 ;0 ;0 ;1 ;
17.46 ;0 ;-1 ;0.62 ;0 ;-4.21 ;0.62 ;0 ;0 ;0 ;0 ;0 ;1 ;0 ;0 ;0 ;1 ;
17.48 ;0 ;-1 ;0.62 ;0 ;-4.21 ;0.62 ;0 ;0 ;0 ;0 ;0 ;1 ;0 ;0 ;0 ;1 ;
17.5 ;0 ;-1 ;0.62 ;0 ;-4.21 ;0.62 ;0 ;0 ;0 ;0 ;0 ;1 ;0 ;0 ;0 ;1 ;
17.52 ;0 ;-1 ;0.62 ;0 ;-4.21 ;0.62 ;0 ;0 ;0 ;0 ;0 ;1 ;0 ;0 ;0 ;1 ;
17.54 ;0 ;-1 ;0.62 ;0 ;-4.21 ;0.62 ;0 ;0 ;0 ;0 ;0 ;1 ;0 ;0 ;0 ;1 ;
17.56 ;0 ;-1 ;0.62 ;0 ;-4.21 ;0.62 ;0 ;0 ;0 ;0 ;0 ;1 ;0 ;0 ;0 ;1 ;
17.58 ;0 ;-1 ;0.62 ;0 ;-4.21 ;0.62 ;0 ;0 ;0 ;0 ;0 ;1 ;0 ;0 ;0 ;1 ;
17.6 ;0 ;-1 ;0.62 ;0 ;-4.21 ;0.62 ;0 ;0 ;0 ;0 ;0 ;1 ;0 ;0 ;0 ;1 ;
17.62 ;0 ;-1 ;0.62 ;0 ;-4.21 ;0.62 ;0 ;0 ;0 ;0 ;0 ;1 ;0 ;0 ;0 ;1 ;
17.64 ;0 ;-1 ;0.62 ;0 ;-4.21 ;0.62 ;0 ;0 ;0 ;0 ;0 ;1 ;0 ;0 ;0 ;1 ;
17.66 ;0 ;-1 ;0.62 ;0 ;-4.21 ;0.62 ;0 ;0 ;0 ;0 ;0 ;1 ;0 ;0 ;0 ;1 ;
17.68 ;0 ;-1 ;0.62 ;0 ;-4.21 ;0.62 ;0 ;0 ;0 ;0 ;0 ;1 ;0 ;0 ;0 ;1 ;
17.7 ;0 ;-1 ;0.62 ;0 ;-4.21 ;0.62 ;0 ;0 ;0 ;0 ;0 ;1 ;0 ;0 ;0 ;1 ;
17.72 ;0 ;-1 ;0.62 ;0 ;-4.21 ;0.62 ;0 ;0 ;0 ;0 ;0 ;1 ;0 ;0 ;0 ;1 ;
17.74 ;0 ;-1 ;0.62 ;0 ;-4.21 ;0.62 ;0 ;0 ;0 ;0 ;0 ;1 ;0 ;0 ;0 ;1 ;
17.76 ;0 ;-1 ;0.62 ;0 ;-4.21 ;0.62 ;0 ;0 ;0 ;0 ;0 ;1 ;0 ;0 ;0 ;1 ;
17.78 ;0 ;-1 ;0.62 ;0 ;-4.21 ;0.62 ;0 ;0 ;0 ;0 ;0 ;1 ;0 ;0 ;0 ;1 ;
17.8 ;0 ;-1 ;0.62 ;0 ;-4.21 ;0.62 ;0 ;0 ;0 ;0 ;0 ;1 ;0 ;0 ;0 ;1 ;
17.82 ;0 ;-1 ;0.62 ;0 ;-4.21 ;0.62 ;0 ;0 ;0 ;0 ;0 ;1 ;0 ;0 ;0 ;1 ;
17.84 ;0 ;-1 ;0.62 ;0 ;-4.21 ;0.62 ;0 ;0 ;0 ;0 ;0 ;1 ;0 ;0 ;0 ;1 ;
17.86 ;0 ;-1 ;0.62 ;0 ;-4.21 ;0.62 ;0 ;0 ;0 ;0 ;0 ;1 ;0 ;0 ;0 ;1 ;
17.88 ;0 ;-1 ;0.62 ;0 ;-4.21 ;0.62 ;0 ;0 ;0 ;0 ;0 ;1 ;0 ;0 ;0 ;1 ;
17.9 ;0 ;-1 ;0.62 ;0 ;-4.21 ;0.62 ;0 ;0 ;0 ;0 ;0 ;1 ;0 ;0 ;0 ;1 ;
17.92 ;0 ;-1 ;0.62 ;0 ;-4.21 ;0.62 ;0 ;0 ;0 ;0 ;0 ;1 ;0 ;0 ;0 ;1 ;
17.94 ;0 ;-1 ;0.62 ;0 ;-4.21 ;0.62 ;0 ;0 ;0 ;0 ;0 ;1 ;0 ;0 ;0 ;1 ;
17.96 ;0 ;-1 ;0.62 ;0 ;-4.21 ;0.62 ;0 ;0 ;0 ;0 ;0 ;1 ;0 ;0 ;0 ;1 ;
17.98 ;0 ;-1 ;0.62 ;0 ;-4.21 ;0.62 ;0 ;0 ;0 ;0 ;0 ;1 ;0 ;0 ;0 ;1 ;
18 ;0 ;-1 ;0.62 ;0 ;-4.21 ;0.62 ;0 ;0 ;0 ;0 ;0 ;1 ;0 ;0 ;0 ;1 ;
18.02 ;0 ;-1 ;0.62 ;0 ;-4.21 ;0.62 ;0 ;0 ;0 ;0 ;0 ;1 ;0 ;0 ;0 ;1 ;
18.04 ;0 ;-1 ;0.62 ;0 ;-4.21 ;0.62 ;0 ;0 ;0 ;0 ;0 ;1 ;0 ;0 ;0 ;1 ;
18.06 ;0 ;-1 ;0.62 ;0 ;-4.21 ;0.62 ;0 ;0 ;0 ;0 ;0 ;1 ;0 ;0 ;0 ;1 ;
18.08 ;0 ;-1 ;0.62 ;0 ;-4.21 ;0.62 ;0 ;0 ;0 ;0 ;0 ;1 ;0 ;0 ;0 ;1 ;
18.1 ;0 ;-1 ;0.62 ;0 ;-4.21 ;0.62 ;0 ;0 ;0 ;0 ;0 ;1 ;0 ;0 ;0 ;1 ;
18.12 ;0 ;-1 ;0.62 ;0 ;-4.21 ;0.62 ;0 ;0 ;0 ;0 ;0 ;1 ;0 ;0 ;0 ;1 ;
18.14 ;0 ;-1 ;0.62 ;0 ;-4.21 ;0.62 ;0 ;0 ;0 ;0 ;0 ;1 ;0 ;0 ;0 ;1 ;
18.16 ;0 ;-1 ;0.62 ;0 ;-4.21 ;0.62 ;0 ;0 ;0 ;0 ;0 ;1 ;0 ;0 ;0 ;1 ;
18.18 ;0 ;-1 ;0.62 ;0 ;-4.21 ;0.62 ;0 ;0 ;0 ;0 ;0 ;1 ;0 ;0 ;0 ;1 ;
18.2 ;0 ;-1 ;0.62 ;0 ;-4.21 ;0.62 ;0 ;0 ;0 ;0 ;0 ;1 ;0 ;0 ;0 ;1 ;
18.22 ;0 ;-1 ;0.62 ;0 ;-4.21 ;0.62 ;0 ;0 ;0 ;0 ;0 ;1 ;0 ;0 ;0 ;1 ;
18.24 ;0 ;-1 ;0.62 ;0 ;-4.21 ;0.62 ;0 ;0 ;0 ;0 ;0 ;1 ;0 ;0 ;0 ;1 ;
18.26 ;0 ;-1 ;0.62 ;0 ;-4.21 ;0.62 ;0 ;0 ;0 ;0 ;0 ;1 ;0 ;0 ;0 ;1 ;
18.28 ;0 ;-1 ;0.62 ;0 ;-4.21 ;0.62 ;0 ;0 ;0 ;0 ;0 ;1 ;0 ;0 ;0 ;1 ;
18.3 ;0 ;-1 ;0.62 ;0 ;-4.21 ;0.62 ;0 ;0 ;0 ;0 ;0 ;1 ;0 ;0 ;0 ;1 ;
18.32 ;0 ;-1 ;0.62 ;0 ;-4.21 ;0.62 ;0 ;0 ;0 ;0 ;0 ;1 ;0 ;0 ;0 ;1 ;
18.34 ;0 ;-1 ;0.62 ;0 ;-4.21 ;0.62 ;0 ;0 ;0 ;0 ;0 ;1 ;0 ;0 ;0 ;1 ;
18.36 ;0 ;-1 ;0.62 ;0 ;-4.21 ;0.62 ;0 ;0 ;0 ;0 ;0 ;1 ;0 ;0 ;0 ;1 ;
18.38 ;0 ;-1 ;0.62 ;0 ;-4.21 ;0.62 ;0 ;0 ;0 ;0 ;0 ;1 ;0 ;0 ;0 ;1 ;
18.4 ;0 ;-1 ;0.62 ;0 ;-4.21 ;0.62 ;0 ;0 ;0 ;0 ;0 ;1 ;0 ;0 ;0 ;1 ;
18.42 ;0 ;-1 ;0.62 ;0 ;-4.21 ;0.62 ;0 ;0 ;0 ;0 ;0 ;1 ;0 ;0 ;0 ;1 ;
18.44 ;0 ;-1 ;0.62 ;0 ;-4.21 ;0.62 ;0 ;0 ;0 ;0 ;0 ;1 ;0 ;0 ;0 ;1 ;
18.46 ;0 ;-1 ;0.62 ;0 ;-4.21 ;0.62 ;0 ;0 ;0 ;0 ;0 ;1 ;0 ;0 ;0 ;1 ;
18.48 ;0 ;-1 ;0.62 ;0 ;-4.21 ;0.62 ;0 ;0 ;0 ;0 ;0 ;1 ;0 ;0 ;0 ;1 ;
18.5 ;0 ;-1 ;0.62 ;0 ;-4.21 ;0.62 ;0 ;0 ;0 ;0 ;0 ;1 ;0 ;0 ;0 ;1 ;
18.52 ;0 ;-1 ;0.62 ;0 ;-4.21 ;0.62 ;0 ;0 ;0 ;0 ;0 ;1 ;0 ;0 ;0 ;1 ;
18.54 ;0 ;-1 ;0.62 ;0 ;-4.21 ;0.62 ;0 ;0 ;0 ;0 ;0 ;1 ;0 ;0 ;0 ;1 ;
18.56 ;0 ;-1 ;0.62 ;0 ;-4.21 ;0.62 ;0 ;0 ;0 ;0 ;0 ;1 ;0 ;0 ;0 ;1 ;
18.58 ;0 ;-1 ;0.62 ;0 ;-4.21 ;0.62 ;0 ;0 ;0 ;0 ;0 ;1 ;0 ;0 ;0 ;1 ;
18.6 ;0 ;-1 ;0.62 ;0 ;-4.21 ;0.62 ;0 ;0 ;0 ;0 ;0 ;1 ;0 ;0 ;0 ;1 ;
18.62 ;0 ;-1 ;0.62 ;0 ;-4.21 ;0.62 ;0 ;0 ;0 ;0 ;0 ;1 ;0 ;0 ;0 ;1 ;
18.64 ;0 ;-1 ;0.62 ;0 ;-4.21 ;0.62 ;0 ;0 ;0 ;0 ;0 ;1 ;0 ;0 ;0 ;1 ;
18.66 ;0 ;-1 ;0.62 ;0 ;-4.21 ;0.62 ;0 ;0 ;0 ;0 ;0 ;1 ;0 ;0 ;0 ;1 ;
18.68 ;0 ;-1 ;0.62 ;0 ;-4.21 ;0.62 ;0 ;0 ;0 ;0 ;0 ;1 ;0 ;0 ;0 ;1 ;
18.7 ;0 ;-1 ;0.62 ;0 ;-4.21 ;0.62 ;0 ;0 ;0 ;0 ;0 ;1 ;0 ;0 ;0 ;1 ;
18.72 ;0 ;-1 ;0.62 ;0 ;-4.21 ;0.62 ;0 ;0 ;0 ;0 ;0 ;1 ;0 ;0 ;0 ;1 ;
18.74 ;0 ;-1 ;0.62 ;0 ;-4.21 ;0.62 ;0 ;0 ;0 ;0 ;0 ;1 ;0 ;0 ;0 ;1 ;
18.76 ;0 ;-1 ;0.62 ;0 ;-4.21 ;0.62 ;0 ;0 ;0 ;0 ;0 ;1 ;0 ;0 ;0 ;1 ;
18.78 ;0 ;-1 ;0.62 ;0 ;-4.21 ;0.62 ;0 ;0 ;0 ;0 ;0 ;1 ;0 ;0 ;0 ;1 ;
18.8 ;0 ;-1 ;0.62 ;0 ;-4.21 ;0.62 ;0 ;0 ;0 ;0 ;0 ;1 ;0 ;0 ;0 ;1 ;
18.82 ;0 ;-1 ;0.62 ;0 ;-4.21 ;0.62 ;0 ;0 ;0 ;0 ;0 ;1 ;0 ;0 ;0 ;1 ;
18.84 ;0 ;-1 ;0.62 ;0 ;-4.21 ;0.62 ;0 ;0 ;0 ;0 ;0 ;1 ;0 ;0 ;0 ;1 ;
18.86 ;0 ;-1 ;0.62 ;0 ;-4.21 ;0.62 ;0 ;0 ;0 ;0 ;0 ;1 ;0 ;0 ;0 ;1 ;
18.88 ;0 ;-1 ;0.62 ;0 ;-4.21 ;0.62 ;0 ;0 ;0 ;0 ;0 ;1 ;0 ;0 ;0 ;1 ;
18.9 ;0 ;-1 ;0.62 ;0 ;-4.21 ;0.62 ;0 ;0 ;0 ;0 ;0 ;1 ;0 ;0 ;0 ;1 ;
18.92 ;0 ;-1 ;0.62 ;0 ;-4.21 ;0.62 ;0 ;0 ;0 ;0 ;0 ;1 ;0 ;0 ;0 ;1 ;
18.94 ;0 ;-1 ;0.62 ;0 ;-4.21 ;0.62 ;0 ;0 ;0 ;0 ;0 ;1 ;0 ;0 ;0 ;1 ;
18.96 ;0 ;-1 ;0.62 ;0 ;-4.21 ;0.62 ;0 ;0 ;0 ;0 ;0 ;1 ;0 ;0 ;0 ;1 ;
18.98 ;0 ;-1 ;0.62 ;0 ;-4.21 ;0.62 ;0 ;0 ;0 ;0 ;0 ;1 ;0 ;0 ;0 ;1 ;
19 ;0 ;-1 ;0.62 ;0 ;-4.21 ;0.62 ;0 ;0 ;0 ;0 ;0 ;1 ;0 ;0 ;0 ;1 ;
19.02 ;0 ;-1 ;0.62 ;0 ;-4.21 ;0.62 ;0 ;0 ;0 ;0 ;0 ;1 ;0 ;0 ;0 ;1 ;
19.04 ;0 ;-1 ;0.62 ;0 ;-4.21 ;0.62 ;0 ;0 ;0 ;0 ;0 ;1 ;0 ;0 ;0 ;1 ;
19.06 ;0 ;-1 ;0.62 ;0 ;-4.21 ;0.62 ;0 ;0 ;0 ;0 ;0 ;1 ;0 ;0 ;0 ;1 ;
19.08 ;0 ;-1 ;0.62 ;0 ;-4.21 ;0.62 ;0 ;0 ;0 ;0 ;0 ;1 ;0 ;0 ;0 ;1 ;
19.1 ;0 ;-1 ;0.62 ;0 ;-4.21 ;0.62 ;0 ;0 ;0 ;0 ;0 ;1 ;0 ;0 ;0 ;1 ;
19.12 ;0 ;-1 ;0.62 ;0 ;-4.21 ;0.62 ;0 ;0 ;0 ;0 ;0 ;1 ;0 ;0 ;0 ;1 ;
19.14 ;0 ;-1 ;0.62 ;0 ;-4.21 ;0.62 ;0 ;0 ;0 ;0 ;0 ;1 ;0 ;0 ;0 ;1 ;
19.16 ;0 ;-1 ;0.62 ;0 ;-4.21 ;0.62 ;0 ;0 ;0 ;0 ;0 ;1 ;0 ;0 ;0 ;1 ;
19.18 ;0 ;-1 ;0.62 ;0 ;-4.21 ;0.62 ;0 ;0 ;0 ;0 ;0 ;1 ;0 ;0 ;0 ;1 ;
19.2 ;0 ;-1 ;0.62 ;0 ;-4.21 ;0.62 ;0 ;0 ;0 ;0 ;0 ;1 ;0 ;0 ;0 ;1 ;
19.22 ;0 ;-1 ;0.62 ;0 ;-4.21 ;0.62 ;0 ;0 ;0 ;0 ;0 ;1 ;0 ;0 ;0 ;1 ;
19.24 ;0 ;-1 ;0.62 ;0 ;-4.21 ;0.62 ;0 ;0 ;0 ;0 ;0 ;1 ;0 ;0 ;0 ;1 ;
19.26 ;0 ;-1 ;0.62 ;0 ;-4.21 ;0.62 ;0 ;0 ;0 ;0 ;0 ;1 ;0 ;0 ;0 ;1 ;
19.28 ;0 ;-1 ;0.62 ;0 ;-4.21 ;0.62 ;0 ;0 ;0 ;0 ;0 ;1 ;0 ;0 ;0 ;1 ;
19.3 ;0 ;-1 ;0.62 ;0 ;-4.21 ;0.62 ;0 ;0 ;0 ;0 ;0 ;1 ;0 ;0 ;0 ;1 ;
19.32 ;0 ;-1 ;0.62 ;0 ;-4.21 ;0.62 ;0 ;0 ;0 ;0 ;0 ;1 ;0 ;0 ;0 ;1 ;
19.34 ;0 ;-1 ;0.62 ;0 ;-4.21 ;0.62 ;0 ;0 ;0 ;0 ;0 ;1 ;0 ;0 ;0 ;1 ;
19.36 ;0 ;-1 ;0.62 ;0 ;-4.21 ;0.62 ;0 ;0 ;0 ;0 ;0 ;1 ;0 ;0 ;0 ;1 ;
19.38 ;0 ;-1 ;0.62 ;0 ;-4.21 ;0.62 ;0 ;0 ;0 ;0 ;0 ;1 ;0 ;0 ;0 ;1 ;
19.4 ;0 ;-1 ;0.62 ;0 ;-4.21 ;0.62 ;0 ;0 ;0 ;0 ;0 ;1 ;0 ;0 ;0 ;1 ;
19.42 ;0 ;-1 ;0.62 ;0 ;-4.21 ;0.62 ;0 ;0 ;0 ;0 ;0 ;1 ;0 ;0 ;0 ;1 ;
19.44 ;0 ;-1 ;0.62 ;0 ;-4.21 ;0.62 ;0 ;0 ;0 ;0 ;0 ;1 ;0 ;0 ;0 ;1 ;
19.46 ;0 ;-1 ;0.62 ;0 ;-4.21 ;0.62 ;0 ;0 ;0 ;0 ;0 ;1 ;0 ;0 ;0 ;1 ;
19.48 ;0 ;-1 ;0.62 ;0 ;-4.21 ;0.62 ;0 ;0 ;0 ;0 ;0 ;1 ;0 ;0 ;0 ;1 ;
19.5 ;0 ;-1 ;0.62 ;0 ;-4.21 ;0.62 ;0 ;0 ;0 ;0 ;0 ;1 ;0 ;0 ;0 ;1 ;
19.52 ;0 ;-1 ;0.62 ;0 ;-4.21 ;0.62 ;0 ;0 ;0 ;0 ;0 ;1 ;0 ;0 ;0 ;1 ;
19.54 ;0 ;-1 ;0.62 ;0 ;-4.21 ;0.62 ;0 ;0 ;0 ;0 ;0 ;1 ;0 ;0 ;0 ;1 ;
19.56 ;0 ;-1 ;0.62 ;0 ;-4.21 ;0.62 ;0 ;0 ;0 ;0 ;0 ;1 ;0 ;0 ;0 ;1 ;
19.58 ;0 ;-1 ;0.62 ;0 ;-4.21 ;0.62 ;0 ;0 ;0 ;0 ;0 ;1 ;0 ;0 ;0 ;1 ;
19.6 ;0 ;-1 ;0.62 ;0 ;-4.21 ;0.62 ;0 ;0 ;0 ;0 ;0 ;1 ;0 ;0 ;0 ;1 ;
19.62 ;0 ;-1 ;0.62 ;0 ;-4.21 ;0.62 ;0 ;0 ;0 ;0 ;0 ;1 ;0 ;0 ;0 ;1 ;
19.64 ;0 ;-1 ;0.62 ;0 ;-4.21 ;0.62 ;0 ;0 ;0 ;0 ;0 ;1 ;0 ;0 ;0 ;1 ;
19.66 ;0 ;-1 ;0.62 ;0 ;-4.21 ;0.62 ;0 ;0 ;0 ;0 ;0 ;1 ;0 ;0 ;0 ;1 ;
19.68 ;0 ;-1 ;0.62 ;0 ;-4.21 ;0.62 ;0 ;0 ;0 ;0 ;0 ;1 ;0 ;0 ;0 ;1 ;
19.7 ;0 ;-1 ;0.62 ;0 ;-4.21 ;0.62 ;0 ;0 ;0 ;0 ;0 ;1 ;0 ;0 ;0 ;1 ;
19.72 ;0 ;-1 ;0.62 ;0 ;-4.21 ;0.62 ;0 ;0 ;0 ;0 ;0 ;1 ;0 ;0 ;0 ;1 ;
19.74 ;0 ;-1 ;0.62 ;0 ;-4.21 ;0.62 ;0 ;0 ;0 ;0 ;0 ;1 ;0 ;0 ;0 ;1 ;
19.76 ;0 ;-1 ;0.62 ;0 ;-4.21 ;0.62 ;0 ;0 ;0 ;0 ;0 ;1 ;0 ;0 ;0 ;1 ;
19.78 ;0 ;-1 ;0.62 ;0 ;-4.21 ;0.62 ;0 ;0 ;0 ;0 ;0 ;1 ;0 ;0 ;0 ;1 ;
19.8 ;0 ;-1 ;0.62 ;0 ;-4.21 ;0.62 ;0 ;0 ;0 ;0 ;0 ;1 ;0 ;0 ;0 ;1 ;
19.82 ;0 ;-1 ;0.62 ;0 ;-4.21 ;0.62 ;0 ;0 ;0 ;0 ;0 ;1 ;0 ;0 ;0 ;1 ;
19.84 ;0 ;-1 ;0.62 ;0 ;-4.21 ;0.62 ;0 ;0 ;0 ;0 ;0 ;1 ;0 ;0 ;0 ;1 ;
19.86 ;0 ;-1 ;0.62 ;0 ;-4.21 ;0.62 ;0 ;0 ;0 ;0 ;0 ;1 ;0 ;0 ;0 ;1 ;
19.88 ;0 ;-1 ;0.62 ;0 ;-4.21 ;0.62 ;0 ;0 ;0 ;0 ;0 ;1 ;0 ;0 ;0 ;1 ;
19.9 ;0 ;-1 ;0.62 ;0 ;-4.21 ;0.62 ;0 ;0 ;0 ;0 ;0 ;1 ;0 ;0 ;0 ;1 ;
19.92 ;0 ;-1 ;0.62 ;0 ;-4.21 ;0.62 ;0 ;0 ;0 ;0 ;0 ;1 ;0 ;0 ;0 ;1 ;
19.94 ;0 ;-1 ;0.62 ;0 ;-4.21 ;0.62 ;0 ;0 ;0 ;0 ;0 ;1 ;0 ;0 ;0 ;1 ;
19.96 ;0 ;-1 ;0.62 ;0 ;-4.21 ;0.62 ;0 ;0 ;0 ;0 ;0 ;1 ;0 ;0 ;0 ;1 ;
19.98 ;0 ;-1 ;0.62 ;0 ;-4.21 ;0.62 ;0 ;0 ;0 ;0 ;0 ;1 ;0 ;0 ;0 ;1 ;
20 ;0 ;-1 ;0.62 ;0 ;-4.21 ;0.62 ;0 ;0 ;0 ;0 ;0 ;1 ;0 ;0 ;0 ;1 ;
20.02 ;0 ;-1 ;0.62 ;0 ;-4.21 ;0.62 ;0 ;0 ;0 ;0 ;0 ;1 ;0 ;0 ;0 ;1 ;
20.04 ;0 ;-1 ;0.62 ;0 ;-4.21 ;0.62 ;0 ;0 ;0 ;0 ;0 ;1 ;0 ;0 ;0 ;1 ;
20.06 ;0 ;-1 ;0.62 ;0 ;-4.21 ;0.62 ;0 ;0 ;0 ;0 ;0 ;1 ;0 ;0 ;0 ;1 ;
20.08 ;0 ;-1 ;0.62 ;0 ;-4.21 ;0.62 ;0 ;0 ;0 ;0 ;0 ;1 ;0 ;0 ;0 ;1 ;
20.1 ;0 ;-1 ;0.62 ;0 ;-4.21 ;0.62 ;0 ;0 ;0 ;0 ;0 ;1 ;0 ;0 ;0 ;1 ;
20.12 ;0 ;-1 ;0.62 ;0 ;-4.21 ;0.62 ;0 ;0 ;0 ;0 ;0 ;1 ;0 ;0 ;0 ;1 ;
20.14 ;0 ;-1 ;0.62 ;0 ;-4.21 ;0.62 ;0 ;0 ;0 ;0 ;0 ;1 ;0 ;0 ;0 ;1 ;
20.16 ;0 ;-1 ;0.62 ;0 ;-4.21 ;0.62 ;0 ;0 ;0 ;0 ;0 ;1 ;0 ;0 ;0 ;1 ;
20.18 ;0 ;-1 ;0.62 ;0 ;-4.21 ;0.62 ;0 ;0 ;0 ;0 ;0 ;1 ;0 ;0 ;0 ;1 ;
20.2 ;0 ;-1 ;0.62 ;0 ;-4.21 ;0.62 ;0 ;0 ;0 ;0 ;0 ;1 ;0 ;0 ;0 ;1 ;
20.22 ;0 ;-1 ;0.62 ;0 ;-4.21 ;0.62 ;0 ;0 ;0 ;0 ;0 ;1 ;0 ;0 ;0 ;1 ;
20.24 ;0 ;-1 ;0.62 ;0 ;-4.21 ;0.62 ;0 ;0 ;0 ;0 ;0 ;1 ;0 ;0 ;0 ;1 ;
20.26 ;0 ;-1 ;0.62 ;0 ;-4.21 ;0.62 ;0 ;0 ;0 ;0 ;0 ;1 ;0 ;0 ;0 ;1 ;
20.28 ;0 ;-1 ;0.62 ;0 ;-4.21 ;0.62 ;0 ;0 ;0 ;0 ;0 ;1 ;0 ;0 ;0 ;1 ;
20.3 ;0 ;-1 ;0.62 ;0 ;-4.21 ;0.62 ;0 ;0 ;0 ;0 ;0 ;1 ;0 ;0 ;0 ;1 ;
20.32 ;0 ;-1 ;0.62 ;0 ;-4.21 ;0.62 ;0 ;0 ;0 ;0 ;0 ;1 ;0 ;0 ;0 ;1 ;
20.34 ;0 ;-1 ;0.62 ;0 ;-4.21 ;0.62 ;0 ;0 ;0 ;0 ;0 ;1 ;0 ;0 ;0 ;1 ;
20.36 ;0 ;-1 ;0.62 ;0 ;-4.21 ;0.62 ;0 ;0 ;0 ;0 ;0 ;1 ;0 ;0 ;0 ;1 ;
20.38 ;0 ;-1 ;0.62 ;0 ;-4.21 ;0.62 ;0 ;0 ;0 ;0 ;0 ;1 ;0 ;0 ;0 ;1 ;
20.4 ;0 ;-1 ;0.62 ;0 ;-4.21 ;0.62 ;0 ;0 ;0 ;0 ;0 ;1 ;0 ;0 ;0 ;1 ;
20.42 ;0 ;-1 ;0.62 ;0 ;-4.21 ;0.62 ;0 ;0 ;0 ;0 ;0 ;1 ;0 ;0 ;0 ;1 ;
20.44 ;0 ;-1 ;0.62 ;0 ;-4.21 ;0.62 ;0 ;0 ;0 ;0 ;0 ;1 ;0 ;0 ;0 ;1 ;
20.46 ;0 ;-1 ;0.62 ;0 ;-4.21 ;0.62 ;0 ;0 ;0 ;0 ;0 ;1 ;0 ;0 ;0 ;1 ;
20.48 ;0 ;-1 ;0.62 ;0 ;-4.21 ;0.62 ;0 ;0 ;0 ;0 ;0 ;1 ;0 ;0 ;0 ;1 ;
20.5 ;0 ;-1 ;0.62 ;0 ;-4.21 ;0.62 ;0 ;0 ;0 ;0 ;0 ;1 ;0 ;0 ;0 ;1 ;
20.52 ;0 ;-1 ;0.62 ;0 ;-4.21 ;0.62 ;0 ;0 ;0 ;0 ;0 ;1 ;0 ;0 ;0 ;1 ;
20.54 ;0 ;-1 ;0.62 ;0 ;-4.21 ;0.62 ;0 ;0 ;0 ;0 ;0 ;1 ;0 ;0 ;0 ;1 ;
20.56 ;0 ;-1 ;0.62 ;0 ;-4.21 ;0.62 ;0 ;0 ;0 ;0 ;0 ;1 ;0 ;0 ;0 ;1 ;
20.58 ;0 ;-1 ;0.62 ;0 ;-4.21 ;0.62 ;0 ;0 ;0 ;0 ;0 ;1 ;0 ;0 ;0 ;1 ;
20.6 ;0 ;-1 ;0.62 ;0 ;-4.21 ;0.62 ;0 ;0 ;0 ;0 ;0 ;1 ;0 ;0 ;0 ;1 ;
20.62 ;0 ;-1 ;0.62 ;0 ;-4.21 ;0.62 ;0 ;0 ;0 ;0 ;0 ;1 ;0 ;0 ;0 ;1 ;
20.64 ;0 ;-1 ;0.62 ;0 ;-4.21 ;0.62 ;0 ;0 ;0 ;0 ;0 ;1 ;0 ;0 ;0 ;1 ;
20.66 ;0 ;-1 ;0.62 ;0 ;-4.21 ;0.62 ;0 ;0 ;0 ;0 ;0 ;1 ;0 ;0 ;0 ;1 ;
20.68 ;0 ;-1 ;0.62 ;0 ;-4.21 ;0.62 ;0 ;0 ;0 ;0 ;0 ;1 ;0 ;0 ;0 ;1 ;
20.7 ;0 ;-1 ;0.62 ;0 ;-4.21 ;0.62 ;0 ;0 ;0 ;0 ;0 ;1 ;0 ;0 ;0 ;1 ;
20.72 ;0 ;-1 ;0.62 ;0 ;-4.21 ;0.62 ;0 ;0 ;0 ;0 ;0 ;1 ;0 ;0 ;0 ;1 ;
20.74 ;0 ;-1 ;0.62 ;0 ;-4.21 ;0.62 ;0 ;0 ;0 ;0 ;0 ;1 ;0 ;0 ;0 ;1 ;
20.76 ;0 ;-1 ;0.62 ;0 ;-4.21 ;0.62 ;0 ;0 ;0 ;0 ;0 ;1 ;0 ;0 ;0 ;1 ;
20.78 ;0 ;-1 ;0.62 ;0 ;-4.21 ;0.62 ;0 ;0 ;0 ;0 ;0 ;1 ;0 ;0 ;0 ;1 ;
20.8 ;0 ;-1 ;0.62 ;0 ;-4.21 ;0.62 ;0 ;0 ;0 ;0 ;0 ;1 ;0 ;0 ;0 ;1 ;
20.82 ;0 ;-1 ;0.62 ;0 ;-4.21 ;0.62 ;0 ;0 ;0 ;0 ;0 ;1 ;0 ;0 ;0 ;1 ;
20.84 ;0 ;-1 ;0.62 ;0 ;-4.21 ;0.62 ;0 ;0 ;0 ;0 ;0 ;1 ;0 ;0 ;0 ;1 ;
20.86 ;0 ;-1 ;0.62 ;0 ;-4.21 ;0.62 ;0 ;0 ;0 ;0 ;0 ;1 ;0 ;0 ;0 ;1 ;
20.88 ;0 ;-1 ;0.62 ;0 ;-4.21 ;0.62 ;0 ;0 ;0 ;0 ;0 ;1 ;0 ;0 ;0 ;1 ;
20.9 ;0 ;-1 ;0.62 ;0 ;-4.21 ;0.62 ;0 ;0 ;0 ;0 ;0 ;1 ;0 ;0 ;0 ;1 ;
20.92 ;0 ;-1 ;0.62 ;0 ;-4.21 ;0.62 ;0 ;0 ;0 ;0 ;0 ;1 ;0 ;0 ;0 ;1 ;
20.94 ;0 ;-1 ;0.62 ;0 ;-4.21 ;0.62 ;0 ;0 ;0 ;0 ;0 ;1 ;0 ;0 ;0 ;1 ;
20.96 ;0 ;-1 ;0.62 ;0 ;-4.21 ;0.62 ;0 ;0 ;0 ;0 ;0 ;1 ;0 ;0 ;0 ;1 ;
20.98 ;0 ;-1 ;0.62 ;0 ;-4.21 ;0.62 ;0 ;0 ;0 ;0 ;0 ;1 ;0 ;0 ;0 ;1 ;
21 ;0 ;-1 ;0.62 ;0 ;-4.21 ;0.62 ;0 ;0 ;0 ;0 ;0 ;1 ;0 ;0 ;0 ;1 ;
21.02 ;0 ;-1 ;0.62 ;0 ;-4.21 ;0.62 ;0 ;0 ;0 ;0 ;0 ;1 ;0 ;0 ;0 ;1 ;
21.04 ;0 ;-1 ;0.62 ;0 ;-4.21 ;0.62 ;0 ;0 ;0 ;0 ;0 ;1 ;0 ;0 ;0 ;1 ;
21.06 ;0 ;-1 ;0.62 ;0 ;-4.21 ;0.62 ;0 ;0 ;0 ;0 ;0 ;1 ;0 ;0 ;0 ;1 ;
21.08 ;0 ;-1 ;0.62 ;0 ;-4.21 ;0.62 ;0 ;0 ;0 ;0 ;0 ;1 ;0 ;0 ;0 ;1 ;
21.1 ;0 ;-1 ;0.62 ;0 ;-4.21 ;0.62 ;0 ;0 ;0 ;0 ;0 ;1 ;0 ;0 ;0 ;1 ;
21.12 ;0 ;-1 ;0.62 ;0 ;-4.21 ;0.62 ;0 ;0 ;0 ;0 ;0 ;1 ;0 ;0 ;0 ;1 ;
21.14 ;0 ;-1 ;0.62 ;0 ;-4.21 ;0.62 ;0 ;0 ;0 ;0 ;0 ;1 ;0 ;0 ;0 ;1 ;
21.16 ;0 ;-1 ;0.62 ;0 ;-4.21 ;0.62 ;0 ;0 ;0 ;0 ;0 ;1 ;0 ;0 ;0 ;1 ;
21.18 ;0 ;-1 ;0.62 ;0 ;-4.21 ;0.62 ;0 ;0 ;0 ;0 ;0 ;1 ;0 ;0 ;0 ;1 ;
21.2 ;0 ;-1 ;0.62 ;0 ;-4.21 ;0.62 ;0 ;0 ;0 ;0 ;0 ;1 ;0 ;0 ;0 ;1 ;
21.22 ;0 ;-1 ;0.62 ;0 ;-4.21 ;0.62 ;0 ;0 ;0 ;0 ;0 ;1 ;0 ;0 ;0 ;1 ;
21.24 ;0 ;-1 ;0.62 ;0 ;-4.21 ;0.62 ;0 ;0 ;0 ;0 ;0 ;1 ;0 ;0 ;0 ;1 ;
21.26 ;0 ;-1 ;0.62 ;0 ;-4.21 ;0.62 ;0 ;0 ;0 ;0 ;0 ;1 ;0 ;0 ;0 ;1 ;
21.28 ;0 ;-1 ;0.62 ;0 ;-4.21 ;0.62 ;0 ;0 ;0 ;0 ;0 ;1 ;0 ;0 ;0 ;1 ;
21.3 ;0 ;-1 ;0.62 ;0 ;-4.21 ;0.62 ;0 ;0 ;0 ;0 ;0 ;1 ;0 ;0 ;0 ;1 ;
21.32 ;0 ;-1 ;0.62 ;0 ;-4.21 ;0.62 ;0 ;0 ;0 ;0 ;0 ;1 ;0 ;0 ;0 ;1 ;
21.34 ;0 ;-1 ;0.62 ;0 ;-4.21 ;0.62 ;0 ;0 ;0 ;0 ;0 ;1 ;0 ;0 ;0 ;1 ;
21.36 ;0 ;-1 ;0.62 ;0 ;-4.21 ;0.62 ;0 ;0 ;0 ;0 ;0 ;1 ;0 ;0 ;0 ;1 ;
21.38 ;0 ;-1 ;0.62 ;0 ;-4.21 ;0.62 ;0 ;0 ;0 ;0 ;0 ;1 ;0 ;0 ;0 ;1 ;
21.4 ;0 ;-1 ;0.62 ;0 ;-4.21 ;0.62 ;0 ;0 ;0 ;0 ;0 ;1 ;0 ;0 ;0 ;1 ;
21.42 ;0 ;-1 ;0.62 ;0 ;-4.21 ;0.62 ;0 ;0 ;0 ;0 ;0 ;1 ;0 ;0 ;0 ;1 ;
21.44 ;0 ;-1 ;0.62 ;0 ;-4.21 ;0.62 ;0 ;0 ;0 ;0 ;0 ;1 ;0 ;0 ;0 ;1 ;
21.46 ;0 ;-1 ;0.62 ;0 ;-4.21 ;0.62 ;0 ;0 ;0 ;0 ;0 ;1 ;0 ;0 ;0 ;1 ;
21.48 ;0 ;-1 ;0.62 ;0 ;-4.21 ;0.62 ;0 ;0 ;0 ;0 ;0 ;1 ;0 ;0 ;0 ;1 ;
21.5 ;0 ;-1 ;0.62 ;0 ;-4.21 ;0.62 ;0 ;0 ;0 ;0 ;0 ;1 ;0 ;0 ;0 ;1 ;
21.52 ;0 ;-1 ;0.62 ;0 ;-4.21 ;0.62 ;0 ;0 ;0 ;0 ;0 ;1 ;0 ;0 ;0 ;1 ;
21.54 ;0 ;-1 ;0.62 ;0 ;-4.21 ;0.62 ;0 ;0 ;0 ;0 ;0 ;1 ;0 ;0 ;0 ;1 ;
21.56 ;0 ;-1 ;0.62 ;0 ;-4.21 ;0.62 ;0 ;0 ;0 ;0 ;0 ;1 ;0 ;0 ;0 ;1 ;
21.58 ;0 ;-1 ;0.62 ;0 ;-4.21 ;0.62 ;0 ;0 ;0 ;0 ;0 ;1 ;0 ;0 ;0 ;1 ;
21.6 ;0 ;-1 ;0.62 ;0 ;-4.21 ;0.62 ;0 ;0 ;0 ;0 ;0 ;1 ;0 ;0 ;0 ;1 ;
21.62 ;0 ;-1 ;0.62 ;0 ;-4.21 ;0.62 ;0 ;0 ;0 ;0 ;0 ;1 ;0 ;0 ;0 ;1 ;
21.64 ;0 ;-1 ;0.62 ;0 ;-4.21 ;0.62 ;0 ;0 ;0 ;0 ;0 ;1 ;0 ;0 ;0 ;1 ;
21.66 ;0 ;-1 ;0.62 ;0 ;-4.21 ;0.62 ;0 ;0 ;0 ;0 ;0 ;1 ;0 ;0 ;0 ;1 ;
21.68 ;0 ;-1 ;0.62 ;0 ;-4.21 ;0.62 ;0 ;0 ;0 ;0 ;0 ;1 ;0 ;0 ;0 ;1 ;
21.7 ;0 ;-1 ;0.62 ;0 ;-4.21 ;0.62 ;0 ;0 ;0 ;0 ;0 ;1 ;0 ;0 ;0 ;1 ;
21.72 ;0 ;-1 ;0.62 ;0 ;-4.21 ;0.62 ;0 ;0 ;0 ;0 ;0 ;1 ;0 ;0 ;0 ;1 ;
21.74 ;0 ;-1 ;0.62 ;0 ;-4.21 ;0.62 ;0 ;0 ;0 ;0 ;0 ;1 ;0 ;0 ;0 ;1 ;
21.76 ;0 ;-1 ;0.62 ;0 ;-4.21 ;0.62 ;0 ;0 ;0 ;0 ;0 ;1 ;0 ;0 ;0 ;1 ;
21.78 ;0 ;-1 ;0.62 ;0 ;-4.21 ;0.62 ;0 ;0 ;0 ;0 ;0 ;1 ;0 ;0 ;0 ;1 ;
21.8 ;0 ;-1 ;0.62 ;0 ;-4.21 ;0.62 ;0 ;0 ;0 ;0 ;0 ;1 ;0 ;0 ;0 ;1 ;
21.82 ;0 ;-1 ;0.62 ;0 ;-4.21 ;0.62 ;0 ;0 ;0 ;0 ;0 ;1 ;0 ;0 ;0 ;1 ;
21.84 ;0 ;-1 ;0.62 ;0 ;-4.21 ;0.62 ;0 ;0 ;0 ;0 ;0 ;1 ;0 ;0 ;0 ;1 ;
21.86 ;0 ;-1 ;0.62 ;0 ;-4.21 ;0.62 ;0 ;0 ;0 ;0 ;0 ;1 ;0 ;0 ;0 ;1 ;
21.88 ;0 ;-1 ;0.62 ;0 ;-4.21 ;0.62 ;0 ;0 ;0 ;0 ;0 ;1 ;0 ;0 ;0 ;1 ;
21.9 ;0 ;-1 ;0.62 ;0 ;-4.21 ;0.62 ;0 ;0 ;0 ;0 ;0 ;1 ;0 ;0 ;0 ;1 ;
21.92 ;0 ;-1 ;0.62 ;0 ;-4.21 ;0.62 ;0 ;0 ;0 ;0 ;0 ;1 ;0 ;0 ;0 ;1 ;
21.94 ;0 ;-1 ;0.62 ;0 ;-4.21 ;0.62 ;0 ;0 ;0 ;0 ;0 ;1 ;0 ;0 ;0 ;1 ;
21.96 ;0 ;-1 ;0.62 ;0 ;-4.21 ;0.62 ;0 ;0 ;0 ;0 ;0 ;1 ;0 ;0 ;0 ;1 ;
21.98 ;0 ;-1 ;0.62 ;0 ;-4.21 ;0.62 ;0 ;0 ;0 ;0 ;0 ;1 ;0 ;0 ;0 ;1 ;
22 ;0 ;-1 ;0.62 ;0 ;-4.21 ;0.62 ;0 ;0 ;0 ;0 ;0 ;1 ;0 ;0 ;0 ;1 ;
22.02 ;0 ;-1 ;0.62 ;0 ;-4.21 ;0.62 ;0 ;0 ;0 ;0 ;0 ;1 ;0 ;0 ;0 ;1 ;
22.04 ;0 ;-1 ;0.62 ;0 ;-4.21 ;0.62 ;0 ;0 ;0 ;0 ;0 ;1 ;0 ;0 ;0 ;1 ;
22.06 ;0 ;-1 ;0.62 ;0 ;-4.21 ;0.62 ;0 ;0 ;0 ;0 ;0 ;1 ;0 ;0 ;0 ;1 ;
22.08 ;0 ;-1 ;0.62 ;0 ;-4.21 ;0.62 ;0 ;0 ;0 ;0 ;0 ;1 ;0 ;0 ;0 ;1 ;
22.1 ;0 ;-1 ;0.62 ;0 ;-4.21 ;0.62 ;0 ;0 ;0 ;0 ;0 ;1 ;0 ;0 ;0 ;1 ;
22.12 ;0 ;-1 ;0.62 ;0 ;-4.21 ;0.62 ;0 ;0 ;0 ;0 ;0 ;1 ;0 ;0 ;0 ;1 ;
22.14 ;0 ;-1 ;0.62 ;0 ;-4.21 ;0.62 ;0 ;0 ;0 ;0 ;0 ;1 ;0 ;0 ;0 ;1 ;
22.16 ;0 ;-1 ;0.62 ;0 ;-4.21 ;0.62 ;0 ;0 ;0 ;0 ;0 ;1 ;0 ;0 ;0 ;1 ;
22.18 ;0 ;-1 ;0.62 ;0 ;-4.21 ;0.62 ;0 ;0 ;0 ;0 ;0 ;1 ;0 ;0 ;0 ;1 ;
22.2 ;0 ;-1 ;0.62 ;0 ;-4.21 ;0.62 ;0 ;0 ;0 ;0 ;0 ;1 ;0 ;0 ;0 ;1 ;
22.22 ;0 ;-1 ;0.62 ;0 ;-4.21 ;0.62 ;0 ;0 ;0 ;0 ;0 ;1 ;0 ;0 ;0 ;1 ;
22.24 ;0 ;-1 ;0.62 ;0 ;-4.21 ;0.62 ;0 ;0 ;0 ;0 ;0 ;1 ;0 ;0 ;0 ;1 ;
22.26 ;0 ;-1 ;0.62 ;0 ;-4.21 ;0.62 ;0 ;0 ;0 ;0 ;0 ;1 ;0 ;0 ;0 ;1 ;
22.28 ;0 ;-1 ;0.62 ;0 ;-4.21 ;0.62 ;0 ;0 ;0 ;0 ;0 ;1 ;0 ;0 ;0 ;1 ;
22.3 ;0 ;-1 ;0.62 ;0 ;-4.21 ;0.62 ;0 ;0 ;0 ;0 ;0 ;1 ;0 ;0 ;0 ;1 ;
22.32 ;0 ;-1 ;0.62 ;0 ;-4.21 ;0.62 ;0 ;0 ;0 ;0 ;0 ;1 ;0 ;0 ;0 ;1 ;
22.34 ;0 ;-1 ;0.62 ;0 ;-4.21 ;0.62 ;0 ;0 ;0 ;0 ;0 ;1 ;0 ;0 ;0 ;1 ;
22.36 ;0 ;-1 ;0.62 ;0 ;-4.21 ;0.62 ;0 ;0 ;0 ;0 ;0 ;1 ;0 ;0 ;0 ;1 ;
22.38 ;0 ;-1 ;0.62 ;0 ;-4.21 ;0.62 ;0 ;0 ;0 ;0 ;0 ;1 ;0 ;0 ;0 ;1 ;
22.4 ;0 ;-1 ;0.62 ;0 ;-4.21 ;0.62 ;0 ;0 ;0 ;0 ;0 ;1 ;0 ;0 ;0 ;1 ;
22.42 ;0 ;-1 ;0.62 ;0 ;-4.21 ;0.62 ;0 ;0 ;0 ;0 ;0 ;1 ;0 ;0 ;0 ;1 ;
22.44 ;0 ;-1 ;0.62 ;0 ;-4.21 ;0.62 ;0 ;0 ;0 ;0 ;0 ;1 ;0 ;0 ;0 ;1 ;
22.46 ;0 ;-1 ;0.62 ;0 ;-4.21 ;0.62 ;0 ;0 ;0 ;0 ;0 ;1 ;0 ;0 ;0 ;1 ;
22.48 ;0 ;-1 ;0.62 ;0 ;-4.21 ;0.62 ;0 ;0 ;0 ;0 ;0 ;1 ;0 ;0 ;0 ;1 ;
22.5 ;0 ;-1 ;0.62 ;0 ;-4.21 ;0.62 ;0 ;0 ;0 ;0 ;0 ;1 ;0 ;0 ;0 ;1 ;
22.52 ;0 ;-1 ;0.62 ;0 ;-4.21 ;0.62 ;0 ;0 ;0 ;0 ;0 ;1 ;0 ;0 ;0 ;1 ;
22.54 ;0 ;-1 ;0.62 ;0 ;-4.21 ;0.62 ;0 ;0 ;0 ;0 ;0 ;1 ;0 ;0 ;0 ;1 ;
22.56 ;0 ;-1 ;0.62 ;0 ;-4.21 ;0.62 ;0 ;0 ;0 ;0 ;0 ;1 ;0 ;0 ;0 ;1 ;
22.58 ;0 ;-1 ;0.62 ;0 ;-4.21 ;0.62 ;0 ;0 ;0 ;0 ;0 ;1 ;0 ;0 ;0 ;1 ;
22.6 ;0 ;-1 ;0.62 ;0 ;-4.21 ;0.62 ;0 ;0 ;0 ;0 ;0 ;1 ;0 ;0 ;0 ;1 ;
22.62 ;0 ;-1 ;0.62 ;0 ;-4.21 ;0.62 ;0 ;0 ;0 ;0 ;0 ;1 ;0 ;0 ;0 ;1 ;
22.64 ;0 ;-1 ;0.62 ;0 ;-4.21 ;0.62 ;0 ;0 ;0 ;0 ;0 ;1 ;0 ;0 ;0 ;1 ;
22.66 ;0 ;-1 ;0.62 ;0 ;-4.21 ;0.62 ;0 ;0 ;0 ;0 ;0 ;1 ;0 ;0 ;0 ;1 ;
22.68 ;0 ;-1 ;0.62 ;0 ;-4.21 ;0.62 ;0 ;0 ;0 ;0 ;0 ;1 ;0 ;0 ;0 ;1 ;
22.7 ;0 ;-1 ;0.62 ;0 ;-4.21 ;0.62 ;0 ;0 ;0 ;0 ;0 ;1 ;0 ;0 ;0 ;1 ;
22.72 ;0 ;-1 ;0.62 ;0 ;-4.21 ;0.62 ;0 ;0 ;0 ;0 ;0 ;1 ;0 ;0 ;0 ;1 ;
22.74 ;0 ;-1 ;0.62 ;0 ;-4.21 ;0.62 ;0 ;0 ;0 ;0 ;0 ;1 ;0 ;0 ;0 ;1 ;
22.76 ;0 ;-1 ;0.62 ;0 ;-4.21 ;0.62 ;0 ;0 ;0 ;0 ;0 ;1 ;0 ;0 ;0 ;1 ;
22.78 ;0 ;-1 ;0.62 ;0 ;-4.21 ;0.62 ;0 ;0 ;0 ;0 ;0 ;1 ;0 ;0 ;0 ;1 ;
22.8 ;0 ;-1 ;0.62 ;0 ;-4.21 ;0.62 ;0 ;0 ;0 ;0 ;0 ;1 ;0 ;0 ;0 ;1 ;
22.82 ;0 ;-1 ;0.62 ;0 ;-4.21 ;0.62 ;0 ;0 ;0 ;0 ;0 ;1 ;0 ;0 ;0 ;1 ;
22.84 ;0 ;-1 ;0.62 ;0 ;-4.21 ;0.62 ;0 ;0 ;0 ;0 ;0 ;1 ;0 ;0 ;0 ;1 ;
22.86 ;0 ;-1 ;0.62 ;0 ;-4.21 ;0.62 ;0 ;0 ;0 ;0 ;0 ;1 ;0 ;0 ;0 ;1 ;
22.88 ;0 ;-1 ;0.62 ;0 ;-4.21 ;0.62 ;0 ;0 ;0 ;0 ;0 ;1 ;0 ;0 ;0 ;1 ;
22.9 ;0 ;-1 ;0.62 ;0 ;-4.21 ;0.62 ;0 ;0 ;0 ;0 ;0 ;1 ;0 ;0 ;0 ;1 ;
22.92 ;0 ;-1 ;0.62 ;0 ;-4.21 ;0.62 ;0 ;0 ;0 ;0 ;0 ;1 ;0 ;0 ;0 ;1 ;
22.94 ;0 ;-1 ;0.62 ;0 ;-4.21 ;0.62 ;0 ;0 ;0 ;0 ;0 ;1 ;0 ;0 ;0 ;1 ;
22.96 ;0 ;-1 ;0.62 ;0 ;-4.21 ;0.62 ;0 ;0 ;0 ;0 ;0 ;1 ;0 ;0 ;0 ;1 ;
22.98 ;0 ;-1 ;0.62 ;0 ;-4.21 ;0.62 ;0 ;0 ;0 ;0 ;0 ;1 ;0 ;0 ;0 ;1 ;
23 ;0 ;-1 ;0.62 ;0 ;-4.21 ;0.62 ;0 ;0 ;0 ;0 ;0 ;1 ;0 ;0 ;0 ;1 ;
23.02 ;0 ;-1 ;0.62 ;0 ;-4.21 ;0.62 ;0 ;0 ;0 ;0 ;0 ;1 ;0 ;0 ;0 ;1 ;
23.04 ;0 ;-1 ;0.62 ;0 ;-4.21 ;0.62 ;0 ;0 ;0 ;0 ;0 ;1 ;0 ;0 ;0 ;1 ;
23.06 ;0 ;-1 ;0.62 ;0 ;-4.21 ;0.62 ;0 ;0 ;0 ;0 ;0 ;1 ;0 ;0 ;0 ;1 ;
23.08 ;0 ;-1 ;0.62 ;0 ;-4.21 ;0.62 ;0 ;0 ;0 ;0 ;0 ;1 ;0 ;0 ;0 ;1 ;
23.1 ;0 ;-1 ;0.62 ;0 ;-4.21 ;0.62 ;0 ;0 ;0 ;0 ;0 ;1 ;0 ;0 ;0 ;1 ;
23.12 ;0 ;-1 ;0.62 ;0 ;-4.21 ;0.62 ;0 ;0 ;0 ;0 ;0 ;1 ;0 ;0 ;0 ;1 ;
23.14 ;0 ;-1 ;0.62 ;0 ;-4.21 ;0.62 ;0 ;0 ;0 ;0 ;0 ;1 ;0 ;0 ;0 ;1 ;
23.16 ;0 ;-1 ;0.62 ;0 ;-4.21 ;0.62 ;0 ;0 ;0 ;0 ;0 ;1 ;0 ;0 ;0 ;1 ;
23.18 ;0 ;-1 ;0.62 ;0 ;-4.21 ;0.62 ;0 ;0 ;0 ;0 ;0 ;1 ;0 ;0 ;0 ;1 ;
23.2 ;0 ;-1 ;0.62 ;0 ;-4.21 ;0.62 ;0 ;0 ;0 ;0 ;0 ;1 ;0 ;0 ;0 ;1 ;
23.22 ;0 ;-1 ;0.62 ;0 ;-4.21 ;0.62 ;0 ;0 ;0 ;0 ;0 ;1 ;0 ;0 ;0 ;1 ;
23.24 ;0 ;-1 ;0.62 ;0 ;-4.21 ;0.62 ;0 ;0 ;0 ;0 ;0 ;1 ;0 ;0 ;0 ;1 ;
23.26 ;0 ;-1 ;0.62 ;0 ;-4.21 ;0.62 ;0 ;0 ;0 ;0 ;0 ;1 ;0 ;0 ;0 ;1 ;
23.28 ;0 ;-1 ;0.62 ;0 ;-4.21 ;0.62 ;0 ;0 ;0 ;0 ;0 ;1 ;0 ;0 ;0 ;1 ;
23.3 ;0 ;-1 ;0.62 ;0 ;-4.21 ;0.62 ;0 ;0 ;0 ;0 ;0 ;1 ;0 ;0 ;0 ;1 ;
23.32 ;0 ;-1 ;0.62 ;0 ;-4.21 ;0.62 ;0 ;0 ;0 ;0 ;0 ;1 ;0 ;0 ;0 ;1 ;
23.34 ;0 ;-1 ;0.62 ;0 ;-4.21 ;0.62 ;0 ;0 ;0 ;0 ;0 ;1 ;0 ;0 ;0 ;1 ;
23.36 ;0 ;-1 ;0.62 ;0 ;-4.21 ;0.62 ;0 ;0 ;0 ;0 ;0 ;1 ;0 ;0 ;0 ;1 ;
23.38 ;0 ;-1 ;0.62 ;0 ;-4.21 ;0.62 ;0 ;0 ;0 ;0 ;0 ;1 ;0 ;0 ;0 ;1 ;
23.4 ;0 ;-1 ;0.62 ;0 ;-4.21 ;0.62 ;0 ;0 ;0 ;0 ;0 ;1 ;0 ;0 ;0 ;1 ;
23.42 ;0 ;-1 ;0.62 ;0 ;-4.21 ;0.62 ;0 ;0 ;0 ;0 ;0 ;1 ;0 ;0 ;0 ;1 ;
23.44 ;0 ;-1 ;0.62 ;0 ;-4.21 ;0.62 ;0 ;0 ;0 ;0 ;0 ;1 ;0 ;0 ;0 ;1 ;
23.46 ;0 ;-1 ;0.62 ;0 ;-4.21 ;0.62 ;0 ;0 ;0 ;0 ;0 ;1 ;0 ;0 ;0 ;1 ;
23.48 ;0 ;-1 ;0.62 ;0 ;-4.21 ;0.62 ;0 ;0 ;0 ;0 ;0 ;1 ;0 ;0 ;0 ;1 ;
23.5 ;0 ;-1 ;0.62 ;0 ;-4.21 ;0.62 ;0 ;0 ;0 ;0 ;0 ;1 ;0 ;0 ;0 ;1 ;
23.52 ;0 ;-1 ;0.62 ;0 ;-4.21 ;0.62 ;0 ;0 ;0 ;0 ;0 ;1 ;0 ;0 ;0 ;1 ;
23.54 ;0 ;-1 ;0.62 ;0 ;-4.21 ;0.62 ;0 ;0 ;0 ;0 ;0 ;1 ;0 ;0 ;0 ;1 ;
23.56 ;0 ;-1 ;0.62 ;0 ;-4.21 ;0.62 ;0 ;0 ;0 ;0 ;0 ;1 ;0 ;0 ;0 ;1 ;
23.58 ;0 ;-1 ;0.62 ;0 ;-4.21 ;0.62 ;0 ;0 ;0 ;0 ;0 ;1 ;0 ;0 ;0 ;1 ;
23.6 ;0 ;-1 ;0.62 ;0 ;-4.21 ;0.62 ;0 ;0 ;0 ;0 ;0 ;1 ;0 ;0 ;0 ;1 ;
23.62 ;0 ;-1 ;0.62 ;0 ;-4.21 ;0.62 ;0 ;0 ;0 ;0 ;0 ;1 ;0 ;0 ;0 ;1 ;
23.64 ;0 ;-1 ;0.62 ;0 ;-4.21 ;0.62 ;0 ;0 ;0 ;0 ;0 ;1 ;0 ;0 ;0 ;1 ;
23.66 ;0 ;-1 ;0.62 ;0 ;-4.21 ;0.62 ;0 ;0 ;0 ;0 ;0 ;1 ;0 ;0 ;0 ;1 ;
23.68 ;0 ;-1 ;0.62 ;0 ;-4.21 ;0.62 ;0 ;0 ;0 ;0 ;0 ;1 ;0 ;0 ;0 ;1 ;
23.7 ;0 ;-1 ;0.62 ;0 ;-4.21 ;0.62 ;0 ;0 ;0 ;0 ;0 ;1 ;0 ;0 ;0 ;1 ;
23.72 ;0 ;-1 ;0.62 ;0 ;-4.21 ;0.62 ;0 ;0 ;0 ;0 ;0 ;1 ;0 ;0 ;0 ;1 ;
23.74 ;0 ;-1 ;0.62 ;0 ;-4.21 ;0.62 ;0 ;0 ;0 ;0 ;0 ;1 ;0 ;0 ;0 ;1 ;
23.76 ;0 ;-1 ;0.62 ;0 ;-4.21 ;0.62 ;0 ;0 ;0 ;0 ;0 ;1 ;0 ;0 ;0 ;1 ;
23.78 ;0 ;-1 ;0.62 ;0 ;-4.21 ;0.62 ;0 ;0 ;0 ;0 ;0 ;1 ;0 ;0 ;0 ;1 ;
23.8 ;0 ;-1 ;0.62 ;0 ;-4.21 ;0.62 ;0 ;0 ;0 ;0 ;0 ;1 ;0 ;0 ;0 ;1 ;
23.82 ;0 ;-1 ;0.62 ;0 ;-4.21 ;0.62 ;0 ;0 ;0 ;0 ;0 ;1 ;0 ;0 ;0 ;1 ;
23.84 ;0 ;-1 ;0.62 ;0 ;-4.21 ;0.62 ;0 ;0 ;0 ;0 ;0 ;1 ;0 ;0 ;0 ;1 ;
23.86 ;0 ;-1 ;0.62 ;0 ;-4.21 ;0.62 ;0 ;0 ;0 ;0 ;0 ;1 ;0 ;0 ;0 ;1 ;
23.88 ;0 ;-1 ;0.62 ;0 ;-4.21 ;0.62 ;0 ;0 ;0 ;0 ;0 ;1 ;0 ;0 ;0 ;1 ;
23.9 ;0 ;-1 ;0.62 ;0 ;-4.21 ;0.62 ;0 ;0 ;0 ;0 ;0 ;1 ;0 ;0 ;0 ;1 ;
23.92 ;0 ;-1 ;0.62 ;0 ;-4.21 ;0.62 ;0 ;0 ;0 ;0 ;0 ;1 ;0 ;0 ;0 ;1 ;
23.94 ;0 ;-1 ;0.62 ;0 ;-4.21 ;0.62 ;0 ;0 ;0 ;0 ;0 ;1 ;0 ;0 ;0 ;1 ;
23.96 ;0 ;-1 ;0.62 ;0 ;-4.21 ;0.62 ;0 ;0 ;0 ;0 ;0 ;1 ;0 ;0 ;0 ;1 ;
23.98 ;0 ;-1 ;0.62 ;0 ;-4.21 ;0.62 ;0 ;0 ;0 ;0 ;0 ;1 ;0 ;0 ;0 ;1 ;
24 ;0 ;-1 ;0.62 ;0 ;-4.21 ;0.62 ;0 ;0 ;0 ;0 ;0 ;1 ;0 ;0 ;0 ;1 ;
24.02 ;0 ;-1 ;0.62 ;0 ;-4.21 ;0.62 ;0 ;0 ;0 ;0 ;0 ;1 ;0 ;0 ;0 ;1 ;
24.04 ;0 ;-1 ;0.62 ;0 ;-4.21 ;0.62 ;0 ;0 ;0 ;0 ;0 ;1 ;0 ;0 ;0 ;1 ;
24.06 ;0 ;-1 ;0.62 ;0 ;-4.21 ;0.62 ;0 ;0 ;0 ;0 ;0 ;1 ;0 ;0 ;0 ;1 ;
24.08 ;0 ;-1 ;0.62 ;0 ;-4.21 ;0.62 ;0 ;0 ;0 ;0 ;0 ;1 ;0 ;0 ;0 ;1 ;
24.1 ;0 ;-1 ;0.62 ;0 ;-4.21 ;0.62 ;0 ;0 ;0 ;0 ;0 ;1 ;0 ;0 ;0 ;1 ;
24.12 ;0 ;-1 ;0.62 ;0 ;-4.21 ;0.62 ;0 ;0 ;0 ;0 ;0 ;1 ;0 ;0 ;0 ;1 ;
24.14 ;0 ;-1 ;0.62 ;0 ;-4.21 ;0.62 ;0 ;0 ;0 ;0 ;0 ;1 ;0 ;0 ;0 ;1 ;
24.16 ;0 ;-1 ;0.62 ;0 ;-4.21 ;0.62 ;0 ;0 ;0 ;0 ;0 ;1 ;0 ;0 ;0 ;1 ;
24.18 ;0 ;-1 ;0.62 ;0 ;-4.21 ;0.62 ;0 ;0 ;0 ;0 ;0 ;1 ;0 ;0 ;0 ;1 ;
24.2 ;0 ;-1 ;0.62 ;0 ;-4.21 ;0.62 ;0 ;0 ;0 ;0 ;0 ;1 ;0 ;0 ;0 ;1 ;
24.22 ;0 ;-1 ;0.62 ;0 ;-4.21 ;0.62 ;0 ;0 ;0 ;0 ;0 ;1 ;0 ;0 ;0 ;1 ;
24.24 ;0 ;-1 ;0.62 ;0 ;-4.21 ;0.62 ;0 ;0 ;0 ;0 ;0 ;1 ;0 ;0 ;0 ;1 ;
24.26 ;0 ;-1 ;0.62 ;0 ;-4.21 ;0.62 ;0 ;0 ;0 ;0 ;0 ;1 ;0 ;0 ;0 ;1 ;
24.28 ;0 ;-1 ;0.62 ;0 ;-4.21 ;0.62 ;0 ;0 ;0 ;0 ;0 ;1 ;0 ;0 ;0 ;1 ;
24.3 ;0 ;-1 ;0.62 ;0 ;-4.21 ;0.62 ;0 ;0 ;0 ;0 ;0 ;1 ;0 ;0 ;0 ;1 ;
24.32 ;0 ;-1 ;0.62 ;0 ;-4.21 ;0.62 ;0 ;0 ;0 ;0 ;0 ;1 ;0 ;0 ;0 ;1 ;
24.34 ;0 ;-1 ;0.62 ;0 ;-4.21 ;0.62 ;0 ;0 ;0 ;0 ;0 ;1 ;0 ;0 ;0 ;1 ;
24.36 ;0 ;-1 ;0.62 ;0 ;-4.21 ;0.62 ;0 ;0 ;0 ;0 ;0 ;1 ;0 ;0 ;0 ;1 ;
24.38 ;0 ;-1 ;0.62 ;0 ;-4.21 ;0.62 ;0 ;0 ;0 ;0 ;0 ;1 ;0 ;0 ;0 ;1 ;
24.4 ;0 ;-1 ;0.62 ;0 ;-4.21 ;0.62 ;0 ;0 ;0 ;0 ;0 ;1 ;0 ;0 ;0 ;1 ;
24.42 ;0 ;-1 ;0.62 ;0 ;-4.21 ;0.62 ;0 ;0 ;0 ;0 ;0 ;1 ;0 ;0 ;0 ;1 ;
24.44 ;0 ;-1 ;0.62 ;0 ;-4.21 ;0.62 ;0 ;0 ;0 ;0 ;0 ;1 ;0 ;0 ;0 ;1 ;
24.46 ;0 ;-1 ;0.62 ;0 ;-4.21 ;0.62 ;0 ;0 ;0 ;0 ;0 ;1 ;0 ;0 ;0 ;1 ;
24.48 ;0 ;-1 ;0.62 ;0 ;-4.21 ;0.62 ;0 ;0 ;0 ;0 ;0 ;1 ;0 ;0 ;0 ;1 ;
24.5 ;0 ;-1 ;0.62 ;0 ;-4.21 ;0.62 ;0 ;0 ;0 ;0 ;0 ;1 ;0 ;0 ;0 ;1 ;
24.52 ;0 ;-1 ;0.62 ;0 ;-4.21 ;0.62 ;0 ;0 ;0 ;0 ;0 ;1 ;0 ;0 ;0 ;1 ;
24.54 ;0 ;-1 ;0.62 ;0 ;-4.21 ;0.62 ;0 ;0 ;0 ;0 ;0 ;1 ;0 ;0 ;0 ;1 ;
24.56 ;0 ;-1 ;0.62 ;0 ;-4.21 ;0.62 ;0 ;0 ;0 ;0 ;0 ;1 ;0 ;0 ;0 ;1 ;
24.58 ;0 ;-1 ;0.62 ;0 ;-4.21 ;0.62 ;0 ;0 ;0 ;0 ;0 ;1 ;0 ;0 ;0 ;1 ;
24.6 ;0 ;-1 ;0.62 ;0 ;-4.21 ;0.62 ;0 ;0 ;0 ;0 ;0 ;1 ;0 ;0 ;0 ;1 ;
24.62 ;0 ;-1 ;0.62 ;0 ;-4.21 ;0.62 ;0 ;0 ;0 ;0 ;0 ;1 ;0 ;0 ;0 ;1 ;
24.64 ;0 ;-1 ;0.62 ;0 ;-4.21 ;0.62 ;0 ;0 ;0 ;0 ;0 ;1 ;0 ;0 ;0 ;1 ;
24.66 ;0 ;-1 ;0.62 ;0 ;-4.21 ;0.62 ;0 ;0 ;0 ;0 ;0 ;1 ;0 ;0 ;0 ;1 ;
24.68 ;0 ;-1 ;0.62 ;0 ;-4.21 ;0.62 ;0 ;0 ;0 ;0 ;0 ;1 ;0 ;0 ;0 ;1 ;
24.7 ;0 ;-1 ;0.62 ;0 ;-4.21 ;0.62 ;0 ;0 ;0 ;0 ;0 ;1 ;0 ;0 ;0 ;1 ;
24.72 ;0 ;-1 ;0.62 ;0 ;-4.21 ;0.62 ;0 ;0 ;0 ;0 ;0 ;1 ;0 ;0 ;0 ;1 ;
24.74 ;0 ;-1 ;0.62 ;0 ;-4.21 ;0.62 ;0 ;0 ;0 ;0 ;0 ;1 ;0 ;0 ;0 ;1 ;
24.76 ;0 ;-1 ;0.62 ;0 ;-4.21 ;0.62 ;0 ;0 ;0 ;0 ;0 ;1 ;0 ;0 ;0 ;1 ;
24.78 ;0 ;-1 ;0.62 ;0 ;-4.21 ;0.62 ;0 ;0 ;0 ;0 ;0 ;1 ;0 ;0 ;0 ;1 ;
24.8 ;0 ;-1 ;0.62 ;0 ;-4.21 ;0.62 ;0 ;0 ;0 ;0 ;0 ;1 ;0 ;0 ;0 ;1 ;
24.82 ;0 ;-1 ;0.62 ;0 ;-4.21 ;0.62 ;0 ;0 ;0 ;0 ;0 ;1 ;0 ;0 ;0 ;1 ;
24.84 ;0 ;-1 ;0.62 ;0 ;-4.21 ;0.62 ;0 ;0 ;0 ;0 ;0 ;1 ;0 ;0 ;0 ;1 ;
24.86 ;0 ;-1 ;0.62 ;0 ;-4.21 ;0.62 ;0 ;0 ;0 ;0 ;0 ;1 ;0 ;0 ;0 ;1 ;
24.88 ;0 ;-1 ;0.62 ;0 ;-4.21 ;0.62 ;0 ;0 ;0 ;0 ;0 ;1 ;0 ;0 ;0 ;1 ;
24.9 ;0 ;-1 ;0.62 ;0 ;-4.21 ;0.62 ;0 ;0 ;0 ;0 ;0 ;1 ;0 ;0 ;0 ;1 ;
24.92 ;0 ;-1 ;0.62 ;0 ;-4.21 ;0.62 ;0 ;0 ;0 ;0 ;0 ;1 ;0 ;0 ;0 ;1 ;
24.94 ;0 ;-1 ;0.62 ;0 ;-4.21 ;0.62 ;0 ;0 ;0 ;0 ;0 ;1 ;0 ;0 ;0 ;1 ;
24.96 ;0 ;-1 ;0.62 ;0 ;-4.21 ;0.62 ;0 ;0 ;0 ;0 ;0 ;1 ;0 ;0 ;0 ;1 ;
