HMD ; 2024-10-09 13:35:10.466 ;
timestamp; status;interrupt;globalPosition; ; ;localPosition; ; ;globalRotation; ; ; ;localRotation; ; ; ;
msec; Game Status; code;x; y; z;x; y; z;x; y; z; w;x; y; z; w;
0 ;0 ;5 ;0 ;1 ;-4.21 ;0 ;0 ;0 ;0 ;0 ;0 ;1 ;0 ;0 ;0 ;1 ;
-0.278656 ;0 ; ;0 ;1 ;-4.21 ;0 ;0 ;0 ;0 ;0 ;0 ;1 ;0 ;0 ;0 ;1 ;
-0.2586558 ;0 ; ;0 ;1 ;-4.21 ;0 ;0 ;0 ;0 ;0 ;0 ;1 ;0 ;0 ;0 ;1 ;
-0.2386558 ;0 ; ;0 ;1 ;-4.21 ;0 ;0 ;0 ;0 ;0 ;0 ;1 ;0 ;0 ;0 ;1 ;
-0.2186558 ;0 ; ;0 ;1 ;-4.21 ;0 ;0 ;0 ;0 ;0 ;0 ;1 ;0 ;0 ;0 ;1 ;
-0.1986558 ;0 ; ;0 ;1 ;-4.21 ;0 ;0 ;0 ;0 ;0 ;0 ;1 ;0 ;0 ;0 ;1 ;
-0.1786559 ;0 ; ;0 ;1 ;-4.21 ;0 ;0 ;0 ;0 ;0 ;0 ;1 ;0 ;0 ;0 ;1 ;
-0.1586559 ;0 ; ;0 ;1 ;-4.21 ;0 ;0 ;0 ;0 ;0 ;0 ;1 ;0 ;0 ;0 ;1 ;
-0.1386559 ;0 ; ;0 ;1 ;-4.21 ;0 ;0 ;0 ;0 ;0 ;0 ;1 ;0 ;0 ;0 ;1 ;
-0.1186559 ;0 ; ;0 ;1 ;-4.21 ;0 ;0 ;0 ;0 ;0 ;0 ;1 ;0 ;0 ;0 ;1 ;
-0.09865594 ;0 ; ;0 ;1 ;-4.21 ;0 ;0 ;0 ;0 ;0 ;0 ;1 ;0 ;0 ;0 ;1 ;
-0.07865596 ;0 ; ;0 ;1 ;-4.21 ;0 ;0 ;0 ;0 ;0 ;0 ;1 ;0 ;0 ;0 ;1 ;
-0.05865598 ;0 ; ;0 ;1 ;-4.21 ;0 ;0 ;0 ;0 ;0 ;0 ;1 ;0 ;0 ;0 ;1 ;
-0.038656 ;0 ; ;0 ;1 ;-4.21 ;0 ;0 ;0 ;0 ;0 ;0 ;1 ;0 ;0 ;0 ;1 ;
-0.01865602 ;0 ; ;0 ;1 ;-4.21 ;0 ;0 ;0 ;0 ;0 ;0 ;1 ;0 ;0 ;0 ;1 ;
0.001344204 ;0 ; ;0 ;1 ;-4.21 ;0 ;0 ;0 ;0 ;0 ;0 ;1 ;0 ;0 ;0 ;1 ;
0.02134418 ;0 ; ;0 ;1 ;-4.21 ;0 ;0 ;0 ;0 ;0 ;0 ;1 ;0 ;0 ;0 ;1 ;
0.04134417 ;0 ; ;0 ;1 ;-4.21 ;0 ;0 ;0 ;0 ;0 ;0 ;1 ;0 ;0 ;0 ;1 ;
0.06134415 ;0 ; ;0 ;1 ;-4.21 ;0 ;0 ;0 ;0 ;0 ;0 ;1 ;0 ;0 ;0 ;1 ;
0.08134413 ;0 ; ;0 ;1 ;-4.21 ;0 ;0 ;0 ;0 ;0 ;0 ;1 ;0 ;0 ;0 ;1 ;
0.1013441 ;0 ; ;0 ;1 ;-4.21 ;0 ;0 ;0 ;0 ;0 ;0 ;1 ;0 ;0 ;0 ;1 ;
0.1213441 ;0 ; ;0 ;1 ;-4.21 ;0 ;0 ;0 ;0 ;0 ;0 ;1 ;0 ;0 ;0 ;1 ;
0.1413441 ;0 ; ;0 ;1 ;-4.21 ;0 ;0 ;0 ;0 ;0 ;0 ;1 ;0 ;0 ;0 ;1 ;
0.1613441 ;0 ; ;0 ;1 ;-4.21 ;0 ;0 ;0 ;0 ;0 ;0 ;1 ;0 ;0 ;0 ;1 ;
0.181344 ;0 ; ;0 ;1 ;-4.21 ;0 ;0 ;0 ;0 ;0 ;0 ;1 ;0 ;0 ;0 ;1 ;
0.201344 ;0 ; ;0 ;1 ;-4.21 ;0 ;0 ;0 ;0 ;0 ;0 ;1 ;0 ;0 ;0 ;1 ;
0.221344 ;0 ; ;0 ;1 ;-4.21 ;0 ;0 ;0 ;0 ;0 ;0 ;1 ;0 ;0 ;0 ;1 ;
0.241344 ;0 ; ;0 ;1 ;-4.21 ;0 ;0 ;0 ;0 ;0 ;0 ;1 ;0 ;0 ;0 ;1 ;
0.2613442 ;0 ; ;0 ;1 ;-4.21 ;0 ;0 ;0 ;0 ;0 ;0 ;1 ;0 ;0 ;0 ;1 ;
0.2813442 ;0 ; ;0 ;1 ;-4.21 ;0 ;0 ;0 ;0 ;0 ;0 ;1 ;0 ;0 ;0 ;1 ;
0.3013442 ;0 ; ;0 ;1 ;-4.21 ;0 ;0 ;0 ;0 ;0 ;0 ;1 ;0 ;0 ;0 ;1 ;
0.3213441 ;0 ; ;0 ;1 ;-4.21 ;0 ;0 ;0 ;0 ;0 ;0 ;1 ;0 ;0 ;0 ;1 ;
0.3413441 ;0 ; ;0 ;1 ;-4.21 ;0 ;0 ;0 ;0 ;0 ;0 ;1 ;0 ;0 ;0 ;1 ;
0.3613441 ;0 ; ;0 ;1 ;-4.21 ;0 ;0 ;0 ;0 ;0 ;0 ;1 ;0 ;0 ;0 ;1 ;
0.3813441 ;0 ; ;0 ;1 ;-4.21 ;0 ;0 ;0 ;0 ;0 ;0 ;1 ;0 ;0 ;0 ;1 ;
0.4013441 ;0 ; ;0 ;1 ;-4.21 ;0 ;0 ;0 ;0 ;0 ;0 ;1 ;0 ;0 ;0 ;1 ;
0.421344 ;0 ; ;0 ;1 ;-4.21 ;0 ;0 ;0 ;0 ;0 ;0 ;1 ;0 ;0 ;0 ;1 ;
0.441344 ;0 ; ;0 ;1 ;-4.21 ;0 ;0 ;0 ;0 ;0 ;0 ;1 ;0 ;0 ;0 ;1 ;
0.461344 ;0 ; ;0 ;1 ;-4.21 ;0 ;0 ;0 ;0 ;0 ;0 ;1 ;0 ;0 ;0 ;1 ;
0.481344 ;0 ; ;0 ;1 ;-4.21 ;0 ;0 ;0 ;0 ;0 ;0 ;1 ;0 ;0 ;0 ;1 ;
0.501344 ;0 ; ;0 ;1 ;-4.21 ;0 ;0 ;0 ;0 ;0 ;0 ;1 ;0 ;0 ;0 ;1 ;
0.5213442 ;0 ; ;0 ;1 ;-4.21 ;0 ;0 ;0 ;0 ;0 ;0 ;1 ;0 ;0 ;0 ;1 ;
0.5413442 ;0 ; ;0 ;1 ;-4.21 ;0 ;0 ;0 ;0 ;0 ;0 ;1 ;0 ;0 ;0 ;1 ;
0.5613441 ;0 ; ;0 ;1 ;-4.21 ;0 ;0 ;0 ;0 ;0 ;0 ;1 ;0 ;0 ;0 ;1 ;
0.5813441 ;0 ; ;0 ;1 ;-4.21 ;0 ;0 ;0 ;0 ;0 ;0 ;1 ;0 ;0 ;0 ;1 ;
0.6013441 ;0 ; ;0 ;1 ;-4.21 ;0 ;0 ;0 ;0 ;0 ;0 ;1 ;0 ;0 ;0 ;1 ;
0.6213441 ;0 ; ;0 ;1 ;-4.21 ;0 ;0 ;0 ;0 ;0 ;0 ;1 ;0 ;0 ;0 ;1 ;
0.6413441 ;0 ; ;0 ;1 ;-4.21 ;0 ;0 ;0 ;0 ;0 ;0 ;1 ;0 ;0 ;0 ;1 ;
0.6613441 ;0 ; ;0 ;1 ;-4.21 ;0 ;0 ;0 ;0 ;0 ;0 ;1 ;0 ;0 ;0 ;1 ;
0.681344 ;0 ; ;0 ;1 ;-4.21 ;0 ;0 ;0 ;0 ;0 ;0 ;1 ;0 ;0 ;0 ;1 ;
0.701344 ;0 ; ;0 ;1 ;-4.21 ;0 ;0 ;0 ;0 ;0 ;0 ;1 ;0 ;0 ;0 ;1 ;
0.721344 ;0 ; ;0 ;1 ;-4.21 ;0 ;0 ;0 ;0 ;0 ;0 ;1 ;0 ;0 ;0 ;1 ;
0.741344 ;0 ; ;0 ;1 ;-4.21 ;0 ;0 ;0 ;0 ;0 ;0 ;1 ;0 ;0 ;0 ;1 ;
0.7613442 ;0 ; ;0 ;1 ;-4.21 ;0 ;0 ;0 ;0 ;0 ;0 ;1 ;0 ;0 ;0 ;1 ;
0.7813442 ;0 ; ;0 ;1 ;-4.21 ;0 ;0 ;0 ;0 ;0 ;0 ;1 ;0 ;0 ;0 ;1 ;
0.8013442 ;0 ; ;0 ;1 ;-4.21 ;0 ;0 ;0 ;0 ;0 ;0 ;1 ;0 ;0 ;0 ;1 ;
0.8213441 ;0 ; ;0 ;1 ;-4.21 ;0 ;0 ;0 ;0 ;0 ;0 ;1 ;0 ;0 ;0 ;1 ;
0.8413441 ;0 ; ;0 ;1 ;-4.21 ;0 ;0 ;0 ;0 ;0 ;0 ;1 ;0 ;0 ;0 ;1 ;
0.8613441 ;0 ; ;0 ;1 ;-4.21 ;0 ;0 ;0 ;0 ;0 ;0 ;1 ;0 ;0 ;0 ;1 ;
0.8813441 ;0 ; ;0 ;1 ;-4.21 ;0 ;0 ;0 ;0 ;0 ;0 ;1 ;0 ;0 ;0 ;1 ;
0.9013441 ;0 ; ;0 ;1 ;-4.21 ;0 ;0 ;0 ;0 ;0 ;0 ;1 ;0 ;0 ;0 ;1 ;
0.921344 ;0 ; ;0 ;1 ;-4.21 ;0 ;0 ;0 ;0 ;0 ;0 ;1 ;0 ;0 ;0 ;1 ;
0.941344 ;0 ; ;0 ;1 ;-4.21 ;0 ;0 ;0 ;0 ;0 ;0 ;1 ;0 ;0 ;0 ;1 ;
0.961344 ;0 ; ;0 ;1 ;-4.21 ;0 ;0 ;0 ;0 ;0 ;0 ;1 ;0 ;0 ;0 ;1 ;
0.981344 ;0 ; ;0 ;1 ;-4.21 ;0 ;0 ;0 ;0 ;0 ;0 ;1 ;0 ;0 ;0 ;1 ;
1.001344 ;0 ; ;0 ;1 ;-4.21 ;0 ;0 ;0 ;0 ;0 ;0 ;1 ;0 ;0 ;0 ;1 ;
1.021344 ;0 ; ;0 ;1 ;-4.21 ;0 ;0 ;0 ;0 ;0 ;0 ;1 ;0 ;0 ;0 ;1 ;
1.041344 ;0 ; ;0 ;1 ;-4.21 ;0 ;0 ;0 ;0 ;0 ;0 ;1 ;0 ;0 ;0 ;1 ;
1.061344 ;0 ; ;0 ;1 ;-4.21 ;0 ;0 ;0 ;0 ;0 ;0 ;1 ;0 ;0 ;0 ;1 ;
1.081344 ;0 ; ;0 ;1 ;-4.21 ;0 ;0 ;0 ;0 ;0 ;0 ;1 ;0 ;0 ;0 ;1 ;
1.101344 ;0 ; ;0 ;1 ;-4.21 ;0 ;0 ;0 ;0 ;0 ;0 ;1 ;0 ;0 ;0 ;1 ;
1.121344 ;0 ; ;0 ;1 ;-4.21 ;0 ;0 ;0 ;0 ;0 ;0 ;1 ;0 ;0 ;0 ;1 ;
1.141344 ;0 ; ;0 ;1 ;-4.21 ;0 ;0 ;0 ;0 ;0 ;0 ;1 ;0 ;0 ;0 ;1 ;
1.161344 ;0 ; ;0 ;1 ;-4.21 ;0 ;0 ;0 ;0 ;0 ;0 ;1 ;0 ;0 ;0 ;1 ;
1.181344 ;0 ; ;0 ;1 ;-4.21 ;0 ;0 ;0 ;0 ;0 ;0 ;1 ;0 ;0 ;0 ;1 ;
1.201344 ;0 ; ;0 ;1 ;-4.21 ;0 ;0 ;0 ;0 ;0 ;0 ;1 ;0 ;0 ;0 ;1 ;
1.221344 ;0 ; ;0 ;1 ;-4.21 ;0 ;0 ;0 ;0 ;0 ;0 ;1 ;0 ;0 ;0 ;1 ;
1.241344 ;0 ; ;0 ;1 ;-4.21 ;0 ;0 ;0 ;0 ;0 ;0 ;1 ;0 ;0 ;0 ;1 ;
1.261344 ;0 ; ;0 ;1 ;-4.21 ;0 ;0 ;0 ;0 ;0 ;0 ;1 ;0 ;0 ;0 ;1 ;
1.281344 ;0 ; ;0 ;1 ;-4.21 ;0 ;0 ;0 ;0 ;0 ;0 ;1 ;0 ;0 ;0 ;1 ;
1.301344 ;0 ; ;0 ;1 ;-4.21 ;0 ;0 ;0 ;0 ;0 ;0 ;1 ;0 ;0 ;0 ;1 ;
1.321344 ;0 ; ;0 ;1 ;-4.21 ;0 ;0 ;0 ;0 ;0 ;0 ;1 ;0 ;0 ;0 ;1 ;
1.341344 ;0 ; ;0 ;1 ;-4.21 ;0 ;0 ;0 ;0 ;0 ;0 ;1 ;0 ;0 ;0 ;1 ;
1.361344 ;0 ; ;0 ;1 ;-4.21 ;0 ;0 ;0 ;0 ;0 ;0 ;1 ;0 ;0 ;0 ;1 ;
1.381344 ;0 ; ;0 ;1 ;-4.21 ;0 ;0 ;0 ;0 ;0 ;0 ;1 ;0 ;0 ;0 ;1 ;
1.401344 ;0 ; ;0 ;1 ;-4.21 ;0 ;0 ;0 ;0 ;0 ;0 ;1 ;0 ;0 ;0 ;1 ;
1.421344 ;0 ; ;0 ;1 ;-4.21 ;0 ;0 ;0 ;0 ;0 ;0 ;1 ;0 ;0 ;0 ;1 ;
1.441344 ;0 ; ;0 ;1 ;-4.21 ;0 ;0 ;0 ;0 ;0 ;0 ;1 ;0 ;0 ;0 ;1 ;
1.461344 ;0 ; ;0 ;1 ;-4.21 ;0 ;0 ;0 ;0 ;0 ;0 ;1 ;0 ;0 ;0 ;1 ;
1.481344 ;0 ; ;0 ;1 ;-4.21 ;0 ;0 ;0 ;0 ;0 ;0 ;1 ;0 ;0 ;0 ;1 ;
1.501344 ;0 ; ;0 ;1 ;-4.21 ;0 ;0 ;0 ;0 ;0 ;0 ;1 ;0 ;0 ;0 ;1 ;
1.521344 ;0 ; ;0 ;1 ;-4.21 ;0 ;0 ;0 ;0 ;0 ;0 ;1 ;0 ;0 ;0 ;1 ;
1.541344 ;0 ; ;0 ;1 ;-4.21 ;0 ;0 ;0 ;0 ;0 ;0 ;1 ;0 ;0 ;0 ;1 ;
1.561344 ;0 ; ;0 ;1 ;-4.21 ;0 ;0 ;0 ;0 ;0 ;0 ;1 ;0 ;0 ;0 ;1 ;
1.581344 ;0 ; ;0 ;1 ;-4.21 ;0 ;0 ;0 ;0 ;0 ;0 ;1 ;0 ;0 ;0 ;1 ;
1.601344 ;0 ; ;0 ;1 ;-4.21 ;0 ;0 ;0 ;0 ;0 ;0 ;1 ;0 ;0 ;0 ;1 ;
1.621344 ;0 ; ;0 ;1 ;-4.21 ;0 ;0 ;0 ;0 ;0 ;0 ;1 ;0 ;0 ;0 ;1 ;
1.641344 ;0 ; ;0 ;1 ;-4.21 ;0 ;0 ;0 ;0 ;0 ;0 ;1 ;0 ;0 ;0 ;1 ;
1.661344 ;0 ; ;0 ;1 ;-4.21 ;0 ;0 ;0 ;0 ;0 ;0 ;1 ;0 ;0 ;0 ;1 ;
1.681344 ;0 ; ;0 ;1 ;-4.21 ;0 ;0 ;0 ;0 ;0 ;0 ;1 ;0 ;0 ;0 ;1 ;
1.701344 ;0 ; ;0 ;1 ;-4.21 ;0 ;0 ;0 ;0 ;0 ;0 ;1 ;0 ;0 ;0 ;1 ;
1.721344 ;0 ; ;0 ;1 ;-4.21 ;0 ;0 ;0 ;0 ;0 ;0 ;1 ;0 ;0 ;0 ;1 ;
1.741344 ;0 ; ;0 ;1 ;-4.21 ;0 ;0 ;0 ;0 ;0 ;0 ;1 ;0 ;0 ;0 ;1 ;
1.761344 ;0 ; ;0 ;1 ;-4.21 ;0 ;0 ;0 ;0 ;0 ;0 ;1 ;0 ;0 ;0 ;1 ;
1.781344 ;0 ; ;0 ;1 ;-4.21 ;0 ;0 ;0 ;0 ;0 ;0 ;1 ;0 ;0 ;0 ;1 ;
1.801344 ;0 ; ;0 ;1 ;-4.21 ;0 ;0 ;0 ;0 ;0 ;0 ;1 ;0 ;0 ;0 ;1 ;
1.821344 ;0 ; ;0 ;1 ;-4.21 ;0 ;0 ;0 ;0 ;0 ;0 ;1 ;0 ;0 ;0 ;1 ;
1.841344 ;0 ; ;0 ;1 ;-4.21 ;0 ;0 ;0 ;0 ;0 ;0 ;1 ;0 ;0 ;0 ;1 ;
1.861344 ;0 ; ;0 ;1 ;-4.21 ;0 ;0 ;0 ;0 ;0 ;0 ;1 ;0 ;0 ;0 ;1 ;
1.881344 ;0 ; ;0 ;1 ;-4.21 ;0 ;0 ;0 ;0 ;0 ;0 ;1 ;0 ;0 ;0 ;1 ;
1.901344 ;0 ; ;0 ;1 ;-4.21 ;0 ;0 ;0 ;0 ;0 ;0 ;1 ;0 ;0 ;0 ;1 ;
1.921344 ;0 ; ;0 ;1 ;-4.21 ;0 ;0 ;0 ;0 ;0 ;0 ;1 ;0 ;0 ;0 ;1 ;
1.941344 ;0 ; ;0 ;1 ;-4.21 ;0 ;0 ;0 ;0 ;0 ;0 ;1 ;0 ;0 ;0 ;1 ;
1.961344 ;0 ; ;0 ;1 ;-4.21 ;0 ;0 ;0 ;0 ;0 ;0 ;1 ;0 ;0 ;0 ;1 ;
1.981344 ;0 ; ;0 ;1 ;-4.21 ;0 ;0 ;0 ;0 ;0 ;0 ;1 ;0 ;0 ;0 ;1 ;
2.001344 ;0 ; ;0 ;1 ;-4.21 ;0 ;0 ;0 ;0 ;0 ;0 ;1 ;0 ;0 ;0 ;1 ;
2.021344 ;0 ; ;0 ;1 ;-4.21 ;0 ;0 ;0 ;0 ;0 ;0 ;1 ;0 ;0 ;0 ;1 ;
2.041344 ;0 ; ;0 ;1 ;-4.21 ;0 ;0 ;0 ;0 ;0 ;0 ;1 ;0 ;0 ;0 ;1 ;
2.061344 ;0 ; ;0 ;1 ;-4.21 ;0 ;0 ;0 ;0 ;0 ;0 ;1 ;0 ;0 ;0 ;1 ;
2.081344 ;0 ; ;0 ;1 ;-4.21 ;0 ;0 ;0 ;0 ;0 ;0 ;1 ;0 ;0 ;0 ;1 ;
2.101344 ;0 ; ;0 ;1 ;-4.21 ;0 ;0 ;0 ;0 ;0 ;0 ;1 ;0 ;0 ;0 ;1 ;
2.121344 ;0 ; ;0 ;1 ;-4.21 ;0 ;0 ;0 ;0 ;0 ;0 ;1 ;0 ;0 ;0 ;1 ;
2.141344 ;0 ; ;0 ;1 ;-4.21 ;0 ;0 ;0 ;0 ;0 ;0 ;1 ;0 ;0 ;0 ;1 ;
2.161344 ;0 ; ;0 ;1 ;-4.21 ;0 ;0 ;0 ;0 ;0 ;0 ;1 ;0 ;0 ;0 ;1 ;
2.181344 ;0 ; ;0 ;1 ;-4.21 ;0 ;0 ;0 ;0 ;0 ;0 ;1 ;0 ;0 ;0 ;1 ;
2.201344 ;0 ; ;0 ;1 ;-4.21 ;0 ;0 ;0 ;0 ;0 ;0 ;1 ;0 ;0 ;0 ;1 ;
2.221344 ;0 ; ;0 ;1 ;-4.21 ;0 ;0 ;0 ;0 ;0 ;0 ;1 ;0 ;0 ;0 ;1 ;
2.241344 ;0 ; ;0 ;1 ;-4.21 ;0 ;0 ;0 ;0 ;0 ;0 ;1 ;0 ;0 ;0 ;1 ;
2.261344 ;0 ; ;0 ;1 ;-4.21 ;0 ;0 ;0 ;0 ;0 ;0 ;1 ;0 ;0 ;0 ;1 ;
2.281344 ;0 ; ;0 ;1 ;-4.21 ;0 ;0 ;0 ;0 ;0 ;0 ;1 ;0 ;0 ;0 ;1 ;
2.301344 ;0 ; ;0 ;1 ;-4.21 ;0 ;0 ;0 ;0 ;0 ;0 ;1 ;0 ;0 ;0 ;1 ;
2.321344 ;0 ; ;0 ;1 ;-4.21 ;0 ;0 ;0 ;0 ;0 ;0 ;1 ;0 ;0 ;0 ;1 ;
2.341344 ;0 ; ;0 ;1 ;-4.21 ;0 ;0 ;0 ;0 ;0 ;0 ;1 ;0 ;0 ;0 ;1 ;
2.361344 ;0 ; ;0 ;1 ;-4.21 ;0 ;0 ;0 ;0 ;0 ;0 ;1 ;0 ;0 ;0 ;1 ;
2.381344 ;0 ; ;0 ;1 ;-4.21 ;0 ;0 ;0 ;0 ;0 ;0 ;1 ;0 ;0 ;0 ;1 ;
2.401344 ;0 ; ;0 ;1 ;-4.21 ;0 ;0 ;0 ;0 ;0 ;0 ;1 ;0 ;0 ;0 ;1 ;
2.421344 ;0 ; ;0 ;1 ;-4.21 ;0 ;0 ;0 ;0 ;0 ;0 ;1 ;0 ;0 ;0 ;1 ;
2.441344 ;0 ; ;0 ;1 ;-4.21 ;0 ;0 ;0 ;0 ;0 ;0 ;1 ;0 ;0 ;0 ;1 ;
2.461344 ;0 ; ;0 ;1 ;-4.21 ;0 ;0 ;0 ;0 ;0 ;0 ;1 ;0 ;0 ;0 ;1 ;
2.481344 ;0 ; ;0 ;1 ;-4.21 ;0 ;0 ;0 ;0 ;0 ;0 ;1 ;0 ;0 ;0 ;1 ;
2.501344 ;0 ; ;0 ;1 ;-4.21 ;0 ;0 ;0 ;0 ;0 ;0 ;1 ;0 ;0 ;0 ;1 ;
2.521344 ;0 ; ;0 ;1 ;-4.21 ;0 ;0 ;0 ;0 ;0 ;0 ;1 ;0 ;0 ;0 ;1 ;
2.541344 ;0 ; ;0 ;1 ;-4.21 ;0 ;0 ;0 ;0 ;0 ;0 ;1 ;0 ;0 ;0 ;1 ;
2.561344 ;0 ; ;0 ;1 ;-4.21 ;0 ;0 ;0 ;0 ;0 ;0 ;1 ;0 ;0 ;0 ;1 ;
2.581344 ;0 ; ;0 ;1 ;-4.21 ;0 ;0 ;0 ;0 ;0 ;0 ;1 ;0 ;0 ;0 ;1 ;
2.601344 ;0 ; ;0 ;1 ;-4.21 ;0 ;0 ;0 ;0 ;0 ;0 ;1 ;0 ;0 ;0 ;1 ;
2.621344 ;0 ; ;0 ;1 ;-4.21 ;0 ;0 ;0 ;0 ;0 ;0 ;1 ;0 ;0 ;0 ;1 ;
2.641344 ;0 ; ;0 ;1 ;-4.21 ;0 ;0 ;0 ;0 ;0 ;0 ;1 ;0 ;0 ;0 ;1 ;
2.661344 ;0 ; ;0 ;1 ;-4.21 ;0 ;0 ;0 ;0 ;0 ;0 ;1 ;0 ;0 ;0 ;1 ;
2.681344 ;0 ; ;0 ;1 ;-4.21 ;0 ;0 ;0 ;0 ;0 ;0 ;1 ;0 ;0 ;0 ;1 ;
2.701344 ;0 ; ;0 ;1 ;-4.21 ;0 ;0 ;0 ;0 ;0 ;0 ;1 ;0 ;0 ;0 ;1 ;
2.721344 ;0 ; ;0 ;1 ;-4.21 ;0 ;0 ;0 ;0 ;0 ;0 ;1 ;0 ;0 ;0 ;1 ;
2.741344 ;0 ; ;0 ;1 ;-4.21 ;0 ;0 ;0 ;0 ;0 ;0 ;1 ;0 ;0 ;0 ;1 ;
2.761344 ;0 ; ;0 ;1 ;-4.21 ;0 ;0 ;0 ;0 ;0 ;0 ;1 ;0 ;0 ;0 ;1 ;
2.781344 ;0 ; ;0 ;1 ;-4.21 ;0 ;0 ;0 ;0 ;0 ;0 ;1 ;0 ;0 ;0 ;1 ;
2.801344 ;0 ; ;0 ;1 ;-4.21 ;0 ;0 ;0 ;0 ;0 ;0 ;1 ;0 ;0 ;0 ;1 ;
2.821344 ;0 ; ;0 ;1 ;-4.21 ;0 ;0 ;0 ;0 ;0 ;0 ;1 ;0 ;0 ;0 ;1 ;
2.841344 ;0 ; ;0 ;1 ;-4.21 ;0 ;0 ;0 ;0 ;0 ;0 ;1 ;0 ;0 ;0 ;1 ;
2.861344 ;0 ; ;0 ;1 ;-4.21 ;0 ;0 ;0 ;0 ;0 ;0 ;1 ;0 ;0 ;0 ;1 ;
2.881344 ;0 ; ;0 ;1 ;-4.21 ;0 ;0 ;0 ;0 ;0 ;0 ;1 ;0 ;0 ;0 ;1 ;
2.901344 ;0 ; ;0 ;1 ;-4.21 ;0 ;0 ;0 ;0 ;0 ;0 ;1 ;0 ;0 ;0 ;1 ;
2.921344 ;0 ; ;0 ;1 ;-4.21 ;0 ;0 ;0 ;0 ;0 ;0 ;1 ;0 ;0 ;0 ;1 ;
2.941344 ;0 ; ;0 ;1 ;-4.21 ;0 ;0 ;0 ;0 ;0 ;0 ;1 ;0 ;0 ;0 ;1 ;
2.961344 ;0 ; ;0 ;1 ;-4.21 ;0 ;0 ;0 ;0 ;0 ;0 ;1 ;0 ;0 ;0 ;1 ;
2.981344 ;0 ; ;0 ;1 ;-4.21 ;0 ;0 ;0 ;0 ;0 ;0 ;1 ;0 ;0 ;0 ;1 ;
3.001344 ;0 ; ;0 ;1 ;-4.21 ;0 ;0 ;0 ;0 ;0 ;0 ;1 ;0 ;0 ;0 ;1 ;
3.021344 ;0 ; ;0 ;1 ;-4.21 ;0 ;0 ;0 ;0 ;0 ;0 ;1 ;0 ;0 ;0 ;1 ;
3.041344 ;0 ; ;0 ;1 ;-4.21 ;0 ;0 ;0 ;0 ;0 ;0 ;1 ;0 ;0 ;0 ;1 ;
3.061344 ;0 ; ;0 ;1 ;-4.21 ;0 ;0 ;0 ;0 ;0 ;0 ;1 ;0 ;0 ;0 ;1 ;
3.081344 ;0 ; ;0 ;1 ;-4.21 ;0 ;0 ;0 ;0 ;0 ;0 ;1 ;0 ;0 ;0 ;1 ;
3.101344 ;0 ; ;0 ;1 ;-4.21 ;0 ;0 ;0 ;0 ;0 ;0 ;1 ;0 ;0 ;0 ;1 ;
3.121344 ;0 ; ;0 ;1 ;-4.21 ;0 ;0 ;0 ;0 ;0 ;0 ;1 ;0 ;0 ;0 ;1 ;
3.141344 ;0 ; ;0 ;1 ;-4.21 ;0 ;0 ;0 ;0 ;0 ;0 ;1 ;0 ;0 ;0 ;1 ;
3.161344 ;0 ; ;0 ;1 ;-4.21 ;0 ;0 ;0 ;0 ;0 ;0 ;1 ;0 ;0 ;0 ;1 ;
3.181344 ;0 ; ;0 ;1 ;-4.21 ;0 ;0 ;0 ;0 ;0 ;0 ;1 ;0 ;0 ;0 ;1 ;
3.201344 ;0 ; ;0 ;1 ;-4.21 ;0 ;0 ;0 ;0 ;0 ;0 ;1 ;0 ;0 ;0 ;1 ;
3.221344 ;0 ; ;0 ;1 ;-4.21 ;0 ;0 ;0 ;0 ;0 ;0 ;1 ;0 ;0 ;0 ;1 ;
3.241344 ;0 ; ;0 ;1 ;-4.21 ;0 ;0 ;0 ;0 ;0 ;0 ;1 ;0 ;0 ;0 ;1 ;
3.261344 ;0 ; ;0 ;1 ;-4.21 ;0 ;0 ;0 ;0 ;0 ;0 ;1 ;0 ;0 ;0 ;1 ;
3.281344 ;0 ; ;0 ;1 ;-4.21 ;0 ;0 ;0 ;0 ;0 ;0 ;1 ;0 ;0 ;0 ;1 ;
3.301344 ;0 ; ;0 ;1 ;-4.21 ;0 ;0 ;0 ;0 ;0 ;0 ;1 ;0 ;0 ;0 ;1 ;
3.321344 ;0 ; ;0 ;1 ;-4.21 ;0 ;0 ;0 ;0 ;0 ;0 ;1 ;0 ;0 ;0 ;1 ;
3.341344 ;0 ; ;0 ;1 ;-4.21 ;0 ;0 ;0 ;0 ;0 ;0 ;1 ;0 ;0 ;0 ;1 ;
3.361344 ;0 ; ;0 ;1 ;-4.21 ;0 ;0 ;0 ;0 ;0 ;0 ;1 ;0 ;0 ;0 ;1 ;
3.381344 ;0 ; ;0 ;1 ;-4.21 ;0 ;0 ;0 ;0 ;0 ;0 ;1 ;0 ;0 ;0 ;1 ;
3.401344 ;0 ; ;0 ;1 ;-4.21 ;0 ;0 ;0 ;0 ;0 ;0 ;1 ;0 ;0 ;0 ;1 ;
3.421344 ;0 ; ;0 ;1 ;-4.21 ;0 ;0 ;0 ;0 ;0 ;0 ;1 ;0 ;0 ;0 ;1 ;
3.441344 ;0 ; ;0 ;1 ;-4.21 ;0 ;0 ;0 ;0 ;0 ;0 ;1 ;0 ;0 ;0 ;1 ;
3.461344 ;0 ; ;0 ;1 ;-4.21 ;0 ;0 ;0 ;0 ;0 ;0 ;1 ;0 ;0 ;0 ;1 ;
3.481344 ;0 ; ;0 ;1 ;-4.21 ;0 ;0 ;0 ;0 ;0 ;0 ;1 ;0 ;0 ;0 ;1 ;
3.501344 ;0 ; ;0 ;1 ;-4.21 ;0 ;0 ;0 ;0 ;0 ;0 ;1 ;0 ;0 ;0 ;1 ;
3.521344 ;0 ; ;0 ;1 ;-4.21 ;0 ;0 ;0 ;0 ;0 ;0 ;1 ;0 ;0 ;0 ;1 ;
3.541344 ;0 ; ;0 ;1 ;-4.21 ;0 ;0 ;0 ;0 ;0 ;0 ;1 ;0 ;0 ;0 ;1 ;
3.561344 ;0 ; ;0 ;1 ;-4.21 ;0 ;0 ;0 ;0 ;0 ;0 ;1 ;0 ;0 ;0 ;1 ;
3.581344 ;0 ; ;0 ;1 ;-4.21 ;0 ;0 ;0 ;0 ;0 ;0 ;1 ;0 ;0 ;0 ;1 ;
3.601344 ;0 ; ;0 ;1 ;-4.21 ;0 ;0 ;0 ;0 ;0 ;0 ;1 ;0 ;0 ;0 ;1 ;
3.621344 ;0 ; ;0 ;1 ;-4.21 ;0 ;0 ;0 ;0 ;0 ;0 ;1 ;0 ;0 ;0 ;1 ;
3.641344 ;0 ; ;0 ;1 ;-4.21 ;0 ;0 ;0 ;0 ;0 ;0 ;1 ;0 ;0 ;0 ;1 ;
3.661344 ;0 ; ;0 ;1 ;-4.21 ;0 ;0 ;0 ;0 ;0 ;0 ;1 ;0 ;0 ;0 ;1 ;
3.681344 ;0 ; ;0 ;1 ;-4.21 ;0 ;0 ;0 ;0 ;0 ;0 ;1 ;0 ;0 ;0 ;1 ;
3.701344 ;0 ; ;0 ;1 ;-4.21 ;0 ;0 ;0 ;0 ;0 ;0 ;1 ;0 ;0 ;0 ;1 ;
3.721344 ;0 ; ;0 ;1 ;-4.21 ;0 ;0 ;0 ;0 ;0 ;0 ;1 ;0 ;0 ;0 ;1 ;
3.741344 ;0 ; ;0 ;1 ;-4.21 ;0 ;0 ;0 ;0 ;0 ;0 ;1 ;0 ;0 ;0 ;1 ;
3.761344 ;0 ; ;0 ;1 ;-4.21 ;0 ;0 ;0 ;0 ;0 ;0 ;1 ;0 ;0 ;0 ;1 ;
3.781344 ;0 ; ;0 ;1 ;-4.21 ;0 ;0 ;0 ;0 ;0 ;0 ;1 ;0 ;0 ;0 ;1 ;
3.801344 ;0 ; ;0 ;1 ;-4.21 ;0 ;0 ;0 ;0 ;0 ;0 ;1 ;0 ;0 ;0 ;1 ;
3.821344 ;0 ; ;0 ;1 ;-4.21 ;0 ;0 ;0 ;0 ;0 ;0 ;1 ;0 ;0 ;0 ;1 ;
3.841344 ;0 ; ;0 ;1 ;-4.21 ;0 ;0 ;0 ;0 ;0 ;0 ;1 ;0 ;0 ;0 ;1 ;
3.861344 ;0 ; ;0 ;1 ;-4.21 ;0 ;0 ;0 ;0 ;0 ;0 ;1 ;0 ;0 ;0 ;1 ;
3.881344 ;0 ; ;0 ;1 ;-4.21 ;0 ;0 ;0 ;0 ;0 ;0 ;1 ;0 ;0 ;0 ;1 ;
3.901344 ;0 ; ;0 ;1 ;-4.21 ;0 ;0 ;0 ;0 ;0 ;0 ;1 ;0 ;0 ;0 ;1 ;
3.921344 ;0 ; ;0 ;1 ;-4.21 ;0 ;0 ;0 ;0 ;0 ;0 ;1 ;0 ;0 ;0 ;1 ;
3.941344 ;0 ; ;0 ;1 ;-4.21 ;0 ;0 ;0 ;0 ;0 ;0 ;1 ;0 ;0 ;0 ;1 ;
3.961344 ;0 ; ;0 ;1 ;-4.21 ;0 ;0 ;0 ;0 ;0 ;0 ;1 ;0 ;0 ;0 ;1 ;
3.981344 ;0 ; ;0 ;1 ;-4.21 ;0 ;0 ;0 ;0 ;0 ;0 ;1 ;0 ;0 ;0 ;1 ;
4.001344 ;0 ; ;0 ;1 ;-4.21 ;0 ;0 ;0 ;0 ;0 ;0 ;1 ;0 ;0 ;0 ;1 ;
4.021344 ;0 ; ;0 ;1 ;-4.21 ;0 ;0 ;0 ;0 ;0 ;0 ;1 ;0 ;0 ;0 ;1 ;
4.041344 ;0 ; ;0 ;1 ;-4.21 ;0 ;0 ;0 ;0 ;0 ;0 ;1 ;0 ;0 ;0 ;1 ;
4.061344 ;0 ; ;0 ;1 ;-4.21 ;0 ;0 ;0 ;0 ;0 ;0 ;1 ;0 ;0 ;0 ;1 ;
4.081344 ;0 ; ;0 ;1 ;-4.21 ;0 ;0 ;0 ;0 ;0 ;0 ;1 ;0 ;0 ;0 ;1 ;
4.101344 ;0 ; ;0 ;1 ;-4.21 ;0 ;0 ;0 ;0 ;0 ;0 ;1 ;0 ;0 ;0 ;1 ;
4.121344 ;0 ; ;0 ;1 ;-4.21 ;0 ;0 ;0 ;0 ;0 ;0 ;1 ;0 ;0 ;0 ;1 ;
4.141344 ;0 ; ;0 ;1 ;-4.21 ;0 ;0 ;0 ;0 ;0 ;0 ;1 ;0 ;0 ;0 ;1 ;
4.161344 ;0 ; ;0 ;1 ;-4.21 ;0 ;0 ;0 ;0 ;0 ;0 ;1 ;0 ;0 ;0 ;1 ;
4.181344 ;0 ; ;0 ;1 ;-4.21 ;0 ;0 ;0 ;0 ;0 ;0 ;1 ;0 ;0 ;0 ;1 ;
4.201344 ;0 ; ;0 ;1 ;-4.21 ;0 ;0 ;0 ;0 ;0 ;0 ;1 ;0 ;0 ;0 ;1 ;
4.221344 ;0 ; ;0 ;1 ;-4.21 ;0 ;0 ;0 ;0 ;0 ;0 ;1 ;0 ;0 ;0 ;1 ;
4.241344 ;0 ; ;0 ;1 ;-4.21 ;0 ;0 ;0 ;0 ;0 ;0 ;1 ;0 ;0 ;0 ;1 ;
4.261344 ;0 ; ;0 ;1 ;-4.21 ;0 ;0 ;0 ;0 ;0 ;0 ;1 ;0 ;0 ;0 ;1 ;
4.281344 ;0 ; ;0 ;1 ;-4.21 ;0 ;0 ;0 ;0 ;0 ;0 ;1 ;0 ;0 ;0 ;1 ;
4.301344 ;0 ; ;0 ;1 ;-4.21 ;0 ;0 ;0 ;0 ;0 ;0 ;1 ;0 ;0 ;0 ;1 ;
4.321344 ;0 ; ;0 ;1 ;-4.21 ;0 ;0 ;0 ;0 ;0 ;0 ;1 ;0 ;0 ;0 ;1 ;
4.341344 ;0 ; ;0 ;1 ;-4.21 ;0 ;0 ;0 ;0 ;0 ;0 ;1 ;0 ;0 ;0 ;1 ;
4.361344 ;0 ; ;0 ;1 ;-4.21 ;0 ;0 ;0 ;0 ;0 ;0 ;1 ;0 ;0 ;0 ;1 ;
4.381344 ;0 ; ;0 ;1 ;-4.21 ;0 ;0 ;0 ;0 ;0 ;0 ;1 ;0 ;0 ;0 ;1 ;
4.401344 ;0 ; ;0 ;1 ;-4.21 ;0 ;0 ;0 ;0 ;0 ;0 ;1 ;0 ;0 ;0 ;1 ;
4.421344 ;0 ; ;0 ;1 ;-4.21 ;0 ;0 ;0 ;0 ;0 ;0 ;1 ;0 ;0 ;0 ;1 ;
4.441344 ;0 ; ;0 ;1 ;-4.21 ;0 ;0 ;0 ;0 ;0 ;0 ;1 ;0 ;0 ;0 ;1 ;
4.461344 ;0 ; ;0 ;1 ;-4.21 ;0 ;0 ;0 ;0 ;0 ;0 ;1 ;0 ;0 ;0 ;1 ;
4.481344 ;0 ; ;0 ;1 ;-4.21 ;0 ;0 ;0 ;0 ;0 ;0 ;1 ;0 ;0 ;0 ;1 ;
4.501344 ;0 ; ;0 ;1 ;-4.21 ;0 ;0 ;0 ;0 ;0 ;0 ;1 ;0 ;0 ;0 ;1 ;
4.521344 ;0 ; ;0 ;1 ;-4.21 ;0 ;0 ;0 ;0 ;0 ;0 ;1 ;0 ;0 ;0 ;1 ;
4.541344 ;0 ; ;0 ;1 ;-4.21 ;0 ;0 ;0 ;0 ;0 ;0 ;1 ;0 ;0 ;0 ;1 ;
4.561344 ;0 ; ;0 ;1 ;-4.21 ;0 ;0 ;0 ;0 ;0 ;0 ;1 ;0 ;0 ;0 ;1 ;
4.581344 ;0 ; ;0 ;1 ;-4.21 ;0 ;0 ;0 ;0 ;0 ;0 ;1 ;0 ;0 ;0 ;1 ;
4.601344 ;0 ; ;0 ;1 ;-4.21 ;0 ;0 ;0 ;0 ;0 ;0 ;1 ;0 ;0 ;0 ;1 ;
4.621344 ;0 ; ;0 ;1 ;-4.21 ;0 ;0 ;0 ;0 ;0 ;0 ;1 ;0 ;0 ;0 ;1 ;
4.641344 ;0 ; ;0 ;1 ;-4.21 ;0 ;0 ;0 ;0 ;0 ;0 ;1 ;0 ;0 ;0 ;1 ;
4.661344 ;0 ; ;0 ;1 ;-4.21 ;0 ;0 ;0 ;0 ;0 ;0 ;1 ;0 ;0 ;0 ;1 ;
4.681344 ;0 ; ;0 ;1 ;-4.21 ;0 ;0 ;0 ;0 ;0 ;0 ;1 ;0 ;0 ;0 ;1 ;
4.701344 ;0 ; ;0 ;1 ;-4.21 ;0 ;0 ;0 ;0 ;0 ;0 ;1 ;0 ;0 ;0 ;1 ;
4.721344 ;0 ; ;0 ;1 ;-4.21 ;0 ;0 ;0 ;0 ;0 ;0 ;1 ;0 ;0 ;0 ;1 ;
4.741344 ;0 ; ;0 ;1 ;-4.21 ;0 ;0 ;0 ;0 ;0 ;0 ;1 ;0 ;0 ;0 ;1 ;
4.761344 ;0 ; ;0 ;1 ;-4.21 ;0 ;0 ;0 ;0 ;0 ;0 ;1 ;0 ;0 ;0 ;1 ;
4.781344 ;0 ; ;0 ;1 ;-4.21 ;0 ;0 ;0 ;0 ;0 ;0 ;1 ;0 ;0 ;0 ;1 ;
4.801344 ;0 ; ;0 ;1 ;-4.21 ;0 ;0 ;0 ;0 ;0 ;0 ;1 ;0 ;0 ;0 ;1 ;
4.821344 ;0 ; ;0 ;1 ;-4.21 ;0 ;0 ;0 ;0 ;0 ;0 ;1 ;0 ;0 ;0 ;1 ;
4.841344 ;0 ; ;0 ;1 ;-4.21 ;0 ;0 ;0 ;0 ;0 ;0 ;1 ;0 ;0 ;0 ;1 ;
4.861344 ;0 ; ;0 ;1 ;-4.21 ;0 ;0 ;0 ;0 ;0 ;0 ;1 ;0 ;0 ;0 ;1 ;
4.881344 ;0 ; ;0 ;1 ;-4.21 ;0 ;0 ;0 ;0 ;0 ;0 ;1 ;0 ;0 ;0 ;1 ;
4.901344 ;0 ; ;0 ;1 ;-4.21 ;0 ;0 ;0 ;0 ;0 ;0 ;1 ;0 ;0 ;0 ;1 ;
4.921344 ;0 ; ;0 ;1 ;-4.21 ;0 ;0 ;0 ;0 ;0 ;0 ;1 ;0 ;0 ;0 ;1 ;
4.941344 ;0 ; ;0 ;1 ;-4.21 ;0 ;0 ;0 ;0 ;0 ;0 ;1 ;0 ;0 ;0 ;1 ;
4.961344 ;0 ; ;0 ;1 ;-4.21 ;0 ;0 ;0 ;0 ;0 ;0 ;1 ;0 ;0 ;0 ;1 ;
4.981344 ;0 ; ;0 ;1 ;-4.21 ;0 ;0 ;0 ;0 ;0 ;0 ;1 ;0 ;0 ;0 ;1 ;
5.001344 ;0 ; ;0 ;1 ;-4.21 ;0 ;0 ;0 ;0 ;0 ;0 ;1 ;0 ;0 ;0 ;1 ;
5.021344 ;0 ; ;0 ;1 ;-4.21 ;0 ;0 ;0 ;0 ;0 ;0 ;1 ;0 ;0 ;0 ;1 ;
5.041344 ;0 ; ;0 ;1 ;-4.21 ;0 ;0 ;0 ;0 ;0 ;0 ;1 ;0 ;0 ;0 ;1 ;
5.061344 ;0 ; ;0 ;1 ;-4.21 ;0 ;0 ;0 ;0 ;0 ;0 ;1 ;0 ;0 ;0 ;1 ;
5.081344 ;0 ; ;0 ;1 ;-4.21 ;0 ;0 ;0 ;0 ;0 ;0 ;1 ;0 ;0 ;0 ;1 ;
5.101344 ;0 ; ;0 ;1 ;-4.21 ;0 ;0 ;0 ;0 ;0 ;0 ;1 ;0 ;0 ;0 ;1 ;
5.121344 ;0 ; ;0 ;1 ;-4.21 ;0 ;0 ;0 ;0 ;0 ;0 ;1 ;0 ;0 ;0 ;1 ;
5.141344 ;0 ; ;0 ;1 ;-4.21 ;0 ;0 ;0 ;0 ;0 ;0 ;1 ;0 ;0 ;0 ;1 ;
5.161344 ;0 ; ;0 ;1 ;-4.21 ;0 ;0 ;0 ;0 ;0 ;0 ;1 ;0 ;0 ;0 ;1 ;
5.181344 ;0 ; ;0 ;1 ;-4.21 ;0 ;0 ;0 ;0 ;0 ;0 ;1 ;0 ;0 ;0 ;1 ;
5.201344 ;0 ; ;0 ;1 ;-4.21 ;0 ;0 ;0 ;0 ;0 ;0 ;1 ;0 ;0 ;0 ;1 ;
5.221344 ;0 ; ;0 ;1 ;-4.21 ;0 ;0 ;0 ;0 ;0 ;0 ;1 ;0 ;0 ;0 ;1 ;
5.241344 ;0 ; ;0 ;1 ;-4.21 ;0 ;0 ;0 ;0 ;0 ;0 ;1 ;0 ;0 ;0 ;1 ;
5.261344 ;0 ; ;0 ;1 ;-4.21 ;0 ;0 ;0 ;0 ;0 ;0 ;1 ;0 ;0 ;0 ;1 ;
5.281344 ;0 ; ;0 ;1 ;-4.21 ;0 ;0 ;0 ;0 ;0 ;0 ;1 ;0 ;0 ;0 ;1 ;
5.301344 ;0 ; ;0 ;1 ;-4.21 ;0 ;0 ;0 ;0 ;0 ;0 ;1 ;0 ;0 ;0 ;1 ;
5.321343 ;0 ; ;0 ;1 ;-4.21 ;0 ;0 ;0 ;0 ;0 ;0 ;1 ;0 ;0 ;0 ;1 ;
5.341344 ;0 ; ;0 ;1 ;-4.21 ;0 ;0 ;0 ;0 ;0 ;0 ;1 ;0 ;0 ;0 ;1 ;
5.361343 ;0 ; ;0 ;1 ;-4.21 ;0 ;0 ;0 ;0 ;0 ;0 ;1 ;0 ;0 ;0 ;1 ;
5.381344 ;0 ; ;0 ;1 ;-4.21 ;0 ;0 ;0 ;0 ;0 ;0 ;1 ;0 ;0 ;0 ;1 ;
5.401343 ;0 ; ;0 ;1 ;-4.21 ;0 ;0 ;0 ;0 ;0 ;0 ;1 ;0 ;0 ;0 ;1 ;
5.421344 ;0 ; ;0 ;1 ;-4.21 ;0 ;0 ;0 ;0 ;0 ;0 ;1 ;0 ;0 ;0 ;1 ;
5.441343 ;0 ; ;0 ;1 ;-4.21 ;0 ;0 ;0 ;0 ;0 ;0 ;1 ;0 ;0 ;0 ;1 ;
5.461344 ;0 ; ;0 ;1 ;-4.21 ;0 ;0 ;0 ;0 ;0 ;0 ;1 ;0 ;0 ;0 ;1 ;
5.481343 ;0 ; ;0 ;1 ;-4.21 ;0 ;0 ;0 ;0 ;0 ;0 ;1 ;0 ;0 ;0 ;1 ;
5.501344 ;0 ; ;0 ;1 ;-4.21 ;0 ;0 ;0 ;0 ;0 ;0 ;1 ;0 ;0 ;0 ;1 ;
5.521344 ;0 ; ;0 ;1 ;-4.21 ;0 ;0 ;0 ;0 ;0 ;0 ;1 ;0 ;0 ;0 ;1 ;
5.541344 ;0 ; ;0 ;1 ;-4.21 ;0 ;0 ;0 ;0 ;0 ;0 ;1 ;0 ;0 ;0 ;1 ;
5.561344 ;0 ; ;0 ;1 ;-4.21 ;0 ;0 ;0 ;0 ;0 ;0 ;1 ;0 ;0 ;0 ;1 ;
5.581344 ;0 ; ;0 ;1 ;-4.21 ;0 ;0 ;0 ;0 ;0 ;0 ;1 ;0 ;0 ;0 ;1 ;
5.601344 ;0 ; ;0 ;1 ;-4.21 ;0 ;0 ;0 ;0 ;0 ;0 ;1 ;0 ;0 ;0 ;1 ;
5.621344 ;0 ; ;0 ;1 ;-4.21 ;0 ;0 ;0 ;0 ;0 ;0 ;1 ;0 ;0 ;0 ;1 ;
5.641344 ;0 ; ;0 ;1 ;-4.21 ;0 ;0 ;0 ;0 ;0 ;0 ;1 ;0 ;0 ;0 ;1 ;
5.661344 ;0 ; ;0 ;1 ;-4.21 ;0 ;0 ;0 ;0 ;0 ;0 ;1 ;0 ;0 ;0 ;1 ;
5.681344 ;0 ; ;0 ;1 ;-4.21 ;0 ;0 ;0 ;0 ;0 ;0 ;1 ;0 ;0 ;0 ;1 ;
5.701344 ;0 ; ;0 ;1 ;-4.21 ;0 ;0 ;0 ;0 ;0 ;0 ;1 ;0 ;0 ;0 ;1 ;
5.721344 ;0 ; ;0 ;1 ;-4.21 ;0 ;0 ;0 ;0 ;0 ;0 ;1 ;0 ;0 ;0 ;1 ;
5.741343 ;0 ; ;0 ;1 ;-4.21 ;0 ;0 ;0 ;0 ;0 ;0 ;1 ;0 ;0 ;0 ;1 ;
5.761344 ;0 ; ;0 ;1 ;-4.21 ;0 ;0 ;0 ;0 ;0 ;0 ;1 ;0 ;0 ;0 ;1 ;
5.781343 ;0 ; ;0 ;1 ;-4.21 ;0 ;0 ;0 ;0 ;0 ;0 ;1 ;0 ;0 ;0 ;1 ;
5.801344 ;0 ; ;0 ;1 ;-4.21 ;0 ;0 ;0 ;0 ;0 ;0 ;1 ;0 ;0 ;0 ;1 ;
5.821343 ;0 ; ;0 ;1 ;-4.21 ;0 ;0 ;0 ;0 ;0 ;0 ;1 ;0 ;0 ;0 ;1 ;
5.841344 ;0 ; ;0 ;1 ;-4.21 ;0 ;0 ;0 ;0 ;0 ;0 ;1 ;0 ;0 ;0 ;1 ;
5.861343 ;0 ; ;0 ;1 ;-4.21 ;0 ;0 ;0 ;0 ;0 ;0 ;1 ;0 ;0 ;0 ;1 ;
5.881344 ;0 ; ;0 ;1 ;-4.21 ;0 ;0 ;0 ;0 ;0 ;0 ;1 ;0 ;0 ;0 ;1 ;
5.901343 ;0 ; ;0 ;1 ;-4.21 ;0 ;0 ;0 ;0 ;0 ;0 ;1 ;0 ;0 ;0 ;1 ;
5.921344 ;0 ; ;0 ;1 ;-4.21 ;0 ;0 ;0 ;0 ;0 ;0 ;1 ;0 ;0 ;0 ;1 ;
5.941343 ;0 ; ;0 ;1 ;-4.21 ;0 ;0 ;0 ;0 ;0 ;0 ;1 ;0 ;0 ;0 ;1 ;
5.961344 ;0 ; ;0 ;1 ;-4.21 ;0 ;0 ;0 ;0 ;0 ;0 ;1 ;0 ;0 ;0 ;1 ;
5.981343 ;0 ; ;0 ;1 ;-4.21 ;0 ;0 ;0 ;0 ;0 ;0 ;1 ;0 ;0 ;0 ;1 ;
6.001344 ;0 ; ;0 ;1 ;-4.21 ;0 ;0 ;0 ;0 ;0 ;0 ;1 ;0 ;0 ;0 ;1 ;
6.021344 ;0 ; ;0 ;1 ;-4.21 ;0 ;0 ;0 ;0 ;0 ;0 ;1 ;0 ;0 ;0 ;1 ;
6.041344 ;0 ; ;0 ;1 ;-4.21 ;0 ;0 ;0 ;0 ;0 ;0 ;1 ;0 ;0 ;0 ;1 ;
6.061344 ;0 ; ;0 ;1 ;-4.21 ;0 ;0 ;0 ;0 ;0 ;0 ;1 ;0 ;0 ;0 ;1 ;
6.081344 ;0 ; ;0 ;1 ;-4.21 ;0 ;0 ;0 ;0 ;0 ;0 ;1 ;0 ;0 ;0 ;1 ;
6.101344 ;0 ; ;0 ;1 ;-4.21 ;0 ;0 ;0 ;0 ;0 ;0 ;1 ;0 ;0 ;0 ;1 ;
6.121344 ;0 ; ;0 ;1 ;-4.21 ;0 ;0 ;0 ;0 ;0 ;0 ;1 ;0 ;0 ;0 ;1 ;
6.141344 ;0 ; ;0 ;1 ;-4.21 ;0 ;0 ;0 ;0 ;0 ;0 ;1 ;0 ;0 ;0 ;1 ;
6.161344 ;0 ; ;0 ;1 ;-4.21 ;0 ;0 ;0 ;0 ;0 ;0 ;1 ;0 ;0 ;0 ;1 ;
6.181344 ;0 ; ;0 ;1 ;-4.21 ;0 ;0 ;0 ;0 ;0 ;0 ;1 ;0 ;0 ;0 ;1 ;
6.201344 ;0 ; ;0 ;1 ;-4.21 ;0 ;0 ;0 ;0 ;0 ;0 ;1 ;0 ;0 ;0 ;1 ;
6.221344 ;0 ; ;0 ;1 ;-4.21 ;0 ;0 ;0 ;0 ;0 ;0 ;1 ;0 ;0 ;0 ;1 ;
6.241343 ;0 ; ;0 ;1 ;-4.21 ;0 ;0 ;0 ;0 ;0 ;0 ;1 ;0 ;0 ;0 ;1 ;
6.261344 ;0 ; ;0 ;1 ;-4.21 ;0 ;0 ;0 ;0 ;0 ;0 ;1 ;0 ;0 ;0 ;1 ;
6.281343 ;0 ; ;0 ;1 ;-4.21 ;0 ;0 ;0 ;0 ;0 ;0 ;1 ;0 ;0 ;0 ;1 ;
6.301344 ;0 ; ;0 ;1 ;-4.21 ;0 ;0 ;0 ;0 ;0 ;0 ;1 ;0 ;0 ;0 ;1 ;
6.321343 ;0 ; ;0 ;1 ;-4.21 ;0 ;0 ;0 ;0 ;0 ;0 ;1 ;0 ;0 ;0 ;1 ;
6.341344 ;0 ; ;0 ;1 ;-4.21 ;0 ;0 ;0 ;0 ;0 ;0 ;1 ;0 ;0 ;0 ;1 ;
6.361343 ;0 ; ;0 ;1 ;-4.21 ;0 ;0 ;0 ;0 ;0 ;0 ;1 ;0 ;0 ;0 ;1 ;
6.381344 ;0 ; ;0 ;1 ;-4.21 ;0 ;0 ;0 ;0 ;0 ;0 ;1 ;0 ;0 ;0 ;1 ;
6.401343 ;0 ; ;0 ;1 ;-4.21 ;0 ;0 ;0 ;0 ;0 ;0 ;1 ;0 ;0 ;0 ;1 ;
6.421344 ;0 ; ;0 ;1 ;-4.21 ;0 ;0 ;0 ;0 ;0 ;0 ;1 ;0 ;0 ;0 ;1 ;
6.441343 ;0 ; ;0 ;1 ;-4.21 ;0 ;0 ;0 ;0 ;0 ;0 ;1 ;0 ;0 ;0 ;1 ;
6.461344 ;0 ; ;0 ;1 ;-4.21 ;0 ;0 ;0 ;0 ;0 ;0 ;1 ;0 ;0 ;0 ;1 ;
6.481343 ;0 ; ;0 ;1 ;-4.21 ;0 ;0 ;0 ;0 ;0 ;0 ;1 ;0 ;0 ;0 ;1 ;
6.501344 ;0 ; ;0 ;1 ;-4.21 ;0 ;0 ;0 ;0 ;0 ;0 ;1 ;0 ;0 ;0 ;1 ;
6.521344 ;0 ; ;0 ;1 ;-4.21 ;0 ;0 ;0 ;0 ;0 ;0 ;1 ;0 ;0 ;0 ;1 ;
6.541344 ;0 ; ;0 ;1 ;-4.21 ;0 ;0 ;0 ;0 ;0 ;0 ;1 ;0 ;0 ;0 ;1 ;
6.561344 ;0 ; ;0 ;1 ;-4.21 ;0 ;0 ;0 ;0 ;0 ;0 ;1 ;0 ;0 ;0 ;1 ;
6.581344 ;0 ; ;0 ;1 ;-4.21 ;0 ;0 ;0 ;0 ;0 ;0 ;1 ;0 ;0 ;0 ;1 ;
6.601344 ;0 ; ;0 ;1 ;-4.21 ;0 ;0 ;0 ;0 ;0 ;0 ;1 ;0 ;0 ;0 ;1 ;
6.621344 ;0 ; ;0 ;1 ;-4.21 ;0 ;0 ;0 ;0 ;0 ;0 ;1 ;0 ;0 ;0 ;1 ;
6.641344 ;0 ; ;0 ;1 ;-4.21 ;0 ;0 ;0 ;0 ;0 ;0 ;1 ;0 ;0 ;0 ;1 ;
6.661344 ;0 ; ;0 ;1 ;-4.21 ;0 ;0 ;0 ;0 ;0 ;0 ;1 ;0 ;0 ;0 ;1 ;
6.681344 ;0 ; ;0 ;1 ;-4.21 ;0 ;0 ;0 ;0 ;0 ;0 ;1 ;0 ;0 ;0 ;1 ;
6.701344 ;0 ; ;0 ;1 ;-4.21 ;0 ;0 ;0 ;0 ;0 ;0 ;1 ;0 ;0 ;0 ;1 ;
6.721344 ;0 ; ;0 ;1 ;-4.21 ;0 ;0 ;0 ;0 ;0 ;0 ;1 ;0 ;0 ;0 ;1 ;
6.741343 ;0 ; ;0 ;1 ;-4.21 ;0 ;0 ;0 ;0 ;0 ;0 ;1 ;0 ;0 ;0 ;1 ;
6.761344 ;0 ; ;0 ;1 ;-4.21 ;0 ;0 ;0 ;0 ;0 ;0 ;1 ;0 ;0 ;0 ;1 ;
6.781343 ;0 ; ;0 ;1 ;-4.21 ;0 ;0 ;0 ;0 ;0 ;0 ;1 ;0 ;0 ;0 ;1 ;
6.801344 ;0 ; ;0 ;1 ;-4.21 ;0 ;0 ;0 ;0 ;0 ;0 ;1 ;0 ;0 ;0 ;1 ;
6.821343 ;0 ; ;0 ;1 ;-4.21 ;0 ;0 ;0 ;0 ;0 ;0 ;1 ;0 ;0 ;0 ;1 ;
6.841344 ;0 ; ;0 ;1 ;-4.21 ;0 ;0 ;0 ;0 ;0 ;0 ;1 ;0 ;0 ;0 ;1 ;
6.861343 ;0 ; ;0 ;1 ;-4.21 ;0 ;0 ;0 ;0 ;0 ;0 ;1 ;0 ;0 ;0 ;1 ;
6.881344 ;0 ; ;0 ;1 ;-4.21 ;0 ;0 ;0 ;0 ;0 ;0 ;1 ;0 ;0 ;0 ;1 ;
6.901343 ;0 ; ;0 ;1 ;-4.21 ;0 ;0 ;0 ;0 ;0 ;0 ;1 ;0 ;0 ;0 ;1 ;
6.921344 ;0 ; ;0 ;1 ;-4.21 ;0 ;0 ;0 ;0 ;0 ;0 ;1 ;0 ;0 ;0 ;1 ;
6.941343 ;0 ; ;0 ;1 ;-4.21 ;0 ;0 ;0 ;0 ;0 ;0 ;1 ;0 ;0 ;0 ;1 ;
6.961344 ;0 ; ;0 ;1 ;-4.21 ;0 ;0 ;0 ;0 ;0 ;0 ;1 ;0 ;0 ;0 ;1 ;
6.981343 ;0 ; ;0 ;1 ;-4.21 ;0 ;0 ;0 ;0 ;0 ;0 ;1 ;0 ;0 ;0 ;1 ;
7.001344 ;0 ; ;0 ;1 ;-4.21 ;0 ;0 ;0 ;0 ;0 ;0 ;1 ;0 ;0 ;0 ;1 ;
7.021343 ;0 ; ;0 ;1 ;-4.21 ;0 ;0 ;0 ;0 ;0 ;0 ;1 ;0 ;0 ;0 ;1 ;
7.041344 ;0 ; ;0 ;1 ;-4.21 ;0 ;0 ;0 ;0 ;0 ;0 ;1 ;0 ;0 ;0 ;1 ;
7.061344 ;0 ; ;0 ;1 ;-4.21 ;0 ;0 ;0 ;0 ;0 ;0 ;1 ;0 ;0 ;0 ;1 ;
7.081344 ;0 ; ;0 ;1 ;-4.21 ;0 ;0 ;0 ;0 ;0 ;0 ;1 ;0 ;0 ;0 ;1 ;
7.101344 ;0 ; ;0 ;1 ;-4.21 ;0 ;0 ;0 ;0 ;0 ;0 ;1 ;0 ;0 ;0 ;1 ;
7.121344 ;0 ; ;0 ;1 ;-4.21 ;0 ;0 ;0 ;0 ;0 ;0 ;1 ;0 ;0 ;0 ;1 ;
7.141344 ;0 ; ;0 ;1 ;-4.21 ;0 ;0 ;0 ;0 ;0 ;0 ;1 ;0 ;0 ;0 ;1 ;
7.161344 ;0 ; ;0 ;1 ;-4.21 ;0 ;0 ;0 ;0 ;0 ;0 ;1 ;0 ;0 ;0 ;1 ;
7.181344 ;0 ; ;0 ;1 ;-4.21 ;0 ;0 ;0 ;0 ;0 ;0 ;1 ;0 ;0 ;0 ;1 ;
7.201344 ;0 ; ;0 ;1 ;-4.21 ;0 ;0 ;0 ;0 ;0 ;0 ;1 ;0 ;0 ;0 ;1 ;
7.221344 ;0 ; ;0 ;1 ;-4.21 ;0 ;0 ;0 ;0 ;0 ;0 ;1 ;0 ;0 ;0 ;1 ;
7.241343 ;0 ; ;0 ;1 ;-4.21 ;0 ;0 ;0 ;0 ;0 ;0 ;1 ;0 ;0 ;0 ;1 ;
7.261344 ;0 ; ;0 ;1 ;-4.21 ;0 ;0 ;0 ;0 ;0 ;0 ;1 ;0 ;0 ;0 ;1 ;
7.281343 ;0 ; ;0 ;1 ;-4.21 ;0 ;0 ;0 ;0 ;0 ;0 ;1 ;0 ;0 ;0 ;1 ;
7.301344 ;0 ; ;0 ;1 ;-4.21 ;0 ;0 ;0 ;0 ;0 ;0 ;1 ;0 ;0 ;0 ;1 ;
7.321343 ;0 ; ;0 ;1 ;-4.21 ;0 ;0 ;0 ;0 ;0 ;0 ;1 ;0 ;0 ;0 ;1 ;
7.341344 ;0 ; ;0 ;1 ;-4.21 ;0 ;0 ;0 ;0 ;0 ;0 ;1 ;0 ;0 ;0 ;1 ;
7.361343 ;0 ; ;0 ;1 ;-4.21 ;0 ;0 ;0 ;0 ;0 ;0 ;1 ;0 ;0 ;0 ;1 ;
7.381344 ;0 ; ;0 ;1 ;-4.21 ;0 ;0 ;0 ;0 ;0 ;0 ;1 ;0 ;0 ;0 ;1 ;
7.401343 ;0 ; ;0 ;1 ;-4.21 ;0 ;0 ;0 ;0 ;0 ;0 ;1 ;0 ;0 ;0 ;1 ;
7.421344 ;0 ; ;0 ;1 ;-4.21 ;0 ;0 ;0 ;0 ;0 ;0 ;1 ;0 ;0 ;0 ;1 ;
7.441343 ;0 ; ;0 ;1 ;-4.21 ;0 ;0 ;0 ;0 ;0 ;0 ;1 ;0 ;0 ;0 ;1 ;
7.461344 ;0 ; ;0 ;1 ;-4.21 ;0 ;0 ;0 ;0 ;0 ;0 ;1 ;0 ;0 ;0 ;1 ;
7.481343 ;0 ; ;0 ;1 ;-4.21 ;0 ;0 ;0 ;0 ;0 ;0 ;1 ;0 ;0 ;0 ;1 ;
7.501344 ;0 ; ;0 ;1 ;-4.21 ;0 ;0 ;0 ;0 ;0 ;0 ;1 ;0 ;0 ;0 ;1 ;
7.521343 ;0 ; ;0 ;1 ;-4.21 ;0 ;0 ;0 ;0 ;0 ;0 ;1 ;0 ;0 ;0 ;1 ;
7.541344 ;0 ; ;0 ;1 ;-4.21 ;0 ;0 ;0 ;0 ;0 ;0 ;1 ;0 ;0 ;0 ;1 ;
7.561344 ;0 ; ;0 ;1 ;-4.21 ;0 ;0 ;0 ;0 ;0 ;0 ;1 ;0 ;0 ;0 ;1 ;
7.581344 ;0 ; ;0 ;1 ;-4.21 ;0 ;0 ;0 ;0 ;0 ;0 ;1 ;0 ;0 ;0 ;1 ;
7.601344 ;0 ; ;0 ;1 ;-4.21 ;0 ;0 ;0 ;0 ;0 ;0 ;1 ;0 ;0 ;0 ;1 ;
7.621344 ;0 ; ;0 ;1 ;-4.21 ;0 ;0 ;0 ;0 ;0 ;0 ;1 ;0 ;0 ;0 ;1 ;
7.641344 ;0 ; ;0 ;1 ;-4.21 ;0 ;0 ;0 ;0 ;0 ;0 ;1 ;0 ;0 ;0 ;1 ;
7.661344 ;0 ; ;0 ;1 ;-4.21 ;0 ;0 ;0 ;0 ;0 ;0 ;1 ;0 ;0 ;0 ;1 ;
7.681344 ;0 ; ;0 ;1 ;-4.21 ;0 ;0 ;0 ;0 ;0 ;0 ;1 ;0 ;0 ;0 ;1 ;
7.701344 ;0 ; ;0 ;1 ;-4.21 ;0 ;0 ;0 ;0 ;0 ;0 ;1 ;0 ;0 ;0 ;1 ;
7.721344 ;0 ; ;0 ;1 ;-4.21 ;0 ;0 ;0 ;0 ;0 ;0 ;1 ;0 ;0 ;0 ;1 ;
7.741343 ;0 ; ;0 ;1 ;-4.21 ;0 ;0 ;0 ;0 ;0 ;0 ;1 ;0 ;0 ;0 ;1 ;
7.761344 ;0 ; ;0 ;1 ;-4.21 ;0 ;0 ;0 ;0 ;0 ;0 ;1 ;0 ;0 ;0 ;1 ;
7.781343 ;0 ; ;0 ;1 ;-4.21 ;0 ;0 ;0 ;0 ;0 ;0 ;1 ;0 ;0 ;0 ;1 ;
7.801344 ;0 ; ;0 ;1 ;-4.21 ;0 ;0 ;0 ;0 ;0 ;0 ;1 ;0 ;0 ;0 ;1 ;
7.821343 ;0 ; ;0 ;1 ;-4.21 ;0 ;0 ;0 ;0 ;0 ;0 ;1 ;0 ;0 ;0 ;1 ;
7.841344 ;0 ; ;0 ;1 ;-4.21 ;0 ;0 ;0 ;0 ;0 ;0 ;1 ;0 ;0 ;0 ;1 ;
7.861343 ;0 ; ;0 ;1 ;-4.21 ;0 ;0 ;0 ;0 ;0 ;0 ;1 ;0 ;0 ;0 ;1 ;
7.881344 ;0 ; ;0 ;1 ;-4.21 ;0 ;0 ;0 ;0 ;0 ;0 ;1 ;0 ;0 ;0 ;1 ;
7.901343 ;0 ; ;0 ;1 ;-4.21 ;0 ;0 ;0 ;0 ;0 ;0 ;1 ;0 ;0 ;0 ;1 ;
7.921344 ;0 ; ;0 ;1 ;-4.21 ;0 ;0 ;0 ;0 ;0 ;0 ;1 ;0 ;0 ;0 ;1 ;
7.941343 ;0 ; ;0 ;1 ;-4.21 ;0 ;0 ;0 ;0 ;0 ;0 ;1 ;0 ;0 ;0 ;1 ;
7.961344 ;0 ; ;0 ;1 ;-4.21 ;0 ;0 ;0 ;0 ;0 ;0 ;1 ;0 ;0 ;0 ;1 ;
7.981343 ;0 ; ;0 ;1 ;-4.21 ;0 ;0 ;0 ;0 ;0 ;0 ;1 ;0 ;0 ;0 ;1 ;
8.001344 ;0 ; ;0 ;1 ;-4.21 ;0 ;0 ;0 ;0 ;0 ;0 ;1 ;0 ;0 ;0 ;1 ;
8.021343 ;0 ; ;0 ;1 ;-4.21 ;0 ;0 ;0 ;0 ;0 ;0 ;1 ;0 ;0 ;0 ;1 ;
8.041344 ;0 ; ;0 ;1 ;-4.21 ;0 ;0 ;0 ;0 ;0 ;0 ;1 ;0 ;0 ;0 ;1 ;
8.061344 ;0 ; ;0 ;1 ;-4.21 ;0 ;0 ;0 ;0 ;0 ;0 ;1 ;0 ;0 ;0 ;1 ;
8.081344 ;0 ; ;0 ;1 ;-4.21 ;0 ;0 ;0 ;0 ;0 ;0 ;1 ;0 ;0 ;0 ;1 ;
8.101344 ;0 ; ;0 ;1 ;-4.21 ;0 ;0 ;0 ;0 ;0 ;0 ;1 ;0 ;0 ;0 ;1 ;
8.121344 ;0 ; ;0 ;1 ;-4.21 ;0 ;0 ;0 ;0 ;0 ;0 ;1 ;0 ;0 ;0 ;1 ;
8.141344 ;0 ; ;0 ;1 ;-4.21 ;0 ;0 ;0 ;0 ;0 ;0 ;1 ;0 ;0 ;0 ;1 ;
8.161344 ;0 ; ;0 ;1 ;-4.21 ;0 ;0 ;0 ;0 ;0 ;0 ;1 ;0 ;0 ;0 ;1 ;
8.181344 ;0 ; ;0 ;1 ;-4.21 ;0 ;0 ;0 ;0 ;0 ;0 ;1 ;0 ;0 ;0 ;1 ;
8.201344 ;0 ; ;0 ;1 ;-4.21 ;0 ;0 ;0 ;0 ;0 ;0 ;1 ;0 ;0 ;0 ;1 ;
8.221344 ;0 ; ;0 ;1 ;-4.21 ;0 ;0 ;0 ;0 ;0 ;0 ;1 ;0 ;0 ;0 ;1 ;
8.241343 ;0 ; ;0 ;1 ;-4.21 ;0 ;0 ;0 ;0 ;0 ;0 ;1 ;0 ;0 ;0 ;1 ;
8.261344 ;0 ; ;0 ;1 ;-4.21 ;0 ;0 ;0 ;0 ;0 ;0 ;1 ;0 ;0 ;0 ;1 ;
8.281343 ;0 ; ;0 ;1 ;-4.21 ;0 ;0 ;0 ;0 ;0 ;0 ;1 ;0 ;0 ;0 ;1 ;
8.301344 ;0 ; ;0 ;1 ;-4.21 ;0 ;0 ;0 ;0 ;0 ;0 ;1 ;0 ;0 ;0 ;1 ;
8.321343 ;0 ; ;0 ;1 ;-4.21 ;0 ;0 ;0 ;0 ;0 ;0 ;1 ;0 ;0 ;0 ;1 ;
8.341344 ;0 ; ;0 ;1 ;-4.21 ;0 ;0 ;0 ;0 ;0 ;0 ;1 ;0 ;0 ;0 ;1 ;
8.361343 ;0 ; ;0 ;1 ;-4.21 ;0 ;0 ;0 ;0 ;0 ;0 ;1 ;0 ;0 ;0 ;1 ;
8.381344 ;0 ; ;0 ;1 ;-4.21 ;0 ;0 ;0 ;0 ;0 ;0 ;1 ;0 ;0 ;0 ;1 ;
8.401343 ;0 ; ;0 ;1 ;-4.21 ;0 ;0 ;0 ;0 ;0 ;0 ;1 ;0 ;0 ;0 ;1 ;
8.421344 ;0 ; ;0 ;1 ;-4.21 ;0 ;0 ;0 ;0 ;0 ;0 ;1 ;0 ;0 ;0 ;1 ;
8.441343 ;0 ; ;0 ;1 ;-4.21 ;0 ;0 ;0 ;0 ;0 ;0 ;1 ;0 ;0 ;0 ;1 ;
8.461344 ;0 ; ;0 ;1 ;-4.21 ;0 ;0 ;0 ;0 ;0 ;0 ;1 ;0 ;0 ;0 ;1 ;
8.481343 ;0 ; ;0 ;1 ;-4.21 ;0 ;0 ;0 ;0 ;0 ;0 ;1 ;0 ;0 ;0 ;1 ;
8.501344 ;0 ; ;0 ;1 ;-4.21 ;0 ;0 ;0 ;0 ;0 ;0 ;1 ;0 ;0 ;0 ;1 ;
8.521343 ;0 ; ;0 ;1 ;-4.21 ;0 ;0 ;0 ;0 ;0 ;0 ;1 ;0 ;0 ;0 ;1 ;
8.541344 ;0 ; ;0 ;1 ;-4.21 ;0 ;0 ;0 ;0 ;0 ;0 ;1 ;0 ;0 ;0 ;1 ;
8.561343 ;0 ; ;0 ;1 ;-4.21 ;0 ;0 ;0 ;0 ;0 ;0 ;1 ;0 ;0 ;0 ;1 ;
8.581344 ;0 ; ;0 ;1 ;-4.21 ;0 ;0 ;0 ;0 ;0 ;0 ;1 ;0 ;0 ;0 ;1 ;
8.601344 ;0 ; ;0 ;1 ;-4.21 ;0 ;0 ;0 ;0 ;0 ;0 ;1 ;0 ;0 ;0 ;1 ;
8.621344 ;0 ; ;0 ;1 ;-4.21 ;0 ;0 ;0 ;0 ;0 ;0 ;1 ;0 ;0 ;0 ;1 ;
8.641344 ;0 ; ;0 ;1 ;-4.21 ;0 ;0 ;0 ;0 ;0 ;0 ;1 ;0 ;0 ;0 ;1 ;
8.661344 ;0 ; ;0 ;1 ;-4.21 ;0 ;0 ;0 ;0 ;0 ;0 ;1 ;0 ;0 ;0 ;1 ;
8.681344 ;0 ; ;0 ;1 ;-4.21 ;0 ;0 ;0 ;0 ;0 ;0 ;1 ;0 ;0 ;0 ;1 ;
8.701344 ;0 ; ;0 ;1 ;-4.21 ;0 ;0 ;0 ;0 ;0 ;0 ;1 ;0 ;0 ;0 ;1 ;
8.721344 ;0 ; ;0 ;1 ;-4.21 ;0 ;0 ;0 ;0 ;0 ;0 ;1 ;0 ;0 ;0 ;1 ;
8.741343 ;0 ; ;0 ;1 ;-4.21 ;0 ;0 ;0 ;0 ;0 ;0 ;1 ;0 ;0 ;0 ;1 ;
8.761344 ;0 ; ;0 ;1 ;-4.21 ;0 ;0 ;0 ;0 ;0 ;0 ;1 ;0 ;0 ;0 ;1 ;
8.781343 ;0 ; ;0 ;1 ;-4.21 ;0 ;0 ;0 ;0 ;0 ;0 ;1 ;0 ;0 ;0 ;1 ;
8.801344 ;0 ; ;0 ;1 ;-4.21 ;0 ;0 ;0 ;0 ;0 ;0 ;1 ;0 ;0 ;0 ;1 ;
8.821343 ;0 ; ;0 ;1 ;-4.21 ;0 ;0 ;0 ;0 ;0 ;0 ;1 ;0 ;0 ;0 ;1 ;
8.841344 ;0 ; ;0 ;1 ;-4.21 ;0 ;0 ;0 ;0 ;0 ;0 ;1 ;0 ;0 ;0 ;1 ;
8.861343 ;0 ; ;0 ;1 ;-4.21 ;0 ;0 ;0 ;0 ;0 ;0 ;1 ;0 ;0 ;0 ;1 ;
8.881344 ;0 ; ;0 ;1 ;-4.21 ;0 ;0 ;0 ;0 ;0 ;0 ;1 ;0 ;0 ;0 ;1 ;
8.901343 ;0 ; ;0 ;1 ;-4.21 ;0 ;0 ;0 ;0 ;0 ;0 ;1 ;0 ;0 ;0 ;1 ;
8.921344 ;0 ; ;0 ;1 ;-4.21 ;0 ;0 ;0 ;0 ;0 ;0 ;1 ;0 ;0 ;0 ;1 ;
8.941343 ;0 ; ;0 ;1 ;-4.21 ;0 ;0 ;0 ;0 ;0 ;0 ;1 ;0 ;0 ;0 ;1 ;
8.961344 ;0 ; ;0 ;1 ;-4.21 ;0 ;0 ;0 ;0 ;0 ;0 ;1 ;0 ;0 ;0 ;1 ;
8.981343 ;0 ; ;0 ;1 ;-4.21 ;0 ;0 ;0 ;0 ;0 ;0 ;1 ;0 ;0 ;0 ;1 ;
9.001344 ;0 ; ;0 ;1 ;-4.21 ;0 ;0 ;0 ;0 ;0 ;0 ;1 ;0 ;0 ;0 ;1 ;
9.021343 ;0 ; ;0 ;1 ;-4.21 ;0 ;0 ;0 ;0 ;0 ;0 ;1 ;0 ;0 ;0 ;1 ;
9.041344 ;0 ; ;0 ;1 ;-4.21 ;0 ;0 ;0 ;0 ;0 ;0 ;1 ;0 ;0 ;0 ;1 ;
9.061343 ;0 ; ;0 ;1 ;-4.21 ;0 ;0 ;0 ;0 ;0 ;0 ;1 ;0 ;0 ;0 ;1 ;
9.081344 ;0 ; ;0 ;1 ;-4.21 ;0 ;0 ;0 ;0 ;0 ;0 ;1 ;0 ;0 ;0 ;1 ;
9.101344 ;0 ; ;0 ;1 ;-4.21 ;0 ;0 ;0 ;0 ;0 ;0 ;1 ;0 ;0 ;0 ;1 ;
9.121344 ;0 ; ;0 ;1 ;-4.21 ;0 ;0 ;0 ;0 ;0 ;0 ;1 ;0 ;0 ;0 ;1 ;
9.141344 ;0 ; ;0 ;1 ;-4.21 ;0 ;0 ;0 ;0 ;0 ;0 ;1 ;0 ;0 ;0 ;1 ;
9.161344 ;0 ; ;0 ;1 ;-4.21 ;0 ;0 ;0 ;0 ;0 ;0 ;1 ;0 ;0 ;0 ;1 ;
9.181344 ;0 ; ;0 ;1 ;-4.21 ;0 ;0 ;0 ;0 ;0 ;0 ;1 ;0 ;0 ;0 ;1 ;
9.201344 ;0 ; ;0 ;1 ;-4.21 ;0 ;0 ;0 ;0 ;0 ;0 ;1 ;0 ;0 ;0 ;1 ;
9.221344 ;0 ; ;0 ;1 ;-4.21 ;0 ;0 ;0 ;0 ;0 ;0 ;1 ;0 ;0 ;0 ;1 ;
9.241343 ;0 ; ;0 ;1 ;-4.21 ;0 ;0 ;0 ;0 ;0 ;0 ;1 ;0 ;0 ;0 ;1 ;
9.261344 ;0 ; ;0 ;1 ;-4.21 ;0 ;0 ;0 ;0 ;0 ;0 ;1 ;0 ;0 ;0 ;1 ;
9.281343 ;0 ; ;0 ;1 ;-4.21 ;0 ;0 ;0 ;0 ;0 ;0 ;1 ;0 ;0 ;0 ;1 ;
9.301344 ;0 ; ;0 ;1 ;-4.21 ;0 ;0 ;0 ;0 ;0 ;0 ;1 ;0 ;0 ;0 ;1 ;
9.321343 ;0 ; ;0 ;1 ;-4.21 ;0 ;0 ;0 ;0 ;0 ;0 ;1 ;0 ;0 ;0 ;1 ;
9.341344 ;0 ; ;0 ;1 ;-4.21 ;0 ;0 ;0 ;0 ;0 ;0 ;1 ;0 ;0 ;0 ;1 ;
9.361343 ;0 ; ;0 ;1 ;-4.21 ;0 ;0 ;0 ;0 ;0 ;0 ;1 ;0 ;0 ;0 ;1 ;
9.381344 ;0 ; ;0 ;1 ;-4.21 ;0 ;0 ;0 ;0 ;0 ;0 ;1 ;0 ;0 ;0 ;1 ;
9.401343 ;0 ; ;0 ;1 ;-4.21 ;0 ;0 ;0 ;0 ;0 ;0 ;1 ;0 ;0 ;0 ;1 ;
9.421344 ;0 ; ;0 ;1 ;-4.21 ;0 ;0 ;0 ;0 ;0 ;0 ;1 ;0 ;0 ;0 ;1 ;
9.441343 ;0 ; ;0 ;1 ;-4.21 ;0 ;0 ;0 ;0 ;0 ;0 ;1 ;0 ;0 ;0 ;1 ;
9.461344 ;0 ; ;0 ;1 ;-4.21 ;0 ;0 ;0 ;0 ;0 ;0 ;1 ;0 ;0 ;0 ;1 ;
9.481343 ;0 ; ;0 ;1 ;-4.21 ;0 ;0 ;0 ;0 ;0 ;0 ;1 ;0 ;0 ;0 ;1 ;
9.501344 ;0 ; ;0 ;1 ;-4.21 ;0 ;0 ;0 ;0 ;0 ;0 ;1 ;0 ;0 ;0 ;1 ;
9.521343 ;0 ; ;0 ;1 ;-4.21 ;0 ;0 ;0 ;0 ;0 ;0 ;1 ;0 ;0 ;0 ;1 ;
9.541344 ;0 ; ;0 ;1 ;-4.21 ;0 ;0 ;0 ;0 ;0 ;0 ;1 ;0 ;0 ;0 ;1 ;
9.561343 ;0 ; ;0 ;1 ;-4.21 ;0 ;0 ;0 ;0 ;0 ;0 ;1 ;0 ;0 ;0 ;1 ;
9.581344 ;0 ; ;0 ;1 ;-4.21 ;0 ;0 ;0 ;0 ;0 ;0 ;1 ;0 ;0 ;0 ;1 ;
9.601344 ;0 ; ;0 ;1 ;-4.21 ;0 ;0 ;0 ;0 ;0 ;0 ;1 ;0 ;0 ;0 ;1 ;
9.621344 ;0 ; ;0 ;1 ;-4.21 ;0 ;0 ;0 ;0 ;0 ;0 ;1 ;0 ;0 ;0 ;1 ;
9.641344 ;0 ; ;0 ;1 ;-4.21 ;0 ;0 ;0 ;0 ;0 ;0 ;1 ;0 ;0 ;0 ;1 ;
9.661344 ;0 ; ;0 ;1 ;-4.21 ;0 ;0 ;0 ;0 ;0 ;0 ;1 ;0 ;0 ;0 ;1 ;
9.681344 ;0 ; ;0 ;1 ;-4.21 ;0 ;0 ;0 ;0 ;0 ;0 ;1 ;0 ;0 ;0 ;1 ;
9.701344 ;0 ; ;0 ;1 ;-4.21 ;0 ;0 ;0 ;0 ;0 ;0 ;1 ;0 ;0 ;0 ;1 ;
9.721344 ;0 ; ;0 ;1 ;-4.21 ;0 ;0 ;0 ;0 ;0 ;0 ;1 ;0 ;0 ;0 ;1 ;
9.741343 ;0 ; ;0 ;1 ;-4.21 ;0 ;0 ;0 ;0 ;0 ;0 ;1 ;0 ;0 ;0 ;1 ;
9.761344 ;0 ; ;0 ;1 ;-4.21 ;0 ;0 ;0 ;0 ;0 ;0 ;1 ;0 ;0 ;0 ;1 ;
9.781343 ;0 ; ;0 ;1 ;-4.21 ;0 ;0 ;0 ;0 ;0 ;0 ;1 ;0 ;0 ;0 ;1 ;
9.801344 ;0 ; ;0 ;1 ;-4.21 ;0 ;0 ;0 ;0 ;0 ;0 ;1 ;0 ;0 ;0 ;1 ;
9.821343 ;0 ; ;0 ;1 ;-4.21 ;0 ;0 ;0 ;0 ;0 ;0 ;1 ;0 ;0 ;0 ;1 ;
9.841344 ;0 ; ;0 ;1 ;-4.21 ;0 ;0 ;0 ;0 ;0 ;0 ;1 ;0 ;0 ;0 ;1 ;
9.861343 ;0 ; ;0 ;1 ;-4.21 ;0 ;0 ;0 ;0 ;0 ;0 ;1 ;0 ;0 ;0 ;1 ;
9.881344 ;0 ; ;0 ;1 ;-4.21 ;0 ;0 ;0 ;0 ;0 ;0 ;1 ;0 ;0 ;0 ;1 ;
9.901343 ;0 ; ;0 ;1 ;-4.21 ;0 ;0 ;0 ;0 ;0 ;0 ;1 ;0 ;0 ;0 ;1 ;
9.921344 ;0 ; ;0 ;1 ;-4.21 ;0 ;0 ;0 ;0 ;0 ;0 ;1 ;0 ;0 ;0 ;1 ;
9.941343 ;0 ; ;0 ;1 ;-4.21 ;0 ;0 ;0 ;0 ;0 ;0 ;1 ;0 ;0 ;0 ;1 ;
9.961344 ;0 ; ;0 ;1 ;-4.21 ;0 ;0 ;0 ;0 ;0 ;0 ;1 ;0 ;0 ;0 ;1 ;
9.981343 ;0 ; ;0 ;1 ;-4.21 ;0 ;0 ;0 ;0 ;0 ;0 ;1 ;0 ;0 ;0 ;1 ;
10.00134 ;0 ; ;0 ;1 ;-4.21 ;0 ;0 ;0 ;0 ;0 ;0 ;1 ;0 ;0 ;0 ;1 ;
10.02134 ;0 ; ;0 ;1 ;-4.21 ;0 ;0 ;0 ;0 ;0 ;0 ;1 ;0 ;0 ;0 ;1 ;
10.04134 ;0 ; ;0 ;1 ;-4.21 ;0 ;0 ;0 ;0 ;0 ;0 ;1 ;0 ;0 ;0 ;1 ;
10.06134 ;0 ; ;0 ;1 ;-4.21 ;0 ;0 ;0 ;0 ;0 ;0 ;1 ;0 ;0 ;0 ;1 ;
10.08134 ;0 ; ;0 ;1 ;-4.21 ;0 ;0 ;0 ;0 ;0 ;0 ;1 ;0 ;0 ;0 ;1 ;
10.10134 ;0 ; ;0 ;1 ;-4.21 ;0 ;0 ;0 ;0 ;0 ;0 ;1 ;0 ;0 ;0 ;1 ;
10.12134 ;0 ; ;0 ;1 ;-4.21 ;0 ;0 ;0 ;0 ;0 ;0 ;1 ;0 ;0 ;0 ;1 ;
10.14134 ;0 ; ;0 ;1 ;-4.21 ;0 ;0 ;0 ;0 ;0 ;0 ;1 ;0 ;0 ;0 ;1 ;
10.16134 ;0 ; ;0 ;1 ;-4.21 ;0 ;0 ;0 ;0 ;0 ;0 ;1 ;0 ;0 ;0 ;1 ;
10.18134 ;0 ; ;0 ;1 ;-4.21 ;0 ;0 ;0 ;0 ;0 ;0 ;1 ;0 ;0 ;0 ;1 ;
10.20134 ;0 ; ;0 ;1 ;-4.21 ;0 ;0 ;0 ;0 ;0 ;0 ;1 ;0 ;0 ;0 ;1 ;
10.22134 ;0 ; ;0 ;1 ;-4.21 ;0 ;0 ;0 ;0 ;0 ;0 ;1 ;0 ;0 ;0 ;1 ;
10.24134 ;0 ; ;0 ;1 ;-4.21 ;0 ;0 ;0 ;0 ;0 ;0 ;1 ;0 ;0 ;0 ;1 ;
10.26134 ;0 ; ;0 ;1 ;-4.21 ;0 ;0 ;0 ;0 ;0 ;0 ;1 ;0 ;0 ;0 ;1 ;
10.28134 ;0 ; ;0 ;1 ;-4.21 ;0 ;0 ;0 ;0 ;0 ;0 ;1 ;0 ;0 ;0 ;1 ;
10.30134 ;0 ; ;0 ;1 ;-4.21 ;0 ;0 ;0 ;0 ;0 ;0 ;1 ;0 ;0 ;0 ;1 ;
10.32134 ;0 ; ;0 ;1 ;-4.21 ;0 ;0 ;0 ;0 ;0 ;0 ;1 ;0 ;0 ;0 ;1 ;
10.34134 ;0 ; ;0 ;1 ;-4.21 ;0 ;0 ;0 ;0 ;0 ;0 ;1 ;0 ;0 ;0 ;1 ;
10.36134 ;0 ; ;0 ;1 ;-4.21 ;0 ;0 ;0 ;0 ;0 ;0 ;1 ;0 ;0 ;0 ;1 ;
10.38134 ;0 ; ;0 ;1 ;-4.21 ;0 ;0 ;0 ;0 ;0 ;0 ;1 ;0 ;0 ;0 ;1 ;
10.40134 ;0 ; ;0 ;1 ;-4.21 ;0 ;0 ;0 ;0 ;0 ;0 ;1 ;0 ;0 ;0 ;1 ;
10.42134 ;0 ; ;0 ;1 ;-4.21 ;0 ;0 ;0 ;0 ;0 ;0 ;1 ;0 ;0 ;0 ;1 ;
10.44134 ;0 ; ;0 ;1 ;-4.21 ;0 ;0 ;0 ;0 ;0 ;0 ;1 ;0 ;0 ;0 ;1 ;
10.46134 ;0 ; ;0 ;1 ;-4.21 ;0 ;0 ;0 ;0 ;0 ;0 ;1 ;0 ;0 ;0 ;1 ;
10.48134 ;0 ; ;0 ;1 ;-4.21 ;0 ;0 ;0 ;0 ;0 ;0 ;1 ;0 ;0 ;0 ;1 ;
10.50134 ;0 ; ;0 ;1 ;-4.21 ;0 ;0 ;0 ;0 ;0 ;0 ;1 ;0 ;0 ;0 ;1 ;
10.52134 ;0 ; ;0 ;1 ;-4.21 ;0 ;0 ;0 ;0 ;0 ;0 ;1 ;0 ;0 ;0 ;1 ;
10.54134 ;0 ; ;0 ;1 ;-4.21 ;0 ;0 ;0 ;0 ;0 ;0 ;1 ;0 ;0 ;0 ;1 ;
10.56134 ;0 ; ;0 ;1 ;-4.21 ;0 ;0 ;0 ;0 ;0 ;0 ;1 ;0 ;0 ;0 ;1 ;
10.58134 ;0 ; ;0 ;1 ;-4.21 ;0 ;0 ;0 ;0 ;0 ;0 ;1 ;0 ;0 ;0 ;1 ;
10.60134 ;0 ; ;0 ;1 ;-4.21 ;0 ;0 ;0 ;0 ;0 ;0 ;1 ;0 ;0 ;0 ;1 ;
10.62134 ;0 ; ;0 ;1 ;-4.21 ;0 ;0 ;0 ;0 ;0 ;0 ;1 ;0 ;0 ;0 ;1 ;
10.64134 ;0 ; ;0 ;1 ;-4.21 ;0 ;0 ;0 ;0 ;0 ;0 ;1 ;0 ;0 ;0 ;1 ;
10.66134 ;0 ; ;0 ;1 ;-4.21 ;0 ;0 ;0 ;0 ;0 ;0 ;1 ;0 ;0 ;0 ;1 ;
10.68134 ;0 ; ;0 ;1 ;-4.21 ;0 ;0 ;0 ;0 ;0 ;0 ;1 ;0 ;0 ;0 ;1 ;
10.70134 ;0 ; ;0 ;1 ;-4.21 ;0 ;0 ;0 ;0 ;0 ;0 ;1 ;0 ;0 ;0 ;1 ;
10.72134 ;0 ; ;0 ;1 ;-4.21 ;0 ;0 ;0 ;0 ;0 ;0 ;1 ;0 ;0 ;0 ;1 ;
10.74134 ;0 ; ;0 ;1 ;-4.21 ;0 ;0 ;0 ;0 ;0 ;0 ;1 ;0 ;0 ;0 ;1 ;
10.76134 ;0 ; ;0 ;1 ;-4.21 ;0 ;0 ;0 ;0 ;0 ;0 ;1 ;0 ;0 ;0 ;1 ;
10.78134 ;0 ; ;0 ;1 ;-4.21 ;0 ;0 ;0 ;0 ;0 ;0 ;1 ;0 ;0 ;0 ;1 ;
10.80134 ;0 ; ;0 ;1 ;-4.21 ;0 ;0 ;0 ;0 ;0 ;0 ;1 ;0 ;0 ;0 ;1 ;
10.82134 ;0 ; ;0 ;1 ;-4.21 ;0 ;0 ;0 ;0 ;0 ;0 ;1 ;0 ;0 ;0 ;1 ;
10.84134 ;0 ; ;0 ;1 ;-4.21 ;0 ;0 ;0 ;0 ;0 ;0 ;1 ;0 ;0 ;0 ;1 ;
10.86134 ;0 ; ;0 ;1 ;-4.21 ;0 ;0 ;0 ;0 ;0 ;0 ;1 ;0 ;0 ;0 ;1 ;
10.88134 ;0 ; ;0 ;1 ;-4.21 ;0 ;0 ;0 ;0 ;0 ;0 ;1 ;0 ;0 ;0 ;1 ;
10.90134 ;0 ; ;0 ;1 ;-4.21 ;0 ;0 ;0 ;0 ;0 ;0 ;1 ;0 ;0 ;0 ;1 ;
10.92134 ;0 ; ;0 ;1 ;-4.21 ;0 ;0 ;0 ;0 ;0 ;0 ;1 ;0 ;0 ;0 ;1 ;
10.94134 ;0 ; ;0 ;1 ;-4.21 ;0 ;0 ;0 ;0 ;0 ;0 ;1 ;0 ;0 ;0 ;1 ;
10.96134 ;0 ; ;0 ;1 ;-4.21 ;0 ;0 ;0 ;0 ;0 ;0 ;1 ;0 ;0 ;0 ;1 ;
10.98134 ;0 ; ;0 ;1 ;-4.21 ;0 ;0 ;0 ;0 ;0 ;0 ;1 ;0 ;0 ;0 ;1 ;
11.00134 ;0 ; ;0 ;1 ;-4.21 ;0 ;0 ;0 ;0 ;0 ;0 ;1 ;0 ;0 ;0 ;1 ;
11.02134 ;0 ; ;0 ;1 ;-4.21 ;0 ;0 ;0 ;0 ;0 ;0 ;1 ;0 ;0 ;0 ;1 ;
11.04134 ;0 ; ;0 ;1 ;-4.21 ;0 ;0 ;0 ;0 ;0 ;0 ;1 ;0 ;0 ;0 ;1 ;
11.06134 ;0 ; ;0 ;1 ;-4.21 ;0 ;0 ;0 ;0 ;0 ;0 ;1 ;0 ;0 ;0 ;1 ;
11.08134 ;0 ; ;0 ;1 ;-4.21 ;0 ;0 ;0 ;0 ;0 ;0 ;1 ;0 ;0 ;0 ;1 ;
11.10134 ;0 ; ;0 ;1 ;-4.21 ;0 ;0 ;0 ;0 ;0 ;0 ;1 ;0 ;0 ;0 ;1 ;
11.12134 ;0 ; ;0 ;1 ;-4.21 ;0 ;0 ;0 ;0 ;0 ;0 ;1 ;0 ;0 ;0 ;1 ;
11.14134 ;0 ; ;0 ;1 ;-4.21 ;0 ;0 ;0 ;0 ;0 ;0 ;1 ;0 ;0 ;0 ;1 ;
11.16134 ;0 ; ;0 ;1 ;-4.21 ;0 ;0 ;0 ;0 ;0 ;0 ;1 ;0 ;0 ;0 ;1 ;
11.18134 ;0 ; ;0 ;1 ;-4.21 ;0 ;0 ;0 ;0 ;0 ;0 ;1 ;0 ;0 ;0 ;1 ;
11.20134 ;0 ; ;0 ;1 ;-4.21 ;0 ;0 ;0 ;0 ;0 ;0 ;1 ;0 ;0 ;0 ;1 ;
11.22134 ;0 ; ;0 ;1 ;-4.21 ;0 ;0 ;0 ;0 ;0 ;0 ;1 ;0 ;0 ;0 ;1 ;
11.24134 ;0 ; ;0 ;1 ;-4.21 ;0 ;0 ;0 ;0 ;0 ;0 ;1 ;0 ;0 ;0 ;1 ;
11.26134 ;0 ; ;0 ;1 ;-4.21 ;0 ;0 ;0 ;0 ;0 ;0 ;1 ;0 ;0 ;0 ;1 ;
11.28134 ;0 ; ;0 ;1 ;-4.21 ;0 ;0 ;0 ;0 ;0 ;0 ;1 ;0 ;0 ;0 ;1 ;
11.30134 ;0 ; ;0 ;1 ;-4.21 ;0 ;0 ;0 ;0 ;0 ;0 ;1 ;0 ;0 ;0 ;1 ;
11.32134 ;0 ; ;0 ;1 ;-4.21 ;0 ;0 ;0 ;0 ;0 ;0 ;1 ;0 ;0 ;0 ;1 ;
11.34134 ;0 ; ;0 ;1 ;-4.21 ;0 ;0 ;0 ;0 ;0 ;0 ;1 ;0 ;0 ;0 ;1 ;
11.36134 ;0 ; ;0 ;1 ;-4.21 ;0 ;0 ;0 ;0 ;0 ;0 ;1 ;0 ;0 ;0 ;1 ;
11.38134 ;0 ; ;0 ;1 ;-4.21 ;0 ;0 ;0 ;0 ;0 ;0 ;1 ;0 ;0 ;0 ;1 ;
11.40134 ;0 ; ;0 ;1 ;-4.21 ;0 ;0 ;0 ;0 ;0 ;0 ;1 ;0 ;0 ;0 ;1 ;
11.42134 ;0 ; ;0 ;1 ;-4.21 ;0 ;0 ;0 ;0 ;0 ;0 ;1 ;0 ;0 ;0 ;1 ;
11.44134 ;0 ; ;0 ;1 ;-4.21 ;0 ;0 ;0 ;0 ;0 ;0 ;1 ;0 ;0 ;0 ;1 ;
11.46134 ;0 ; ;0 ;1 ;-4.21 ;0 ;0 ;0 ;0 ;0 ;0 ;1 ;0 ;0 ;0 ;1 ;
11.48134 ;0 ; ;0 ;1 ;-4.21 ;0 ;0 ;0 ;0 ;0 ;0 ;1 ;0 ;0 ;0 ;1 ;
11.50134 ;0 ; ;0 ;1 ;-4.21 ;0 ;0 ;0 ;0 ;0 ;0 ;1 ;0 ;0 ;0 ;1 ;
11.52134 ;0 ; ;0 ;1 ;-4.21 ;0 ;0 ;0 ;0 ;0 ;0 ;1 ;0 ;0 ;0 ;1 ;
11.54134 ;0 ; ;0 ;1 ;-4.21 ;0 ;0 ;0 ;0 ;0 ;0 ;1 ;0 ;0 ;0 ;1 ;
11.56134 ;0 ; ;0 ;1 ;-4.21 ;0 ;0 ;0 ;0 ;0 ;0 ;1 ;0 ;0 ;0 ;1 ;
11.58134 ;0 ; ;0 ;1 ;-4.21 ;0 ;0 ;0 ;0 ;0 ;0 ;1 ;0 ;0 ;0 ;1 ;
11.60134 ;0 ; ;0 ;1 ;-4.21 ;0 ;0 ;0 ;0 ;0 ;0 ;1 ;0 ;0 ;0 ;1 ;
11.62134 ;0 ; ;0 ;1 ;-4.21 ;0 ;0 ;0 ;0 ;0 ;0 ;1 ;0 ;0 ;0 ;1 ;
11.64134 ;0 ; ;0 ;1 ;-4.21 ;0 ;0 ;0 ;0 ;0 ;0 ;1 ;0 ;0 ;0 ;1 ;
11.66134 ;0 ; ;0 ;1 ;-4.21 ;0 ;0 ;0 ;0 ;0 ;0 ;1 ;0 ;0 ;0 ;1 ;
11.68134 ;0 ; ;0 ;1 ;-4.21 ;0 ;0 ;0 ;0 ;0 ;0 ;1 ;0 ;0 ;0 ;1 ;
11.70134 ;0 ; ;0 ;1 ;-4.21 ;0 ;0 ;0 ;0 ;0 ;0 ;1 ;0 ;0 ;0 ;1 ;
11.72134 ;0 ; ;0 ;1 ;-4.21 ;0 ;0 ;0 ;0 ;0 ;0 ;1 ;0 ;0 ;0 ;1 ;
11.74134 ;0 ; ;0 ;1 ;-4.21 ;0 ;0 ;0 ;0 ;0 ;0 ;1 ;0 ;0 ;0 ;1 ;
11.76134 ;0 ; ;0 ;1 ;-4.21 ;0 ;0 ;0 ;0 ;0 ;0 ;1 ;0 ;0 ;0 ;1 ;
11.78134 ;0 ; ;0 ;1 ;-4.21 ;0 ;0 ;0 ;0 ;0 ;0 ;1 ;0 ;0 ;0 ;1 ;
11.80134 ;0 ; ;0 ;1 ;-4.21 ;0 ;0 ;0 ;0 ;0 ;0 ;1 ;0 ;0 ;0 ;1 ;
11.82134 ;0 ; ;0 ;1 ;-4.21 ;0 ;0 ;0 ;0 ;0 ;0 ;1 ;0 ;0 ;0 ;1 ;
11.84134 ;0 ; ;0 ;1 ;-4.21 ;0 ;0 ;0 ;0 ;0 ;0 ;1 ;0 ;0 ;0 ;1 ;
11.86134 ;0 ; ;0 ;1 ;-4.21 ;0 ;0 ;0 ;0 ;0 ;0 ;1 ;0 ;0 ;0 ;1 ;
11.88134 ;0 ; ;0 ;1 ;-4.21 ;0 ;0 ;0 ;0 ;0 ;0 ;1 ;0 ;0 ;0 ;1 ;
11.90134 ;0 ; ;0 ;1 ;-4.21 ;0 ;0 ;0 ;0 ;0 ;0 ;1 ;0 ;0 ;0 ;1 ;
11.92134 ;0 ; ;0 ;1 ;-4.21 ;0 ;0 ;0 ;0 ;0 ;0 ;1 ;0 ;0 ;0 ;1 ;
11.94134 ;0 ; ;0 ;1 ;-4.21 ;0 ;0 ;0 ;0 ;0 ;0 ;1 ;0 ;0 ;0 ;1 ;
11.96134 ;0 ; ;0 ;1 ;-4.21 ;0 ;0 ;0 ;0 ;0 ;0 ;1 ;0 ;0 ;0 ;1 ;
11.98134 ;0 ; ;0 ;1 ;-4.21 ;0 ;0 ;0 ;0 ;0 ;0 ;1 ;0 ;0 ;0 ;1 ;
12.00134 ;0 ; ;0 ;1 ;-4.21 ;0 ;0 ;0 ;0 ;0 ;0 ;1 ;0 ;0 ;0 ;1 ;
12.02134 ;0 ; ;0 ;1 ;-4.21 ;0 ;0 ;0 ;0 ;0 ;0 ;1 ;0 ;0 ;0 ;1 ;
12.04134 ;0 ; ;0 ;1 ;-4.21 ;0 ;0 ;0 ;0 ;0 ;0 ;1 ;0 ;0 ;0 ;1 ;
12.06134 ;0 ; ;0 ;1 ;-4.21 ;0 ;0 ;0 ;0 ;0 ;0 ;1 ;0 ;0 ;0 ;1 ;
12.08134 ;0 ; ;0 ;1 ;-4.21 ;0 ;0 ;0 ;0 ;0 ;0 ;1 ;0 ;0 ;0 ;1 ;
12.10134 ;0 ; ;0 ;1 ;-4.21 ;0 ;0 ;0 ;0 ;0 ;0 ;1 ;0 ;0 ;0 ;1 ;
12.12134 ;0 ; ;0 ;1 ;-4.21 ;0 ;0 ;0 ;0 ;0 ;0 ;1 ;0 ;0 ;0 ;1 ;
12.14134 ;0 ; ;0 ;1 ;-4.21 ;0 ;0 ;0 ;0 ;0 ;0 ;1 ;0 ;0 ;0 ;1 ;
12.16134 ;0 ; ;0 ;1 ;-4.21 ;0 ;0 ;0 ;0 ;0 ;0 ;1 ;0 ;0 ;0 ;1 ;
12.18134 ;0 ; ;0 ;1 ;-4.21 ;0 ;0 ;0 ;0 ;0 ;0 ;1 ;0 ;0 ;0 ;1 ;
12.20134 ;0 ; ;0 ;1 ;-4.21 ;0 ;0 ;0 ;0 ;0 ;0 ;1 ;0 ;0 ;0 ;1 ;
12.22134 ;0 ; ;0 ;1 ;-4.21 ;0 ;0 ;0 ;0 ;0 ;0 ;1 ;0 ;0 ;0 ;1 ;
12.24134 ;0 ; ;0 ;1 ;-4.21 ;0 ;0 ;0 ;0 ;0 ;0 ;1 ;0 ;0 ;0 ;1 ;
12.26134 ;0 ; ;0 ;1 ;-4.21 ;0 ;0 ;0 ;0 ;0 ;0 ;1 ;0 ;0 ;0 ;1 ;
12.28134 ;0 ; ;0 ;1 ;-4.21 ;0 ;0 ;0 ;0 ;0 ;0 ;1 ;0 ;0 ;0 ;1 ;
12.30134 ;0 ; ;0 ;1 ;-4.21 ;0 ;0 ;0 ;0 ;0 ;0 ;1 ;0 ;0 ;0 ;1 ;
12.32134 ;0 ; ;0 ;1 ;-4.21 ;0 ;0 ;0 ;0 ;0 ;0 ;1 ;0 ;0 ;0 ;1 ;
12.34134 ;0 ; ;0 ;1 ;-4.21 ;0 ;0 ;0 ;0 ;0 ;0 ;1 ;0 ;0 ;0 ;1 ;
12.36134 ;0 ; ;0 ;1 ;-4.21 ;0 ;0 ;0 ;0 ;0 ;0 ;1 ;0 ;0 ;0 ;1 ;
12.38134 ;0 ; ;0 ;1 ;-4.21 ;0 ;0 ;0 ;0 ;0 ;0 ;1 ;0 ;0 ;0 ;1 ;
12.40134 ;0 ; ;0 ;1 ;-4.21 ;0 ;0 ;0 ;0 ;0 ;0 ;1 ;0 ;0 ;0 ;1 ;
12.42134 ;0 ; ;0 ;1 ;-4.21 ;0 ;0 ;0 ;0 ;0 ;0 ;1 ;0 ;0 ;0 ;1 ;
12.44134 ;0 ; ;0 ;1 ;-4.21 ;0 ;0 ;0 ;0 ;0 ;0 ;1 ;0 ;0 ;0 ;1 ;
12.46134 ;0 ; ;0 ;1 ;-4.21 ;0 ;0 ;0 ;0 ;0 ;0 ;1 ;0 ;0 ;0 ;1 ;
12.48134 ;0 ; ;0 ;1 ;-4.21 ;0 ;0 ;0 ;0 ;0 ;0 ;1 ;0 ;0 ;0 ;1 ;
12.50134 ;0 ; ;0 ;1 ;-4.21 ;0 ;0 ;0 ;0 ;0 ;0 ;1 ;0 ;0 ;0 ;1 ;
12.52134 ;0 ; ;0 ;1 ;-4.21 ;0 ;0 ;0 ;0 ;0 ;0 ;1 ;0 ;0 ;0 ;1 ;
12.54134 ;0 ; ;0 ;1 ;-4.21 ;0 ;0 ;0 ;0 ;0 ;0 ;1 ;0 ;0 ;0 ;1 ;
12.56134 ;0 ; ;0 ;1 ;-4.21 ;0 ;0 ;0 ;0 ;0 ;0 ;1 ;0 ;0 ;0 ;1 ;
12.58134 ;0 ; ;0 ;1 ;-4.21 ;0 ;0 ;0 ;0 ;0 ;0 ;1 ;0 ;0 ;0 ;1 ;
12.60134 ;0 ; ;0 ;1 ;-4.21 ;0 ;0 ;0 ;0 ;0 ;0 ;1 ;0 ;0 ;0 ;1 ;
12.62134 ;0 ; ;0 ;1 ;-4.21 ;0 ;0 ;0 ;0 ;0 ;0 ;1 ;0 ;0 ;0 ;1 ;
12.64134 ;0 ; ;0 ;1 ;-4.21 ;0 ;0 ;0 ;0 ;0 ;0 ;1 ;0 ;0 ;0 ;1 ;
12.66134 ;0 ; ;0 ;1 ;-4.21 ;0 ;0 ;0 ;0 ;0 ;0 ;1 ;0 ;0 ;0 ;1 ;
12.68134 ;0 ; ;0 ;1 ;-4.21 ;0 ;0 ;0 ;0 ;0 ;0 ;1 ;0 ;0 ;0 ;1 ;
12.70134 ;0 ; ;0 ;1 ;-4.21 ;0 ;0 ;0 ;0 ;0 ;0 ;1 ;0 ;0 ;0 ;1 ;
12.72134 ;0 ; ;0 ;1 ;-4.21 ;0 ;0 ;0 ;0 ;0 ;0 ;1 ;0 ;0 ;0 ;1 ;
12.74134 ;0 ; ;0 ;1 ;-4.21 ;0 ;0 ;0 ;0 ;0 ;0 ;1 ;0 ;0 ;0 ;1 ;
12.76134 ;0 ; ;0 ;1 ;-4.21 ;0 ;0 ;0 ;0 ;0 ;0 ;1 ;0 ;0 ;0 ;1 ;
12.78134 ;0 ; ;0 ;1 ;-4.21 ;0 ;0 ;0 ;0 ;0 ;0 ;1 ;0 ;0 ;0 ;1 ;
12.80134 ;0 ; ;0 ;1 ;-4.21 ;0 ;0 ;0 ;0 ;0 ;0 ;1 ;0 ;0 ;0 ;1 ;
12.82134 ;0 ; ;0 ;1 ;-4.21 ;0 ;0 ;0 ;0 ;0 ;0 ;1 ;0 ;0 ;0 ;1 ;
12.84134 ;0 ; ;0 ;1 ;-4.21 ;0 ;0 ;0 ;0 ;0 ;0 ;1 ;0 ;0 ;0 ;1 ;
12.86134 ;0 ; ;0 ;1 ;-4.21 ;0 ;0 ;0 ;0 ;0 ;0 ;1 ;0 ;0 ;0 ;1 ;
12.88134 ;0 ; ;0 ;1 ;-4.21 ;0 ;0 ;0 ;0 ;0 ;0 ;1 ;0 ;0 ;0 ;1 ;
12.90134 ;0 ; ;0 ;1 ;-4.21 ;0 ;0 ;0 ;0 ;0 ;0 ;1 ;0 ;0 ;0 ;1 ;
12.92134 ;0 ; ;0 ;1 ;-4.21 ;0 ;0 ;0 ;0 ;0 ;0 ;1 ;0 ;0 ;0 ;1 ;
12.94134 ;0 ; ;0 ;1 ;-4.21 ;0 ;0 ;0 ;0 ;0 ;0 ;1 ;0 ;0 ;0 ;1 ;
12.96134 ;0 ; ;0 ;1 ;-4.21 ;0 ;0 ;0 ;0 ;0 ;0 ;1 ;0 ;0 ;0 ;1 ;
12.98134 ;0 ; ;0 ;1 ;-4.21 ;0 ;0 ;0 ;0 ;0 ;0 ;1 ;0 ;0 ;0 ;1 ;
13.00134 ;0 ; ;0 ;1 ;-4.21 ;0 ;0 ;0 ;0 ;0 ;0 ;1 ;0 ;0 ;0 ;1 ;
13.02134 ;0 ; ;0 ;1 ;-4.21 ;0 ;0 ;0 ;0 ;0 ;0 ;1 ;0 ;0 ;0 ;1 ;
13.04134 ;0 ; ;0 ;1 ;-4.21 ;0 ;0 ;0 ;0 ;0 ;0 ;1 ;0 ;0 ;0 ;1 ;
13.06134 ;0 ; ;0 ;1 ;-4.21 ;0 ;0 ;0 ;0 ;0 ;0 ;1 ;0 ;0 ;0 ;1 ;
13.08134 ;0 ; ;0 ;1 ;-4.21 ;0 ;0 ;0 ;0 ;0 ;0 ;1 ;0 ;0 ;0 ;1 ;
13.10134 ;0 ; ;0 ;1 ;-4.21 ;0 ;0 ;0 ;0 ;0 ;0 ;1 ;0 ;0 ;0 ;1 ;
13.12134 ;0 ; ;0 ;1 ;-4.21 ;0 ;0 ;0 ;0 ;0 ;0 ;1 ;0 ;0 ;0 ;1 ;
13.14134 ;0 ; ;0 ;1 ;-4.21 ;0 ;0 ;0 ;0 ;0 ;0 ;1 ;0 ;0 ;0 ;1 ;
13.16134 ;0 ; ;0 ;1 ;-4.21 ;0 ;0 ;0 ;0 ;0 ;0 ;1 ;0 ;0 ;0 ;1 ;
13.18134 ;0 ; ;0 ;1 ;-4.21 ;0 ;0 ;0 ;0 ;0 ;0 ;1 ;0 ;0 ;0 ;1 ;
13.20134 ;0 ; ;0 ;1 ;-4.21 ;0 ;0 ;0 ;0 ;0 ;0 ;1 ;0 ;0 ;0 ;1 ;
13.22134 ;0 ; ;0 ;1 ;-4.21 ;0 ;0 ;0 ;0 ;0 ;0 ;1 ;0 ;0 ;0 ;1 ;
13.24134 ;0 ; ;0 ;1 ;-4.21 ;0 ;0 ;0 ;0 ;0 ;0 ;1 ;0 ;0 ;0 ;1 ;
13.26134 ;0 ; ;0 ;1 ;-4.21 ;0 ;0 ;0 ;0 ;0 ;0 ;1 ;0 ;0 ;0 ;1 ;
13.28134 ;0 ; ;0 ;1 ;-4.21 ;0 ;0 ;0 ;0 ;0 ;0 ;1 ;0 ;0 ;0 ;1 ;
13.30134 ;0 ; ;0 ;1 ;-4.21 ;0 ;0 ;0 ;0 ;0 ;0 ;1 ;0 ;0 ;0 ;1 ;
13.32134 ;0 ; ;0 ;1 ;-4.21 ;0 ;0 ;0 ;0 ;0 ;0 ;1 ;0 ;0 ;0 ;1 ;
